{"asctime": "2026-02-26 23:20:38,111", "levelname": "INFO", "message": "", "url": "/users/login", "method": "POST", "process_time": 5.395232677459717, "taskName": "starlette.middleware.base.BaseHTTPMiddleware.__call__.<locals>.call_next.<locals>.coro"}
{"asctime": "2026-02-26 23:20:57,087", "levelname": "INFO", "message": "", "url": "/users/login", "method": "POST", "process_time": 0.8676869869232178, "taskName": "starlette.middleware.base.BaseHTTPMiddleware.__call__.<locals>.call_next.<locals>.coro"}
{"asctime": "2026-02-26 23:32:53,736", "levelname": "INFO", "message": "", "url": "/users/login", "method": "POST", "process_time": 1.1738355159759521, "taskName": "starlette.middleware.base.BaseHTTPMiddleware.__call__.<locals>.call_next.<locals>.coro"}
{"asctime": "2026-02-26 23:35:10,309", "levelname": "INFO", "message": "", "url": "/users/logout", "method": "POST", "process_time": 0.005150318145751953, "taskName": "starlette.middleware.base.BaseHTTPMiddleware.__call__.<locals>.call_next.<locals>.coro"}
{"asctime": "2026-02-26 23:35:10,332", "levelname": "INFO", "message": "", "url": "/users/refresh", "method": "POST", "process_time": 0.003186464309692383, "taskName": "starlette.middleware.base.BaseHTTPMiddleware.__call__.<locals>.call_next.<locals>.coro"}
{"asctime": "2026-02-26 23:35:45,937", "levelname": "INFO", "message": "", "url": "/users/register", "method": "POST", "process_time": 11.609144687652588, "taskName": "starlette.middleware.base.BaseHTTPMiddleware.__call__.<locals>.call_next.<locals>.coro"}
{"asctime": "2026-02-26 23:36:00,795", "levelname": "INFO", "message": "", "url": "/users/register", "method": "POST", "process_time": 0.00602269172668457, "taskName": "starlette.middleware.base.BaseHTTPMiddleware.__call__.<locals>.call_next.<locals>.coro"}
{"asctime": "2026-02-26 23:36:40,779", "levelname": "INFO", "message": "", "url": "/users/register", "method": "POST", "process_time": 0.12387847900390625, "taskName": "starlette.middleware.base.BaseHTTPMiddleware.__call__.<locals>.call_next.<locals>.coro"}
{"asctime": "2026-02-26 23:36:59,060", "levelname": "INFO", "message": "", "url": "/users/register", "method": "POST", "process_time": 0.09332966804504395, "taskName": "starlette.middleware.base.BaseHTTPMiddleware.__call__.<locals>.call_next.<locals>.coro"}
{"asctime": "2026-02-26 23:37:06,720", "levelname": "INFO", "message": "", "url": "/users/register", "method": "POST", "process_time": 0.10688328742980957, "taskName": "starlette.middleware.base.BaseHTTPMiddleware.__call__.<locals>.call_next.<locals>.coro"}
{"asctime": "2026-02-26 23:56:10,270", "levelname": "INFO", "message": "", "url": "/users/register", "method": "POST", "process_time": 0.39104318618774414, "taskName": "starlette.middleware.base.BaseHTTPMiddleware.__call__.<locals>.call_next.<locals>.coro"}
{"asctime": "2026-02-26 23:58:32,366", "levelname": "INFO", "message": "", "url": "/users/register", "method": "POST", "process_time": 0.0037848949432373047, "taskName": "starlette.middleware.base.BaseHTTPMiddleware.__call__.<locals>.call_next.<locals>.coro"}
{"asctime": "2026-02-26 23:59:48,798", "levelname": "INFO", "message": "", "url": "/users/register", "method": "POST", "process_time": 0.0049419403076171875, "taskName": "starlette.middleware.base.BaseHTTPMiddleware.__call__.<locals>.call_next.<locals>.coro"}
{"asctime": "2026-02-27 00:00:12,943", "levelname": "INFO", "message": "", "url": "/users/register", "method": "POST", "process_time": 0.012004375457763672, "taskName": "starlette.middleware.base.BaseHTTPMiddleware.__call__.<locals>.call_next.<locals>.coro"}
{"asctime": "2026-02-27 00:02:48,514", "levelname": "INFO", "message": "", "url": "/users/register", "method": "POST", "process_time": 0.01613330841064453, "taskName": "starlette.middleware.base.BaseHTTPMiddleware.__call__.<locals>.call_next.<locals>.coro"}
{"asctime": "2026-02-27 00:05:12,213", "levelname": "INFO", "message": "", "url": "/users/register", "method": "POST", "process_time": 2.10068941116333, "taskName": "starlette.middleware.base.BaseHTTPMiddleware.__call__.<locals>.call_next.<locals>.coro"}
{"asctime": "2026-02-27 00:13:25,916", "levelname": "INFO", "message": "", "url": "/users/register", "method": "POST", "process_time": 1.1142833232879639, "taskName": "starlette.middleware.base.BaseHTTPMiddleware.__call__.<locals>.call_next.<locals>.coro"}
{"asctime": "2026-02-27 00:13:34,553", "levelname": "INFO", "message": "", "url": "/users/register", "method": "POST", "process_time": 0.6215684413909912, "taskName": "starlette.middleware.base.BaseHTTPMiddleware.__call__.<locals>.call_next.<locals>.coro"}
{"asctime": "2026-02-27 00:13:43,468", "levelname": "INFO", "message": "", "url": "/users/register", "method": "POST", "process_time": 0.7018139362335205, "taskName": "starlette.middleware.base.BaseHTTPMiddleware.__call__.<locals>.call_next.<locals>.coro"}
{"asctime": "2026-02-27 00:15:27,893", "levelname": "INFO", "message": "", "url": "/users/register", "method": "POST", "process_time": 0.36490511894226074, "taskName": "starlette.middleware.base.BaseHTTPMiddleware.__call__.<locals>.call_next.<locals>.coro"}
{"asctime": "2026-02-27 00:15:40,682", "levelname": "INFO", "message": "", "url": "/users/register", "method": "POST", "process_time": 0.46586060523986816, "taskName": "starlette.middleware.base.BaseHTTPMiddleware.__call__.<locals>.call_next.<locals>.coro"}
{"asctime": "2026-02-27 00:22:57,471", "levelname": "INFO", "message": "", "url": "/users/register", "method": "POST", "process_time": 2.3486881256103516, "taskName": "starlette.middleware.base.BaseHTTPMiddleware.__call__.<locals>.call_next.<locals>.coro"}
{"asctime": "2026-02-27 00:23:17,104", "levelname": "INFO", "message": "", "url": "/users/register", "method": "POST", "process_time": 8.891572952270508, "taskName": "starlette.middleware.base.BaseHTTPMiddleware.__call__.<locals>.call_next.<locals>.coro"}
{"asctime": "2026-02-27 00:27:14,488", "levelname": "INFO", "message": "", "url": "/users/register", "method": "POST", "process_time": 4.675550937652588, "taskName": "starlette.middleware.base.BaseHTTPMiddleware.__call__.<locals>.call_next.<locals>.coro"}
{"asctime": "2026-02-27 00:27:39,221", "levelname": "INFO", "message": "", "url": "/users/register", "method": "GET", "process_time": 0.0032281875610351562, "taskName": "starlette.middleware.base.BaseHTTPMiddleware.__call__.<locals>.call_next.<locals>.coro"}
{"asctime": "2026-02-27 00:27:43,828", "levelname": "INFO", "message": "", "url": "/users/register", "method": "GET", "process_time": 0.0, "taskName": "starlette.middleware.base.BaseHTTPMiddleware.__call__.<locals>.call_next.<locals>.coro"}
{"asctime": "2026-02-27 00:29:41,296", "levelname": "INFO", "message": "", "url": "/users/register", "method": "POST", "process_time": 2.8894665241241455, "taskName": "starlette.middleware.base.BaseHTTPMiddleware.__call__.<locals>.call_next.<locals>.coro"}
{"asctime": "2026-02-27 00:31:14,804", "levelname": "INFO", "message": "", "url": "/users/register", "method": "POST", "process_time": 2.568021297454834, "taskName": "starlette.middleware.base.BaseHTTPMiddleware.__call__.<locals>.call_next.<locals>.coro"}
{"asctime": "2026-02-27 00:31:58,460", "levelname": "INFO", "message": "", "url": "/users/register", "method": "POST", "process_time": 5.798726797103882, "taskName": "starlette.middleware.base.BaseHTTPMiddleware.__call__.<locals>.call_next.<locals>.coro"}
{"asctime": "2026-02-27 00:32:20,141", "levelname": "INFO", "message": "", "url": "/users/register", "method": "POST", "process_time": 3.4589459896087646, "taskName": "starlette.middleware.base.BaseHTTPMiddleware.__call__.<locals>.call_next.<locals>.coro"}
{"asctime": "2026-02-27 00:36:09,466", "levelname": "INFO", "message": "", "url": "/users/register", "method": "POST", "process_time": 4.880480527877808, "taskName": "starlette.middleware.base.BaseHTTPMiddleware.__call__.<locals>.call_next.<locals>.coro"}
{"asctime": "2026-02-27 00:36:24,999", "levelname": "INFO", "message": "", "url": "/users/register", "method": "POST", "process_time": 3.341665506362915, "taskName": "starlette.middleware.base.BaseHTTPMiddleware.__call__.<locals>.call_next.<locals>.coro"}
{"asctime": "2026-02-27 00:37:28,589", "levelname": "INFO", "message": "", "url": "/users/register", "method": "POST", "process_time": 1.9850404262542725, "taskName": "starlette.middleware.base.BaseHTTPMiddleware.__call__.<locals>.call_next.<locals>.coro"}
{"asctime": "2026-02-27 00:47:08,503", "levelname": "INFO", "message": "", "url": "/users/register", "method": "POST", "process_time": 0.9973106384277344, "taskName": "starlette.middleware.base.BaseHTTPMiddleware.__call__.<locals>.call_next.<locals>.coro"}
{"asctime": "2026-02-27 00:47:45,976", "levelname": "INFO", "message": "", "url": "/users/login", "method": "POST", "process_time": 0.5209143161773682, "taskName": "starlette.middleware.base.BaseHTTPMiddleware.__call__.<locals>.call_next.<locals>.coro"}
{"asctime": "2026-02-27 00:48:04,302", "levelname": "INFO", "message": "", "url": "/users/logout", "method": "POST", "process_time": 0.0010001659393310547, "taskName": "starlette.middleware.base.BaseHTTPMiddleware.__call__.<locals>.call_next.<locals>.coro"}
{"asctime": "2026-02-27 00:48:04,319", "levelname": "INFO", "message": "", "url": "/users/refresh", "method": "POST", "process_time": 0.0019991397857666016, "taskName": "starlette.middleware.base.BaseHTTPMiddleware.__call__.<locals>.call_next.<locals>.coro"}
{"asctime": "2026-02-27 09:36:34,974", "levelname": "INFO", "message": "", "url": "/", "method": "GET", "process_time": 0.0013642311096191406, "taskName": "starlette.middleware.base.BaseHTTPMiddleware.__call__.<locals>.call_next.<locals>.coro"}
{"asctime": "2026-02-27 09:37:34,874", "levelname": "INFO", "message": "", "url": "/users/login", "method": "POST", "process_time": 2.1358320713043213, "taskName": "starlette.middleware.base.BaseHTTPMiddleware.__call__.<locals>.call_next.<locals>.coro"}
{"asctime": "2026-02-27 09:37:40,355", "levelname": "INFO", "message": "", "url": "/users/logout", "method": "POST", "process_time": 0.2889871597290039, "taskName": "starlette.middleware.base.BaseHTTPMiddleware.__call__.<locals>.call_next.<locals>.coro"}
{"asctime": "2026-02-27 09:51:17,144", "levelname": "INFO", "message": "", "url": "/users/login", "method": "POST", "process_time": 7.18670392036438, "taskName": "starlette.middleware.base.BaseHTTPMiddleware.__call__.<locals>.call_next.<locals>.coro"}
{"asctime": "2026-02-27 09:51:31,045", "levelname": "INFO", "message": "", "url": "/users/logout", "method": "POST", "process_time": 0.0019996166229248047, "taskName": "starlette.middleware.base.BaseHTTPMiddleware.__call__.<locals>.call_next.<locals>.coro"}
{"asctime": "2026-02-27 09:51:31,082", "levelname": "INFO", "message": "", "url": "/users/refresh", "method": "POST", "process_time": 0.0023984909057617188, "taskName": "starlette.middleware.base.BaseHTTPMiddleware.__call__.<locals>.call_next.<locals>.coro"}
{"asctime": "2026-02-27 09:55:30,949", "levelname": "INFO", "message": "", "url": "/users/login", "method": "POST", "process_time": 0.8486440181732178, "taskName": "starlette.middleware.base.BaseHTTPMiddleware.__call__.<locals>.call_next.<locals>.coro"}
{"asctime": "2026-02-27 09:55:34,749", "levelname": "INFO", "message": "", "url": "/users/logout", "method": "POST", "process_time": 0.036502838134765625, "taskName": "starlette.middleware.base.BaseHTTPMiddleware.__call__.<locals>.call_next.<locals>.coro"}
{"asctime": "2026-02-27 10:01:14,452", "levelname": "INFO", "message": "", "url": "/users/login", "method": "POST", "process_time": 0.404599666595459, "taskName": "starlette.middleware.base.BaseHTTPMiddleware.__call__.<locals>.call_next.<locals>.coro"}
{"asctime": "2026-02-27 11:11:45,719", "levelname": "INFO", "message": "", "url": "/users/login", "method": "POST", "process_time": 0.7441730499267578, "taskName": "starlette.middleware.base.BaseHTTPMiddleware.__call__.<locals>.call_next.<locals>.coro"}
{"asctime": "2026-02-27 11:18:42,935", "levelname": "INFO", "message": "", "url": "/", "method": "GET", "process_time": 0.020438671112060547, "taskName": "starlette.middleware.base.BaseHTTPMiddleware.__call__.<locals>.call_next.<locals>.coro"}
{"asctime": "2026-02-27 11:19:04,348", "levelname": "INFO", "message": "", "url": "/users/logout", "method": "POST", "process_time": 0.03595685958862305, "taskName": "starlette.middleware.base.BaseHTTPMiddleware.__call__.<locals>.call_next.<locals>.coro"}
{"asctime": "2026-02-27 11:19:18,757", "levelname": "INFO", "message": "", "url": "/users/login", "method": "POST", "process_time": 0.3515615463256836, "taskName": "starlette.middleware.base.BaseHTTPMiddleware.__call__.<locals>.call_next.<locals>.coro"}
{"asctime": "2026-02-27 11:20:38,972", "levelname": "INFO", "message": "", "url": "/docs", "method": "GET", "process_time": 0.0010013580322265625, "taskName": "starlette.middleware.base.BaseHTTPMiddleware.__call__.<locals>.call_next.<locals>.coro"}
{"asctime": "2026-02-27 11:20:43,705", "levelname": "INFO", "message": "", "url": "/openapi.json", "method": "GET", "process_time": 0.15217065811157227, "taskName": "starlette.middleware.base.BaseHTTPMiddleware.__call__.<locals>.call_next.<locals>.coro"}
{"asctime": "2026-02-27 11:38:03,520", "levelname": "INFO", "message": "", "url": "/docs", "method": "GET", "process_time": 0.001003265380859375, "taskName": "starlette.middleware.base.BaseHTTPMiddleware.__call__.<locals>.call_next.<locals>.coro"}
{"asctime": "2026-02-27 11:38:08,926", "levelname": "INFO", "message": "", "url": "/docs", "method": "GET", "process_time": 0.0, "taskName": "starlette.middleware.base.BaseHTTPMiddleware.__call__.<locals>.call_next.<locals>.coro"}
{"asctime": "2026-02-27 11:38:09,023", "levelname": "INFO", "message": "", "url": "/openapi.json", "method": "GET", "process_time": 0.00730443000793457, "taskName": "starlette.middleware.base.BaseHTTPMiddleware.__call__.<locals>.call_next.<locals>.coro"}
{"asctime": "2026-02-27 11:40:55,875", "levelname": "INFO", "message": "", "url": "/api/v1/users/login", "method": "POST", "process_time": 0.28464818000793457, "taskName": "starlette.middleware.base.BaseHTTPMiddleware.__call__.<locals>.call_next.<locals>.coro"}
{"asctime": "2026-02-27 11:41:27,839", "levelname": "INFO", "message": "", "url": "/api/v1/docs", "method": "GET", "process_time": 0.0, "taskName": "starlette.middleware.base.BaseHTTPMiddleware.__call__.<locals>.call_next.<locals>.coro"}
{"asctime": "2026-02-27 11:41:31,420", "levelname": "INFO", "message": "", "url": "/api/v1/docs", "method": "GET", "process_time": 0.0, "taskName": "starlette.middleware.base.BaseHTTPMiddleware.__call__.<locals>.call_next.<locals>.coro"}
{"asctime": "2026-02-27 11:41:40,949", "levelname": "INFO", "message": "", "url": "/api/v1/docs", "method": "GET", "process_time": 0.0010333061218261719, "taskName": "starlette.middleware.base.BaseHTTPMiddleware.__call__.<locals>.call_next.<locals>.coro"}
{"asctime": "2026-02-27 11:41:42,265", "levelname": "INFO", "message": "", "url": "/api/v1/docs", "method": "GET", "process_time": 0.0, "taskName": "starlette.middleware.base.BaseHTTPMiddleware.__call__.<locals>.call_next.<locals>.coro"}
{"asctime": "2026-02-27 11:41:43,254", "levelname": "INFO", "message": "", "url": "/api/v1/docs", "method": "GET", "process_time": 0.0, "taskName": "starlette.middleware.base.BaseHTTPMiddleware.__call__.<locals>.call_next.<locals>.coro"}
{"asctime": "2026-02-27 11:42:14,274", "levelname": "INFO", "message": "", "url": "/api/v1/users/logout", "method": "POST", "process_time": 0.11457180976867676, "taskName": "starlette.middleware.base.BaseHTTPMiddleware.__call__.<locals>.call_next.<locals>.coro"}
{"asctime": "2026-02-27 11:42:21,896", "levelname": "INFO", "message": "", "url": "/api/v1/users/login", "method": "POST", "process_time": 0.2663540840148926, "taskName": "starlette.middleware.base.BaseHTTPMiddleware.__call__.<locals>.call_next.<locals>.coro"}
{"asctime": "2026-02-27 11:42:46,051", "levelname": "INFO", "message": "", "url": "/docs", "method": "GET", "process_time": 0.0010235309600830078, "taskName": "starlette.middleware.base.BaseHTTPMiddleware.__call__.<locals>.call_next.<locals>.coro"}
{"asctime": "2026-02-27 11:42:46,725", "levelname": "INFO", "message": "", "url": "/openapi.json", "method": "GET", "process_time": 0.003998994827270508, "taskName": "starlette.middleware.base.BaseHTTPMiddleware.__call__.<locals>.call_next.<locals>.coro"}
{"asctime": "2026-02-27 11:51:49,440", "levelname": "INFO", "message": "", "url": "/docs", "method": "GET", "process_time": 0.021249771118164062, "taskName": "starlette.middleware.base.BaseHTTPMiddleware.__call__.<locals>.call_next.<locals>.coro"}
{"asctime": "2026-02-27 11:51:54,096", "levelname": "INFO", "message": "", "url": "/openapi.json", "method": "GET", "process_time": 0.010567665100097656, "taskName": "starlette.middleware.base.BaseHTTPMiddleware.__call__.<locals>.call_next.<locals>.coro"}
{"asctime": "2026-02-27 15:20:50,648", "levelname": "INFO", "message": "", "url": "/", "method": "GET", "process_time": 0.0010273456573486328, "taskName": "starlette.middleware.base.BaseHTTPMiddleware.__call__.<locals>.call_next.<locals>.coro"}
{"asctime": "2026-02-27 15:20:53,946", "levelname": "INFO", "message": "", "url": "/docs", "method": "GET", "process_time": 0.0009286403656005859, "taskName": "starlette.middleware.base.BaseHTTPMiddleware.__call__.<locals>.call_next.<locals>.coro"}
{"asctime": "2026-02-27 15:20:54,089", "levelname": "INFO", "message": "", "url": "/openapi.json", "method": "GET", "process_time": 0.011827468872070312, "taskName": "starlette.middleware.base.BaseHTTPMiddleware.__call__.<locals>.call_next.<locals>.coro"}
{"asctime": "2026-02-27 15:28:24,634", "levelname": "INFO", "message": "", "url": "/docs", "method": "GET", "process_time": 0.010075807571411133, "taskName": "starlette.middleware.base.BaseHTTPMiddleware.__call__.<locals>.call_next.<locals>.coro"}
{"asctime": "2026-02-27 15:28:35,320", "levelname": "INFO", "message": "", "url": "/docs", "method": "GET", "process_time": 0.002019643783569336, "taskName": "starlette.middleware.base.BaseHTTPMiddleware.__call__.<locals>.call_next.<locals>.coro"}
{"asctime": "2026-02-27 15:28:35,394", "levelname": "INFO", "message": "", "url": "/openapi.json", "method": "GET", "process_time": 0.008517980575561523, "taskName": "starlette.middleware.base.BaseHTTPMiddleware.__call__.<locals>.call_next.<locals>.coro"}
{"asctime": "2026-02-27 15:28:41,035", "levelname": "INFO", "message": "", "url": "/api/v1/users/auth/me", "method": "GET", "process_time": 0.0020096302032470703, "taskName": "starlette.middleware.base.BaseHTTPMiddleware.__call__.<locals>.call_next.<locals>.coro"}
{"asctime": "2026-02-27 15:32:55,993", "levelname": "INFO", "message": "", "url": "/api/v1/users/auth/me", "method": "GET", "process_time": 0.0010035037994384766, "taskName": "starlette.middleware.base.BaseHTTPMiddleware.__call__.<locals>.call_next.<locals>.coro"}
{"asctime": "2026-02-27 15:33:19,593", "levelname": "INFO", "message": "", "url": "/api/v1/users/login", "method": "POST", "process_time": 0.33792805671691895, "taskName": "starlette.middleware.base.BaseHTTPMiddleware.__call__.<locals>.call_next.<locals>.coro"}
{"asctime": "2026-02-27 15:39:23,307", "levelname": "INFO", "message": "", "url": "/api/v1/users/login", "method": "POST", "process_time": 0.268202543258667, "taskName": "starlette.middleware.base.BaseHTTPMiddleware.__call__.<locals>.call_next.<locals>.coro"}
{"asctime": "2026-02-27 15:39:27,999", "levelname": "INFO", "message": "", "url": "/api/v1/users/auth/me", "method": "GET", "process_time": 0.014552593231201172, "taskName": "starlette.middleware.base.BaseHTTPMiddleware.__call__.<locals>.call_next.<locals>.coro"}
{"asctime": "2026-02-27 15:43:55,580", "levelname": "INFO", "message": "", "url": "/api/v1/users/refresh", "method": "POST", "process_time": 0.02419304847717285, "taskName": "starlette.middleware.base.BaseHTTPMiddleware.__call__.<locals>.call_next.<locals>.coro"}
{"asctime": "2026-02-27 15:45:35,664", "levelname": "INFO", "message": "", "url": "/api/v1/users/auth/me", "method": "GET", "process_time": 0.0009992122650146484, "taskName": "starlette.middleware.base.BaseHTTPMiddleware.__call__.<locals>.call_next.<locals>.coro"}
{"asctime": "2026-02-27 15:45:40,950", "levelname": "INFO", "message": "", "url": "/api/v1/users/login", "method": "POST", "process_time": 0.14908862113952637, "taskName": "starlette.middleware.base.BaseHTTPMiddleware.__call__.<locals>.call_next.<locals>.coro"}
{"asctime": "2026-02-27 15:45:47,250", "levelname": "INFO", "message": "", "url": "/api/v1/users/auth/me", "method": "GET", "process_time": 0.003016233444213867, "taskName": "starlette.middleware.base.BaseHTTPMiddleware.__call__.<locals>.call_next.<locals>.coro"}
{"asctime": "2026-03-01 11:40:39,567", "levelname": "INFO", "message": "", "url": "/", "method": "GET", "process_time": 0.0009992122650146484, "taskName": "starlette.middleware.base.BaseHTTPMiddleware.__call__.<locals>.call_next.<locals>.coro"}
{"asctime": "2026-03-01 11:40:43,004", "levelname": "INFO", "message": "", "url": "/docs", "method": "GET", "process_time": 0.0010023117065429688, "taskName": "starlette.middleware.base.BaseHTTPMiddleware.__call__.<locals>.call_next.<locals>.coro"}
{"asctime": "2026-03-01 11:40:43,161", "levelname": "INFO", "message": "", "url": "/openapi.json", "method": "GET", "process_time": 0.020299911499023438, "taskName": "starlette.middleware.base.BaseHTTPMiddleware.__call__.<locals>.call_next.<locals>.coro"}
{"asctime": "2026-03-01 11:40:53,651", "levelname": "INFO", "message": "", "url": "/", "method": "GET", "process_time": 0.0, "taskName": "starlette.middleware.base.BaseHTTPMiddleware.__call__.<locals>.call_next.<locals>.coro"}
{"asctime": "2026-03-01 12:20:22,859", "levelname": "INFO", "message": "", "url": "/", "method": "GET", "process_time": 0.002006053924560547, "taskName": "starlette.middleware.base.BaseHTTPMiddleware.__call__.<locals>.call_next.<locals>.coro"}
{"asctime": "2026-03-01 12:20:30,661", "levelname": "INFO", "message": "", "url": "/docs", "method": "GET", "process_time": 0.0, "taskName": "starlette.middleware.base.BaseHTTPMiddleware.__call__.<locals>.call_next.<locals>.coro"}
{"asctime": "2026-03-01 12:20:30,884", "levelname": "INFO", "message": "", "url": "/openapi.json", "method": "GET", "process_time": 0.02461862564086914, "taskName": "starlette.middleware.base.BaseHTTPMiddleware.__call__.<locals>.call_next.<locals>.coro"}
{"asctime": "2026-03-01 12:44:53,680", "levelname": "INFO", "message": "HTTP Request: POST http://localhost:8001/api/v1/users/login \"HTTP/1.1 422 Unprocessable Entity\"", "url": null, "method": null, "process_time": null, "taskName": "starlette.middleware.base.BaseHTTPMiddleware.__call__.<locals>.call_next.<locals>.coro"}
{"asctime": "2026-03-01 12:44:53,683", "levelname": "INFO", "message": "", "url": "/api/v1/users/login", "method": "POST", "process_time": 2.0005314350128174, "taskName": "starlette.middleware.base.BaseHTTPMiddleware.__call__.<locals>.call_next.<locals>.coro"}
{"asctime": "2026-03-01 12:51:17,005", "levelname": "INFO", "message": "HTTP Request: POST http://localhost:8001/api/v1/users/login \"HTTP/1.1 200 OK\"", "url": null, "method": null, "process_time": null, "taskName": "starlette.middleware.base.BaseHTTPMiddleware.__call__.<locals>.call_next.<locals>.coro"}
{"asctime": "2026-03-01 12:51:17,023", "levelname": "INFO", "message": "", "url": "/api/v1/users/login", "method": "POST", "process_time": 2.745105266571045, "taskName": "starlette.middleware.base.BaseHTTPMiddleware.__call__.<locals>.call_next.<locals>.coro"}
{"asctime": "2026-03-01 23:24:35,971", "levelname": "INFO", "message": "", "url": "/", "method": "GET", "process_time": 0.0030028820037841797, "taskName": "starlette.middleware.base.BaseHTTPMiddleware.__call__.<locals>.call_next.<locals>.coro"}
{"asctime": "2026-03-01 23:24:38,995", "levelname": "INFO", "message": "", "url": "/docs", "method": "GET", "process_time": 0.001001596450805664, "taskName": "starlette.middleware.base.BaseHTTPMiddleware.__call__.<locals>.call_next.<locals>.coro"}
{"asctime": "2026-03-01 23:24:39,271", "levelname": "INFO", "message": "", "url": "/openapi.json", "method": "GET", "process_time": 0.10818171501159668, "taskName": "starlette.middleware.base.BaseHTTPMiddleware.__call__.<locals>.call_next.<locals>.coro"}
{"asctime": "2026-03-01 23:26:52,039", "levelname": "INFO", "message": "HTTP Request: GET http://localhost:8001/api/v1/users/login \"HTTP/1.1 405 Method Not Allowed\"", "url": null, "method": null, "process_time": null, "taskName": "starlette.middleware.base.BaseHTTPMiddleware.__call__.<locals>.call_next.<locals>.coro"}
{"asctime": "2026-03-01 23:26:52,044", "levelname": "INFO", "message": "", "url": "/api/v1/users/login", "method": "GET", "process_time": 0.6558449268341064, "taskName": "starlette.middleware.base.BaseHTTPMiddleware.__call__.<locals>.call_next.<locals>.coro"}
{"asctime": "2026-03-02 09:32:10,674", "levelname": "INFO", "message": "", "url": "/docs", "method": "GET", "process_time": 0.002000570297241211, "taskName": "starlette.middleware.base.BaseHTTPMiddleware.__call__.<locals>.call_next.<locals>.coro"}
{"asctime": "2026-03-02 09:32:11,070", "levelname": "INFO", "message": "", "url": "/openapi.json", "method": "GET", "process_time": 0.019843339920043945, "taskName": "starlette.middleware.base.BaseHTTPMiddleware.__call__.<locals>.call_next.<locals>.coro"}
{"asctime": "2026-03-02 10:23:04,692", "levelname": "INFO", "message": "HTTP Request: POST http://localhost:8001/api/v1/users/login \"HTTP/1.1 200 OK\"", "url": null, "method": null, "process_time": null, "taskName": "starlette.middleware.base.BaseHTTPMiddleware.__call__.<locals>.call_next.<locals>.coro"}
{"asctime": "2026-03-02 10:23:04,705", "levelname": "INFO", "message": "", "url": "/api/v1/users/login", "method": "POST", "process_time": 2.9170522689819336, "taskName": "starlette.middleware.base.BaseHTTPMiddleware.__call__.<locals>.call_next.<locals>.coro"}
{"asctime": "2026-03-02 10:35:54,365", "levelname": "INFO", "message": "HTTP Request: POST http://localhost:8001/api/v1/users/login \"HTTP/1.1 200 OK\"", "url": null, "method": null, "process_time": null, "taskName": "starlette.middleware.base.BaseHTTPMiddleware.__call__.<locals>.call_next.<locals>.coro"}
{"asctime": "2026-03-02 10:35:54,366", "levelname": "INFO", "message": "", "url": "/api/v1/users/login", "method": "POST", "process_time": 1.1009202003479004, "taskName": "starlette.middleware.base.BaseHTTPMiddleware.__call__.<locals>.call_next.<locals>.coro"}
{"asctime": "2026-03-02 21:01:39,439", "levelname": "INFO", "message": "", "url": "/docs", "method": "GET", "process_time": 0.0010159015655517578, "taskName": "starlette.middleware.base.BaseHTTPMiddleware.__call__.<locals>.call_next.<locals>.coro"}
{"asctime": "2026-03-02 21:01:40,180", "levelname": "INFO", "message": "", "url": "/openapi.json", "method": "GET", "process_time": 0.24370718002319336, "taskName": "starlette.middleware.base.BaseHTTPMiddleware.__call__.<locals>.call_next.<locals>.coro"}
{"asctime": "2026-03-03 07:15:42,989", "levelname": "INFO", "message": "HTTP Request: POST http://localhost:8001/api/v1/users/login \"HTTP/1.1 500 Internal Server Error\"", "url": null, "method": null, "process_time": null, "taskName": "starlette.middleware.base.BaseHTTPMiddleware.__call__.<locals>.call_next.<locals>.coro"}
{"asctime": "2026-03-03 07:15:42,993", "levelname": "INFO", "message": "", "url": "/api/v1/users/login", "method": "POST", "process_time": 1.4800655841827393, "taskName": "starlette.middleware.base.BaseHTTPMiddleware.__call__.<locals>.call_next.<locals>.coro"}
{"asctime": "2026-03-03 07:16:22,627", "levelname": "INFO", "message": "HTTP Request: POST http://localhost:8001/api/v1/users/login \"HTTP/1.1 200 OK\"", "url": null, "method": null, "process_time": null, "taskName": "starlette.middleware.base.BaseHTTPMiddleware.__call__.<locals>.call_next.<locals>.coro"}
{"asctime": "2026-03-03 07:16:22,630", "levelname": "INFO", "message": "", "url": "/api/v1/users/login", "method": "POST", "process_time": 0.8431344032287598, "taskName": "starlette.middleware.base.BaseHTTPMiddleware.__call__.<locals>.call_next.<locals>.coro"}
{"asctime": "2026-03-03 07:21:04,851", "levelname": "INFO", "message": "HTTP Request: POST http://localhost:8001/api/v1/users/login \"HTTP/1.1 200 OK\"", "url": null, "method": null, "process_time": null, "taskName": "starlette.middleware.base.BaseHTTPMiddleware.__call__.<locals>.call_next.<locals>.coro"}
{"asctime": "2026-03-03 07:21:04,852", "levelname": "INFO", "message": "", "url": "/api/v1/users/login", "method": "POST", "process_time": 0.7071185111999512, "taskName": "starlette.middleware.base.BaseHTTPMiddleware.__call__.<locals>.call_next.<locals>.coro"}
{"asctime": "2026-03-03 07:24:04,859", "levelname": "INFO", "message": "HTTP Request: POST http://localhost:8001/api/v1/users/login \"HTTP/1.1 200 OK\"", "url": null, "method": null, "process_time": null, "taskName": "starlette.middleware.base.BaseHTTPMiddleware.__call__.<locals>.call_next.<locals>.coro"}
{"asctime": "2026-03-03 07:24:04,865", "levelname": "INFO", "message": "", "url": "/api/v1/users/login", "method": "POST", "process_time": 4.126925230026245, "taskName": "starlette.middleware.base.BaseHTTPMiddleware.__call__.<locals>.call_next.<locals>.coro"}
{"asctime": "2026-03-03 07:46:55,749", "levelname": "INFO", "message": "", "url": "/docs", "method": "GET", "process_time": 0.0009992122650146484, "taskName": "starlette.middleware.base.BaseHTTPMiddleware.__call__.<locals>.call_next.<locals>.coro"}
{"asctime": "2026-03-03 07:46:56,226", "levelname": "INFO", "message": "", "url": "/openapi.json", "method": "GET", "process_time": 0.22184348106384277, "taskName": "starlette.middleware.base.BaseHTTPMiddleware.__call__.<locals>.call_next.<locals>.coro"}
{"asctime": "2026-03-03 07:47:07,717", "levelname": "INFO", "message": "HTTP Request: POST http://localhost:8001/api/v1/users/login \"HTTP/1.1 200 OK\"", "url": null, "method": null, "process_time": null, "taskName": "starlette.middleware.base.BaseHTTPMiddleware.__call__.<locals>.call_next.<locals>.coro"}
{"asctime": "2026-03-03 07:47:07,723", "levelname": "INFO", "message": "", "url": "/api/v1/users/login", "method": "POST", "process_time": 1.8230817317962646, "taskName": "starlette.middleware.base.BaseHTTPMiddleware.__call__.<locals>.call_next.<locals>.coro"}
{"asctime": "2026-03-03 07:51:15,615", "levelname": "INFO", "message": "HTTP Request: POST http://localhost:8001/api/v1/users/login \"HTTP/1.1 200 OK\"", "url": null, "method": null, "process_time": null, "taskName": "starlette.middleware.base.BaseHTTPMiddleware.__call__.<locals>.call_next.<locals>.coro"}
{"asctime": "2026-03-03 07:51:15,630", "levelname": "INFO", "message": "", "url": "/api/v1/users/login", "method": "POST", "process_time": 5.155942440032959, "taskName": "starlette.middleware.base.BaseHTTPMiddleware.__call__.<locals>.call_next.<locals>.coro"}
{"asctime": "2026-03-03 07:51:23,154", "levelname": "INFO", "message": "HTTP Request: POST http://localhost:8001/api/v1/users/refresh \"HTTP/1.1 403 Forbidden\"", "url": null, "method": null, "process_time": null, "taskName": "starlette.middleware.base.BaseHTTPMiddleware.__call__.<locals>.call_next.<locals>.coro"}
{"asctime": "2026-03-03 07:51:23,159", "levelname": "INFO", "message": "", "url": "/api/v1/users/refresh", "method": "POST", "process_time": 3.981168746948242, "taskName": "starlette.middleware.base.BaseHTTPMiddleware.__call__.<locals>.call_next.<locals>.coro"}
{"asctime": "2026-03-03 07:54:57,303", "levelname": "INFO", "message": "HTTP Request: POST http://localhost:8001/api/v1/users/refresh \"HTTP/1.1 403 Forbidden\"", "url": null, "method": null, "process_time": null, "taskName": "starlette.middleware.base.BaseHTTPMiddleware.__call__.<locals>.call_next.<locals>.coro"}
{"asctime": "2026-03-03 07:54:57,307", "levelname": "INFO", "message": "", "url": "/api/v1/users/refresh", "method": "POST", "process_time": 4.62990403175354, "taskName": "starlette.middleware.base.BaseHTTPMiddleware.__call__.<locals>.call_next.<locals>.coro"}
{"asctime": "2026-03-03 07:55:58,813", "levelname": "INFO", "message": "HTTP Request: POST http://localhost:8001/api/v1/users/refresh \"HTTP/1.1 403 Forbidden\"", "url": null, "method": null, "process_time": null, "taskName": "starlette.middleware.base.BaseHTTPMiddleware.__call__.<locals>.call_next.<locals>.coro"}
{"asctime": "2026-03-03 07:55:58,819", "levelname": "INFO", "message": "", "url": "/api/v1/users/refresh", "method": "POST", "process_time": 3.801088809967041, "taskName": "starlette.middleware.base.BaseHTTPMiddleware.__call__.<locals>.call_next.<locals>.coro"}
{"asctime": "2026-03-03 07:56:13,861", "levelname": "INFO", "message": "HTTP Request: POST http://localhost:8001/api/v1/users/login \"HTTP/1.1 200 OK\"", "url": null, "method": null, "process_time": null, "taskName": "starlette.middleware.base.BaseHTTPMiddleware.__call__.<locals>.call_next.<locals>.coro"}
{"asctime": "2026-03-03 07:56:13,872", "levelname": "INFO", "message": "", "url": "/api/v1/users/login", "method": "POST", "process_time": 4.892648458480835, "taskName": "starlette.middleware.base.BaseHTTPMiddleware.__call__.<locals>.call_next.<locals>.coro"}
{"asctime": "2026-03-03 07:56:21,152", "levelname": "INFO", "message": "HTTP Request: POST http://localhost:8001/api/v1/users/refresh \"HTTP/1.1 403 Forbidden\"", "url": null, "method": null, "process_time": null, "taskName": "starlette.middleware.base.BaseHTTPMiddleware.__call__.<locals>.call_next.<locals>.coro"}
{"asctime": "2026-03-03 07:56:21,163", "levelname": "INFO", "message": "", "url": "/api/v1/users/refresh", "method": "POST", "process_time": 5.001333951950073, "taskName": "starlette.middleware.base.BaseHTTPMiddleware.__call__.<locals>.call_next.<locals>.coro"}
{"asctime": "2026-03-03 08:03:18,579", "levelname": "INFO", "message": "HTTP Request: POST http://localhost:8001/api/v1/users/refresh \"HTTP/1.1 403 Forbidden\"", "url": null, "method": null, "process_time": null, "taskName": "starlette.middleware.base.BaseHTTPMiddleware.__call__.<locals>.call_next.<locals>.coro"}
{"asctime": "2026-03-03 08:03:18,581", "levelname": "INFO", "message": "", "url": "/api/v1/users/refresh", "method": "POST", "process_time": 1.3887879848480225, "taskName": "starlette.middleware.base.BaseHTTPMiddleware.__call__.<locals>.call_next.<locals>.coro"}
{"asctime": "2026-03-03 08:03:35,324", "levelname": "INFO", "message": "HTTP Request: POST http://localhost:8001/api/v1/users/login \"HTTP/1.1 200 OK\"", "url": null, "method": null, "process_time": null, "taskName": "starlette.middleware.base.BaseHTTPMiddleware.__call__.<locals>.call_next.<locals>.coro"}
{"asctime": "2026-03-03 08:03:35,328", "levelname": "INFO", "message": "", "url": "/api/v1/users/login", "method": "POST", "process_time": 3.2165839672088623, "taskName": "starlette.middleware.base.BaseHTTPMiddleware.__call__.<locals>.call_next.<locals>.coro"}
{"asctime": "2026-03-03 08:03:40,821", "levelname": "INFO", "message": "HTTP Request: POST http://localhost:8001/api/v1/users/refresh \"HTTP/1.1 200 OK\"", "url": null, "method": null, "process_time": null, "taskName": "starlette.middleware.base.BaseHTTPMiddleware.__call__.<locals>.call_next.<locals>.coro"}
{"asctime": "2026-03-03 08:03:40,823", "levelname": "INFO", "message": "", "url": "/api/v1/users/refresh", "method": "POST", "process_time": 2.9110679626464844, "taskName": "starlette.middleware.base.BaseHTTPMiddleware.__call__.<locals>.call_next.<locals>.coro"}
{"asctime": "2026-03-03 08:03:43,877", "levelname": "INFO", "message": "HTTP Request: POST http://localhost:8001/api/v1/users/refresh \"HTTP/1.1 200 OK\"", "url": null, "method": null, "process_time": null, "taskName": "starlette.middleware.base.BaseHTTPMiddleware.__call__.<locals>.call_next.<locals>.coro"}
{"asctime": "2026-03-03 08:03:43,880", "levelname": "INFO", "message": "", "url": "/api/v1/users/refresh", "method": "POST", "process_time": 2.97921085357666, "taskName": "starlette.middleware.base.BaseHTTPMiddleware.__call__.<locals>.call_next.<locals>.coro"}
{"asctime": "2026-03-03 08:03:46,622", "levelname": "INFO", "message": "HTTP Request: POST http://localhost:8001/api/v1/users/refresh \"HTTP/1.1 200 OK\"", "url": null, "method": null, "process_time": null, "taskName": "starlette.middleware.base.BaseHTTPMiddleware.__call__.<locals>.call_next.<locals>.coro"}
{"asctime": "2026-03-03 08:03:46,623", "levelname": "INFO", "message": "", "url": "/api/v1/users/refresh", "method": "POST", "process_time": 2.6912667751312256, "taskName": "starlette.middleware.base.BaseHTTPMiddleware.__call__.<locals>.call_next.<locals>.coro"}
{"asctime": "2026-03-03 08:03:49,397", "levelname": "INFO", "message": "HTTP Request: POST http://localhost:8001/api/v1/users/refresh \"HTTP/1.1 200 OK\"", "url": null, "method": null, "process_time": null, "taskName": "starlette.middleware.base.BaseHTTPMiddleware.__call__.<locals>.call_next.<locals>.coro"}
{"asctime": "2026-03-03 08:03:49,402", "levelname": "INFO", "message": "", "url": "/api/v1/users/refresh", "method": "POST", "process_time": 2.7447149753570557, "taskName": "starlette.middleware.base.BaseHTTPMiddleware.__call__.<locals>.call_next.<locals>.coro"}
{"asctime": "2026-03-03 08:03:52,637", "levelname": "INFO", "message": "HTTP Request: POST http://localhost:8001/api/v1/users/refresh \"HTTP/1.1 200 OK\"", "url": null, "method": null, "process_time": null, "taskName": "starlette.middleware.base.BaseHTTPMiddleware.__call__.<locals>.call_next.<locals>.coro"}
{"asctime": "2026-03-03 08:03:52,644", "levelname": "INFO", "message": "", "url": "/api/v1/users/refresh", "method": "POST", "process_time": 3.189469814300537, "taskName": "starlette.middleware.base.BaseHTTPMiddleware.__call__.<locals>.call_next.<locals>.coro"}
{"asctime": "2026-03-03 08:03:57,489", "levelname": "INFO", "message": "HTTP Request: POST http://localhost:8001/api/v1/users/refresh \"HTTP/1.1 200 OK\"", "url": null, "method": null, "process_time": null, "taskName": "starlette.middleware.base.BaseHTTPMiddleware.__call__.<locals>.call_next.<locals>.coro"}
{"asctime": "2026-03-03 08:03:57,498", "levelname": "INFO", "message": "", "url": "/api/v1/users/refresh", "method": "POST", "process_time": 4.820130348205566, "taskName": "starlette.middleware.base.BaseHTTPMiddleware.__call__.<locals>.call_next.<locals>.coro"}
{"asctime": "2026-03-03 08:03:59,647", "levelname": "INFO", "message": "HTTP Request: POST http://localhost:8001/api/v1/users/refresh \"HTTP/1.1 200 OK\"", "url": null, "method": null, "process_time": null, "taskName": "starlette.middleware.base.BaseHTTPMiddleware.__call__.<locals>.call_next.<locals>.coro"}
{"asctime": "2026-03-03 08:03:59,649", "levelname": "INFO", "message": "", "url": "/api/v1/users/refresh", "method": "POST", "process_time": 3.2821130752563477, "taskName": "starlette.middleware.base.BaseHTTPMiddleware.__call__.<locals>.call_next.<locals>.coro"}
{"asctime": "2026-03-03 08:04:03,376", "levelname": "INFO", "message": "HTTP Request: POST http://localhost:8001/api/v1/users/refresh \"HTTP/1.1 200 OK\"", "url": null, "method": null, "process_time": null, "taskName": "starlette.middleware.base.BaseHTTPMiddleware.__call__.<locals>.call_next.<locals>.coro"}
{"asctime": "2026-03-03 08:04:03,378", "levelname": "INFO", "message": "", "url": "/api/v1/users/refresh", "method": "POST", "process_time": 3.6739933490753174, "taskName": "starlette.middleware.base.BaseHTTPMiddleware.__call__.<locals>.call_next.<locals>.coro"}
{"asctime": "2026-03-03 08:04:12,692", "levelname": "INFO", "message": "HTTP Request: POST http://localhost:8001/api/v1/users/login \"HTTP/1.1 200 OK\"", "url": null, "method": null, "process_time": null, "taskName": "starlette.middleware.base.BaseHTTPMiddleware.__call__.<locals>.call_next.<locals>.coro"}
{"asctime": "2026-03-03 08:04:12,697", "levelname": "INFO", "message": "", "url": "/api/v1/users/login", "method": "POST", "process_time": 4.101467609405518, "taskName": "starlette.middleware.base.BaseHTTPMiddleware.__call__.<locals>.call_next.<locals>.coro"}
{"asctime": "2026-03-03 08:04:18,658", "levelname": "INFO", "message": "HTTP Request: POST http://localhost:8001/api/v1/users/refresh \"HTTP/1.1 200 OK\"", "url": null, "method": null, "process_time": null, "taskName": "starlette.middleware.base.BaseHTTPMiddleware.__call__.<locals>.call_next.<locals>.coro"}
{"asctime": "2026-03-03 08:04:18,660", "levelname": "INFO", "message": "", "url": "/api/v1/users/refresh", "method": "POST", "process_time": 3.525587558746338, "taskName": "starlette.middleware.base.BaseHTTPMiddleware.__call__.<locals>.call_next.<locals>.coro"}
{"asctime": "2026-03-03 08:04:22,235", "levelname": "INFO", "message": "HTTP Request: POST http://localhost:8001/api/v1/users/refresh \"HTTP/1.1 200 OK\"", "url": null, "method": null, "process_time": null, "taskName": "starlette.middleware.base.BaseHTTPMiddleware.__call__.<locals>.call_next.<locals>.coro"}
{"asctime": "2026-03-03 08:04:22,237", "levelname": "INFO", "message": "", "url": "/api/v1/users/refresh", "method": "POST", "process_time": 3.535815954208374, "taskName": "starlette.middleware.base.BaseHTTPMiddleware.__call__.<locals>.call_next.<locals>.coro"}
{"asctime": "2026-03-03 08:04:26,915", "levelname": "INFO", "message": "HTTP Request: POST http://localhost:8001/api/v1/users/refresh \"HTTP/1.1 200 OK\"", "url": null, "method": null, "process_time": null, "taskName": "starlette.middleware.base.BaseHTTPMiddleware.__call__.<locals>.call_next.<locals>.coro"}
{"asctime": "2026-03-03 08:04:26,918", "levelname": "INFO", "message": "", "url": "/api/v1/users/refresh", "method": "POST", "process_time": 4.630641460418701, "taskName": "starlette.middleware.base.BaseHTTPMiddleware.__call__.<locals>.call_next.<locals>.coro"}
{"asctime": "2026-03-03 08:04:31,053", "levelname": "INFO", "message": "HTTP Request: POST http://localhost:8001/api/v1/users/refresh \"HTTP/1.1 200 OK\"", "url": null, "method": null, "process_time": null, "taskName": "starlette.middleware.base.BaseHTTPMiddleware.__call__.<locals>.call_next.<locals>.coro"}
{"asctime": "2026-03-03 08:04:31,057", "levelname": "INFO", "message": "", "url": "/api/v1/users/refresh", "method": "POST", "process_time": 4.056737661361694, "taskName": "starlette.middleware.base.BaseHTTPMiddleware.__call__.<locals>.call_next.<locals>.coro"}
{"asctime": "2026-03-03 08:04:35,683", "levelname": "INFO", "message": "HTTP Request: POST http://localhost:8001/api/v1/users/refresh \"HTTP/1.1 200 OK\"", "url": null, "method": null, "process_time": null, "taskName": "starlette.middleware.base.BaseHTTPMiddleware.__call__.<locals>.call_next.<locals>.coro"}
{"asctime": "2026-03-03 08:04:35,685", "levelname": "INFO", "message": "", "url": "/api/v1/users/refresh", "method": "POST", "process_time": 4.510032892227173, "taskName": "starlette.middleware.base.BaseHTTPMiddleware.__call__.<locals>.call_next.<locals>.coro"}
{"asctime": "2026-03-03 08:04:41,321", "levelname": "INFO", "message": "HTTP Request: POST http://localhost:8001/api/v1/users/refresh \"HTTP/1.1 200 OK\"", "url": null, "method": null, "process_time": null, "taskName": "starlette.middleware.base.BaseHTTPMiddleware.__call__.<locals>.call_next.<locals>.coro"}
{"asctime": "2026-03-03 08:04:41,325", "levelname": "INFO", "message": "", "url": "/api/v1/users/refresh", "method": "POST", "process_time": 5.59171199798584, "taskName": "starlette.middleware.base.BaseHTTPMiddleware.__call__.<locals>.call_next.<locals>.coro"}
{"asctime": "2026-03-03 08:04:46,423", "levelname": "INFO", "message": "HTTP Request: POST http://localhost:8001/api/v1/users/refresh \"HTTP/1.1 200 OK\"", "url": null, "method": null, "process_time": null, "taskName": "starlette.middleware.base.BaseHTTPMiddleware.__call__.<locals>.call_next.<locals>.coro"}
{"asctime": "2026-03-03 08:04:46,426", "levelname": "INFO", "message": "", "url": "/api/v1/users/refresh", "method": "POST", "process_time": 5.053671360015869, "taskName": "starlette.middleware.base.BaseHTTPMiddleware.__call__.<locals>.call_next.<locals>.coro"}
{"asctime": "2026-03-03 08:04:51,550", "levelname": "INFO", "message": "HTTP Request: POST http://localhost:8001/api/v1/users/refresh \"HTTP/1.1 200 OK\"", "url": null, "method": null, "process_time": null, "taskName": "starlette.middleware.base.BaseHTTPMiddleware.__call__.<locals>.call_next.<locals>.coro"}
{"asctime": "2026-03-03 08:04:51,552", "levelname": "INFO", "message": "", "url": "/api/v1/users/refresh", "method": "POST", "process_time": 5.0866858959198, "taskName": "starlette.middleware.base.BaseHTTPMiddleware.__call__.<locals>.call_next.<locals>.coro"}
{"asctime": "2026-03-03 08:04:53,108", "levelname": "INFO", "message": "HTTP Request: POST http://localhost:8001/api/v1/users/refresh \"HTTP/1.1 200 OK\"", "url": null, "method": null, "process_time": null, "taskName": "starlette.middleware.base.BaseHTTPMiddleware.__call__.<locals>.call_next.<locals>.coro"}
{"asctime": "2026-03-03 08:04:53,195", "levelname": "INFO", "message": "", "url": "/api/v1/users/refresh", "method": "POST", "process_time": 1.5812208652496338, "taskName": "starlette.middleware.base.BaseHTTPMiddleware.__call__.<locals>.call_next.<locals>.coro"}
{"asctime": "2026-03-03 08:04:55,516", "levelname": "INFO", "message": "HTTP Request: POST http://localhost:8001/api/v1/users/refresh \"HTTP/1.1 200 OK\"", "url": null, "method": null, "process_time": null, "taskName": "starlette.middleware.base.BaseHTTPMiddleware.__call__.<locals>.call_next.<locals>.coro"}
{"asctime": "2026-03-03 08:04:55,519", "levelname": "INFO", "message": "", "url": "/api/v1/users/refresh", "method": "POST", "process_time": 1.9214107990264893, "taskName": "starlette.middleware.base.BaseHTTPMiddleware.__call__.<locals>.call_next.<locals>.coro"}
{"asctime": "2026-03-03 08:04:57,094", "levelname": "INFO", "message": "HTTP Request: POST http://localhost:8001/api/v1/users/refresh \"HTTP/1.1 200 OK\"", "url": null, "method": null, "process_time": null, "taskName": "starlette.middleware.base.BaseHTTPMiddleware.__call__.<locals>.call_next.<locals>.coro"}
{"asctime": "2026-03-03 08:04:57,099", "levelname": "INFO", "message": "", "url": "/api/v1/users/refresh", "method": "POST", "process_time": 1.5238986015319824, "taskName": "starlette.middleware.base.BaseHTTPMiddleware.__call__.<locals>.call_next.<locals>.coro"}
{"asctime": "2026-03-03 08:04:58,673", "levelname": "INFO", "message": "HTTP Request: POST http://localhost:8001/api/v1/users/refresh \"HTTP/1.1 200 OK\"", "url": null, "method": null, "process_time": null, "taskName": "starlette.middleware.base.BaseHTTPMiddleware.__call__.<locals>.call_next.<locals>.coro"}
{"asctime": "2026-03-03 08:04:58,676", "levelname": "INFO", "message": "", "url": "/api/v1/users/refresh", "method": "POST", "process_time": 1.529005527496338, "taskName": "starlette.middleware.base.BaseHTTPMiddleware.__call__.<locals>.call_next.<locals>.coro"}
{"asctime": "2026-03-03 08:05:00,394", "levelname": "INFO", "message": "HTTP Request: POST http://localhost:8001/api/v1/users/refresh \"HTTP/1.1 200 OK\"", "url": null, "method": null, "process_time": null, "taskName": "starlette.middleware.base.BaseHTTPMiddleware.__call__.<locals>.call_next.<locals>.coro"}
{"asctime": "2026-03-03 08:05:00,398", "levelname": "INFO", "message": "", "url": "/api/v1/users/refresh", "method": "POST", "process_time": 1.599930763244629, "taskName": "starlette.middleware.base.BaseHTTPMiddleware.__call__.<locals>.call_next.<locals>.coro"}
{"asctime": "2026-03-03 08:05:01,764", "levelname": "INFO", "message": "HTTP Request: POST http://localhost:8001/api/v1/users/refresh \"HTTP/1.1 200 OK\"", "url": null, "method": null, "process_time": null, "taskName": "starlette.middleware.base.BaseHTTPMiddleware.__call__.<locals>.call_next.<locals>.coro"}
{"asctime": "2026-03-03 08:05:01,767", "levelname": "INFO", "message": "", "url": "/api/v1/users/refresh", "method": "POST", "process_time": 1.3032665252685547, "taskName": "starlette.middleware.base.BaseHTTPMiddleware.__call__.<locals>.call_next.<locals>.coro"}
{"asctime": "2026-03-03 08:05:03,251", "levelname": "INFO", "message": "HTTP Request: POST http://localhost:8001/api/v1/users/refresh \"HTTP/1.1 200 OK\"", "url": null, "method": null, "process_time": null, "taskName": "starlette.middleware.base.BaseHTTPMiddleware.__call__.<locals>.call_next.<locals>.coro"}
{"asctime": "2026-03-03 08:05:03,254", "levelname": "INFO", "message": "", "url": "/api/v1/users/refresh", "method": "POST", "process_time": 1.4610302448272705, "taskName": "starlette.middleware.base.BaseHTTPMiddleware.__call__.<locals>.call_next.<locals>.coro"}
{"asctime": "2026-03-03 08:05:05,237", "levelname": "INFO", "message": "HTTP Request: POST http://localhost:8001/api/v1/users/refresh \"HTTP/1.1 200 OK\"", "url": null, "method": null, "process_time": null, "taskName": "starlette.middleware.base.BaseHTTPMiddleware.__call__.<locals>.call_next.<locals>.coro"}
{"asctime": "2026-03-03 08:05:05,240", "levelname": "INFO", "message": "", "url": "/api/v1/users/refresh", "method": "POST", "process_time": 1.965639591217041, "taskName": "starlette.middleware.base.BaseHTTPMiddleware.__call__.<locals>.call_next.<locals>.coro"}
{"asctime": "2026-03-03 08:05:07,138", "levelname": "INFO", "message": "HTTP Request: POST http://localhost:8001/api/v1/users/refresh \"HTTP/1.1 200 OK\"", "url": null, "method": null, "process_time": null, "taskName": "starlette.middleware.base.BaseHTTPMiddleware.__call__.<locals>.call_next.<locals>.coro"}
{"asctime": "2026-03-03 08:05:07,141", "levelname": "INFO", "message": "", "url": "/api/v1/users/refresh", "method": "POST", "process_time": 1.8494865894317627, "taskName": "starlette.middleware.base.BaseHTTPMiddleware.__call__.<locals>.call_next.<locals>.coro"}
{"asctime": "2026-03-03 08:05:30,594", "levelname": "INFO", "message": "HTTP Request: POST http://localhost:8001/api/v1/users/refresh \"HTTP/1.1 200 OK\"", "url": null, "method": null, "process_time": null, "taskName": "starlette.middleware.base.BaseHTTPMiddleware.__call__.<locals>.call_next.<locals>.coro"}
{"asctime": "2026-03-03 08:05:30,597", "levelname": "INFO", "message": "", "url": "/api/v1/users/refresh", "method": "POST", "process_time": 1.395439624786377, "taskName": "starlette.middleware.base.BaseHTTPMiddleware.__call__.<locals>.call_next.<locals>.coro"}
{"asctime": "2026-03-03 08:06:33,294", "levelname": "INFO", "message": "HTTP Request: POST http://localhost:8001/api/v1/users/refresh \"HTTP/1.1 200 OK\"", "url": null, "method": null, "process_time": null, "taskName": "starlette.middleware.base.BaseHTTPMiddleware.__call__.<locals>.call_next.<locals>.coro"}
{"asctime": "2026-03-03 08:06:33,297", "levelname": "INFO", "message": "", "url": "/api/v1/users/refresh", "method": "POST", "process_time": 1.322258710861206, "taskName": "starlette.middleware.base.BaseHTTPMiddleware.__call__.<locals>.call_next.<locals>.coro"}
{"asctime": "2026-03-03 08:26:35,146", "levelname": "INFO", "message": "HTTP Request: POST http://localhost:8001/api/v1/users/refresh \"HTTP/1.1 200 OK\"", "url": null, "method": null, "process_time": null, "taskName": "starlette.middleware.base.BaseHTTPMiddleware.__call__.<locals>.call_next.<locals>.coro"}
{"asctime": "2026-03-03 08:26:35,149", "levelname": "INFO", "message": "", "url": "/api/v1/users/refresh", "method": "POST", "process_time": 1201.7648980617523, "taskName": "starlette.middleware.base.BaseHTTPMiddleware.__call__.<locals>.call_next.<locals>.coro"}
{"asctime": "2026-03-03 08:26:39,209", "levelname": "INFO", "message": "HTTP Request: POST http://localhost:8001/api/v1/users/refresh \"HTTP/1.1 200 OK\"", "url": null, "method": null, "process_time": null, "taskName": "starlette.middleware.base.BaseHTTPMiddleware.__call__.<locals>.call_next.<locals>.coro"}
{"asctime": "2026-03-03 08:26:39,212", "levelname": "INFO", "message": "", "url": "/api/v1/users/refresh", "method": "POST", "process_time": 3.4833035469055176, "taskName": "starlette.middleware.base.BaseHTTPMiddleware.__call__.<locals>.call_next.<locals>.coro"}
{"asctime": "2026-03-03 08:26:44,001", "levelname": "INFO", "message": "HTTP Request: POST http://localhost:8001/api/v1/users/refresh \"HTTP/1.1 200 OK\"", "url": null, "method": null, "process_time": null, "taskName": "starlette.middleware.base.BaseHTTPMiddleware.__call__.<locals>.call_next.<locals>.coro"}
{"asctime": "2026-03-03 08:26:44,019", "levelname": "INFO", "message": "", "url": "/api/v1/users/refresh", "method": "POST", "process_time": 4.43353796005249, "taskName": "starlette.middleware.base.BaseHTTPMiddleware.__call__.<locals>.call_next.<locals>.coro"}
{"asctime": "2026-03-03 08:30:10,703", "levelname": "INFO", "message": "HTTP Request: POST http://localhost:8001/api/v1/users/refresh \"HTTP/1.1 200 OK\"", "url": null, "method": null, "process_time": null, "taskName": "starlette.middleware.base.BaseHTTPMiddleware.__call__.<locals>.call_next.<locals>.coro"}
{"asctime": "2026-03-03 08:30:10,706", "levelname": "INFO", "message": "", "url": "/api/v1/users/refresh", "method": "POST", "process_time": 1.2613098621368408, "taskName": "starlette.middleware.base.BaseHTTPMiddleware.__call__.<locals>.call_next.<locals>.coro"}
{"asctime": "2026-03-03 08:30:26,390", "levelname": "INFO", "message": "HTTP Request: POST http://localhost:8001/api/v1/users/refresh \"HTTP/1.1 200 OK\"", "url": null, "method": null, "process_time": null, "taskName": "starlette.middleware.base.BaseHTTPMiddleware.__call__.<locals>.call_next.<locals>.coro"}
{"asctime": "2026-03-03 08:30:26,393", "levelname": "INFO", "message": "HTTP Request: POST http://localhost:8001/api/v1/users/refresh \"HTTP/1.1 200 OK\"", "url": null, "method": null, "process_time": null, "taskName": "starlette.middleware.base.BaseHTTPMiddleware.__call__.<locals>.call_next.<locals>.coro"}
{"asctime": "2026-03-03 08:30:26,395", "levelname": "INFO", "message": "", "url": "/api/v1/users/refresh", "method": "POST", "process_time": 1.5873196125030518, "taskName": "starlette.middleware.base.BaseHTTPMiddleware.__call__.<locals>.call_next.<locals>.coro"}
{"asctime": "2026-03-03 08:30:26,395", "levelname": "INFO", "message": "", "url": "/api/v1/users/refresh", "method": "POST", "process_time": 1.58809232711792, "taskName": "starlette.middleware.base.BaseHTTPMiddleware.__call__.<locals>.call_next.<locals>.coro"}
{"asctime": "2026-03-03 08:30:27,966", "levelname": "INFO", "message": "HTTP Request: POST http://localhost:8001/api/v1/users/refresh \"HTTP/1.1 200 OK\"", "url": null, "method": null, "process_time": null, "taskName": "starlette.middleware.base.BaseHTTPMiddleware.__call__.<locals>.call_next.<locals>.coro"}
{"asctime": "2026-03-03 08:30:27,968", "levelname": "INFO", "message": "", "url": "/api/v1/users/refresh", "method": "POST", "process_time": 1.0409777164459229, "taskName": "starlette.middleware.base.BaseHTTPMiddleware.__call__.<locals>.call_next.<locals>.coro"}
{"asctime": "2026-03-03 08:30:49,436", "levelname": "INFO", "message": "HTTP Request: POST http://localhost:8001/api/v1/users/refresh \"HTTP/1.1 200 OK\"", "url": null, "method": null, "process_time": null, "taskName": "starlette.middleware.base.BaseHTTPMiddleware.__call__.<locals>.call_next.<locals>.coro"}
{"asctime": "2026-03-03 08:30:49,438", "levelname": "INFO", "message": "", "url": "/api/v1/users/refresh", "method": "POST", "process_time": 3.9444777965545654, "taskName": "starlette.middleware.base.BaseHTTPMiddleware.__call__.<locals>.call_next.<locals>.coro"}
{"asctime": "2026-03-03 08:30:49,441", "levelname": "INFO", "message": "HTTP Request: POST http://localhost:8001/api/v1/users/refresh \"HTTP/1.1 200 OK\"", "url": null, "method": null, "process_time": null, "taskName": "starlette.middleware.base.BaseHTTPMiddleware.__call__.<locals>.call_next.<locals>.coro"}
{"asctime": "2026-03-03 08:30:49,448", "levelname": "INFO", "message": "", "url": "/api/v1/users/refresh", "method": "POST", "process_time": 3.9574170112609863, "taskName": "starlette.middleware.base.BaseHTTPMiddleware.__call__.<locals>.call_next.<locals>.coro"}
{"asctime": "2026-03-03 08:30:52,767", "levelname": "INFO", "message": "HTTP Request: POST http://localhost:8001/api/v1/users/refresh \"HTTP/1.1 200 OK\"", "url": null, "method": null, "process_time": null, "taskName": "starlette.middleware.base.BaseHTTPMiddleware.__call__.<locals>.call_next.<locals>.coro"}
{"asctime": "2026-03-03 08:30:52,768", "levelname": "INFO", "message": "", "url": "/api/v1/users/refresh", "method": "POST", "process_time": 3.300137519836426, "taskName": "starlette.middleware.base.BaseHTTPMiddleware.__call__.<locals>.call_next.<locals>.coro"}
{"asctime": "2026-03-03 08:31:11,405", "levelname": "INFO", "message": "HTTP Request: POST http://localhost:8001/api/v1/users/refresh \"HTTP/1.1 200 OK\"", "url": null, "method": null, "process_time": null, "taskName": "starlette.middleware.base.BaseHTTPMiddleware.__call__.<locals>.call_next.<locals>.coro"}
{"asctime": "2026-03-03 08:31:11,406", "levelname": "INFO", "message": "", "url": "/api/v1/users/refresh", "method": "POST", "process_time": 4.533029079437256, "taskName": "starlette.middleware.base.BaseHTTPMiddleware.__call__.<locals>.call_next.<locals>.coro"}
{"asctime": "2026-03-03 08:31:11,683", "levelname": "INFO", "message": "HTTP Request: POST http://localhost:8001/api/v1/users/refresh \"HTTP/1.1 200 OK\"", "url": null, "method": null, "process_time": null, "taskName": "starlette.middleware.base.BaseHTTPMiddleware.__call__.<locals>.call_next.<locals>.coro"}
{"asctime": "2026-03-03 08:31:11,685", "levelname": "INFO", "message": "", "url": "/api/v1/users/refresh", "method": "POST", "process_time": 2.7054615020751953, "taskName": "starlette.middleware.base.BaseHTTPMiddleware.__call__.<locals>.call_next.<locals>.coro"}
{"asctime": "2026-03-03 08:31:11,687", "levelname": "INFO", "message": "HTTP Request: POST http://localhost:8001/api/v1/users/refresh \"HTTP/1.1 200 OK\"", "url": null, "method": null, "process_time": null, "taskName": "starlette.middleware.base.BaseHTTPMiddleware.__call__.<locals>.call_next.<locals>.coro"}
{"asctime": "2026-03-03 08:31:11,691", "levelname": "INFO", "message": "", "url": "/api/v1/users/refresh", "method": "POST", "process_time": 2.7136523723602295, "taskName": "starlette.middleware.base.BaseHTTPMiddleware.__call__.<locals>.call_next.<locals>.coro"}
{"asctime": "2026-03-03 08:31:12,298", "levelname": "INFO", "message": "HTTP Request: POST http://localhost:8001/api/v1/users/refresh \"HTTP/1.1 200 OK\"", "url": null, "method": null, "process_time": null, "taskName": "starlette.middleware.base.BaseHTTPMiddleware.__call__.<locals>.call_next.<locals>.coro"}
{"asctime": "2026-03-03 08:31:12,303", "levelname": "INFO", "message": "", "url": "/api/v1/users/refresh", "method": "POST", "process_time": 0.583873987197876, "taskName": "starlette.middleware.base.BaseHTTPMiddleware.__call__.<locals>.call_next.<locals>.coro"}
{"asctime": "2026-03-03 08:31:34,383", "levelname": "INFO", "message": "HTTP Request: POST http://localhost:8001/api/v1/users/login \"HTTP/1.1 200 OK\"", "url": null, "method": null, "process_time": null, "taskName": "starlette.middleware.base.BaseHTTPMiddleware.__call__.<locals>.call_next.<locals>.coro"}
{"asctime": "2026-03-03 08:31:34,389", "levelname": "INFO", "message": "", "url": "/api/v1/users/login", "method": "POST", "process_time": 5.140979766845703, "taskName": "starlette.middleware.base.BaseHTTPMiddleware.__call__.<locals>.call_next.<locals>.coro"}
{"asctime": "2026-03-03 09:26:20,439", "levelname": "INFO", "message": "HTTP Request: POST http://localhost:8001/api/v1/users/refresh \"HTTP/1.1 200 OK\"", "url": null, "method": null, "process_time": null, "taskName": "starlette.middleware.base.BaseHTTPMiddleware.__call__.<locals>.call_next.<locals>.coro"}
{"asctime": "2026-03-03 09:26:20,440", "levelname": "INFO", "message": "", "url": "/api/v1/users/refresh", "method": "POST", "process_time": 3.097271203994751, "taskName": "starlette.middleware.base.BaseHTTPMiddleware.__call__.<locals>.call_next.<locals>.coro"}
{"asctime": "2026-03-03 09:26:20,483", "levelname": "INFO", "message": "HTTP Request: POST http://localhost:8001/api/v1/users/refresh \"HTTP/1.1 200 OK\"", "url": null, "method": null, "process_time": null, "taskName": "starlette.middleware.base.BaseHTTPMiddleware.__call__.<locals>.call_next.<locals>.coro"}
{"asctime": "2026-03-03 09:26:20,486", "levelname": "INFO", "message": "", "url": "/api/v1/users/refresh", "method": "POST", "process_time": 3.146688938140869, "taskName": "starlette.middleware.base.BaseHTTPMiddleware.__call__.<locals>.call_next.<locals>.coro"}
{"asctime": "2026-03-03 09:26:22,142", "levelname": "INFO", "message": "HTTP Request: POST http://localhost:8001/api/v1/users/refresh \"HTTP/1.1 200 OK\"", "url": null, "method": null, "process_time": null, "taskName": "starlette.middleware.base.BaseHTTPMiddleware.__call__.<locals>.call_next.<locals>.coro"}
{"asctime": "2026-03-03 09:26:22,143", "levelname": "INFO", "message": "", "url": "/api/v1/users/refresh", "method": "POST", "process_time": 1.6476216316223145, "taskName": "starlette.middleware.base.BaseHTTPMiddleware.__call__.<locals>.call_next.<locals>.coro"}
{"asctime": "2026-03-03 09:29:09,008", "levelname": "INFO", "message": "HTTP Request: POST http://localhost:8001/api/v1/users/refresh \"HTTP/1.1 200 OK\"", "url": null, "method": null, "process_time": null, "taskName": "starlette.middleware.base.BaseHTTPMiddleware.__call__.<locals>.call_next.<locals>.coro"}
{"asctime": "2026-03-03 09:29:09,011", "levelname": "INFO", "message": "", "url": "/api/v1/users/refresh", "method": "POST", "process_time": 1.5279695987701416, "taskName": "starlette.middleware.base.BaseHTTPMiddleware.__call__.<locals>.call_next.<locals>.coro"}
{"asctime": "2026-03-03 09:29:10,079", "levelname": "INFO", "message": "HTTP Request: POST http://localhost:8001/api/v1/users/refresh \"HTTP/1.1 200 OK\"", "url": null, "method": null, "process_time": null, "taskName": "starlette.middleware.base.BaseHTTPMiddleware.__call__.<locals>.call_next.<locals>.coro"}
{"asctime": "2026-03-03 09:29:10,082", "levelname": "INFO", "message": "", "url": "/api/v1/users/refresh", "method": "POST", "process_time": 3.6583898067474365, "taskName": "starlette.middleware.base.BaseHTTPMiddleware.__call__.<locals>.call_next.<locals>.coro"}
{"asctime": "2026-03-03 09:29:10,344", "levelname": "INFO", "message": "HTTP Request: POST http://localhost:8001/api/v1/users/refresh \"HTTP/1.1 200 OK\"", "url": null, "method": null, "process_time": null, "taskName": "starlette.middleware.base.BaseHTTPMiddleware.__call__.<locals>.call_next.<locals>.coro"}
{"asctime": "2026-03-03 09:29:10,347", "levelname": "INFO", "message": "", "url": "/api/v1/users/refresh", "method": "POST", "process_time": 1.3103282451629639, "taskName": "starlette.middleware.base.BaseHTTPMiddleware.__call__.<locals>.call_next.<locals>.coro"}
{"asctime": "2026-03-03 09:29:18,887", "levelname": "INFO", "message": "HTTP Request: POST http://localhost:8001/api/v1/users/refresh \"HTTP/1.1 200 OK\"", "url": null, "method": null, "process_time": null, "taskName": "starlette.middleware.base.BaseHTTPMiddleware.__call__.<locals>.call_next.<locals>.coro"}
{"asctime": "2026-03-03 09:29:18,889", "levelname": "INFO", "message": "HTTP Request: POST http://localhost:8001/api/v1/users/refresh \"HTTP/1.1 200 OK\"", "url": null, "method": null, "process_time": null, "taskName": "starlette.middleware.base.BaseHTTPMiddleware.__call__.<locals>.call_next.<locals>.coro"}
{"asctime": "2026-03-03 09:29:18,893", "levelname": "INFO", "message": "", "url": "/api/v1/users/refresh", "method": "POST", "process_time": 3.602598190307617, "taskName": "starlette.middleware.base.BaseHTTPMiddleware.__call__.<locals>.call_next.<locals>.coro"}
{"asctime": "2026-03-03 09:29:18,894", "levelname": "INFO", "message": "", "url": "/api/v1/users/refresh", "method": "POST", "process_time": 3.603602409362793, "taskName": "starlette.middleware.base.BaseHTTPMiddleware.__call__.<locals>.call_next.<locals>.coro"}
{"asctime": "2026-03-03 09:29:21,331", "levelname": "INFO", "message": "HTTP Request: POST http://localhost:8001/api/v1/users/refresh \"HTTP/1.1 200 OK\"", "url": null, "method": null, "process_time": null, "taskName": "starlette.middleware.base.BaseHTTPMiddleware.__call__.<locals>.call_next.<locals>.coro"}
{"asctime": "2026-03-03 09:29:21,335", "levelname": "INFO", "message": "", "url": "/api/v1/users/refresh", "method": "POST", "process_time": 2.3940601348876953, "taskName": "starlette.middleware.base.BaseHTTPMiddleware.__call__.<locals>.call_next.<locals>.coro"}
{"asctime": "2026-03-03 09:29:49,143", "levelname": "INFO", "message": "HTTP Request: POST http://localhost:8001/api/v1/users/login \"HTTP/1.1 200 OK\"", "url": null, "method": null, "process_time": null, "taskName": "starlette.middleware.base.BaseHTTPMiddleware.__call__.<locals>.call_next.<locals>.coro"}
{"asctime": "2026-03-03 09:29:49,155", "levelname": "INFO", "message": "", "url": "/api/v1/users/login", "method": "POST", "process_time": 6.368449687957764, "taskName": "starlette.middleware.base.BaseHTTPMiddleware.__call__.<locals>.call_next.<locals>.coro"}
{"asctime": "2026-03-03 10:09:03,114", "levelname": "INFO", "message": "HTTP Request: POST http://localhost:8001/api/v1/users/refresh \"HTTP/1.1 200 OK\"", "url": null, "method": null, "process_time": null, "taskName": "starlette.middleware.base.BaseHTTPMiddleware.__call__.<locals>.call_next.<locals>.coro"}
{"asctime": "2026-03-03 10:09:03,121", "levelname": "INFO", "message": "", "url": "/api/v1/users/refresh", "method": "POST", "process_time": 2.935197591781616, "taskName": "starlette.middleware.base.BaseHTTPMiddleware.__call__.<locals>.call_next.<locals>.coro"}
{"asctime": "2026-03-03 10:09:03,454", "levelname": "INFO", "message": "HTTP Request: POST http://localhost:8001/api/v1/users/refresh \"HTTP/1.1 200 OK\"", "url": null, "method": null, "process_time": null, "taskName": "starlette.middleware.base.BaseHTTPMiddleware.__call__.<locals>.call_next.<locals>.coro"}
{"asctime": "2026-03-03 10:09:03,459", "levelname": "INFO", "message": "", "url": "/api/v1/users/refresh", "method": "POST", "process_time": 3.273270606994629, "taskName": "starlette.middleware.base.BaseHTTPMiddleware.__call__.<locals>.call_next.<locals>.coro"}
{"asctime": "2026-03-03 10:09:03,717", "levelname": "INFO", "message": "HTTP Request: POST http://localhost:8001/api/v1/users/refresh \"HTTP/1.1 200 OK\"", "url": null, "method": null, "process_time": null, "taskName": "starlette.middleware.base.BaseHTTPMiddleware.__call__.<locals>.call_next.<locals>.coro"}
{"asctime": "2026-03-03 10:09:03,719", "levelname": "INFO", "message": "", "url": "/api/v1/users/refresh", "method": "POST", "process_time": 0.553633451461792, "taskName": "starlette.middleware.base.BaseHTTPMiddleware.__call__.<locals>.call_next.<locals>.coro"}
{"asctime": "2026-03-03 10:09:11,929", "levelname": "INFO", "message": "HTTP Request: POST http://localhost:8001/api/v1/users/refresh \"HTTP/1.1 200 OK\"", "url": null, "method": null, "process_time": null, "taskName": "starlette.middleware.base.BaseHTTPMiddleware.__call__.<locals>.call_next.<locals>.coro"}
{"asctime": "2026-03-03 10:09:11,931", "levelname": "INFO", "message": "", "url": "/api/v1/users/refresh", "method": "POST", "process_time": 1.0278372764587402, "taskName": "starlette.middleware.base.BaseHTTPMiddleware.__call__.<locals>.call_next.<locals>.coro"}
{"asctime": "2026-03-03 10:09:12,215", "levelname": "INFO", "message": "HTTP Request: POST http://localhost:8001/api/v1/users/refresh \"HTTP/1.1 200 OK\"", "url": null, "method": null, "process_time": null, "taskName": "starlette.middleware.base.BaseHTTPMiddleware.__call__.<locals>.call_next.<locals>.coro"}
{"asctime": "2026-03-03 10:09:12,219", "levelname": "INFO", "message": "", "url": "/api/v1/users/refresh", "method": "POST", "process_time": 1.0546984672546387, "taskName": "starlette.middleware.base.BaseHTTPMiddleware.__call__.<locals>.call_next.<locals>.coro"}
{"asctime": "2026-03-03 10:09:13,662", "levelname": "INFO", "message": "HTTP Request: POST http://localhost:8001/api/v1/users/refresh \"HTTP/1.1 200 OK\"", "url": null, "method": null, "process_time": null, "taskName": "starlette.middleware.base.BaseHTTPMiddleware.__call__.<locals>.call_next.<locals>.coro"}
{"asctime": "2026-03-03 10:09:13,665", "levelname": "INFO", "message": "", "url": "/api/v1/users/refresh", "method": "POST", "process_time": 1.1722400188446045, "taskName": "starlette.middleware.base.BaseHTTPMiddleware.__call__.<locals>.call_next.<locals>.coro"}
{"asctime": "2026-03-03 10:09:32,612", "levelname": "INFO", "message": "HTTP Request: POST http://localhost:8001/api/v1/users/refresh \"HTTP/1.1 200 OK\"", "url": null, "method": null, "process_time": null, "taskName": "starlette.middleware.base.BaseHTTPMiddleware.__call__.<locals>.call_next.<locals>.coro"}
{"asctime": "2026-03-03 10:09:32,614", "levelname": "INFO", "message": "HTTP Request: POST http://localhost:8001/api/v1/users/refresh \"HTTP/1.1 200 OK\"", "url": null, "method": null, "process_time": null, "taskName": "starlette.middleware.base.BaseHTTPMiddleware.__call__.<locals>.call_next.<locals>.coro"}
{"asctime": "2026-03-03 10:09:32,617", "levelname": "INFO", "message": "", "url": "/api/v1/users/refresh", "method": "POST", "process_time": 3.165971279144287, "taskName": "starlette.middleware.base.BaseHTTPMiddleware.__call__.<locals>.call_next.<locals>.coro"}
{"asctime": "2026-03-03 10:09:32,621", "levelname": "INFO", "message": "", "url": "/api/v1/users/refresh", "method": "POST", "process_time": 3.1700212955474854, "taskName": "starlette.middleware.base.BaseHTTPMiddleware.__call__.<locals>.call_next.<locals>.coro"}
{"asctime": "2026-03-03 10:09:34,975", "levelname": "INFO", "message": "HTTP Request: POST http://localhost:8001/api/v1/users/refresh \"HTTP/1.1 200 OK\"", "url": null, "method": null, "process_time": null, "taskName": "starlette.middleware.base.BaseHTTPMiddleware.__call__.<locals>.call_next.<locals>.coro"}
{"asctime": "2026-03-03 10:09:34,979", "levelname": "INFO", "message": "", "url": "/api/v1/users/refresh", "method": "POST", "process_time": 2.336125135421753, "taskName": "starlette.middleware.base.BaseHTTPMiddleware.__call__.<locals>.call_next.<locals>.coro"}
{"asctime": "2026-03-03 10:09:59,631", "levelname": "INFO", "message": "HTTP Request: POST http://localhost:8001/api/v1/users/login \"HTTP/1.1 200 OK\"", "url": null, "method": null, "process_time": null, "taskName": "starlette.middleware.base.BaseHTTPMiddleware.__call__.<locals>.call_next.<locals>.coro"}
{"asctime": "2026-03-03 10:09:59,634", "levelname": "INFO", "message": "", "url": "/api/v1/users/login", "method": "POST", "process_time": 3.115471601486206, "taskName": "starlette.middleware.base.BaseHTTPMiddleware.__call__.<locals>.call_next.<locals>.coro"}
{"asctime": "2026-03-03 10:15:00,912", "levelname": "INFO", "message": "HTTP Request: POST http://localhost:8001/api/v1/users/refresh \"HTTP/1.1 200 OK\"", "url": null, "method": null, "process_time": null, "taskName": "starlette.middleware.base.BaseHTTPMiddleware.__call__.<locals>.call_next.<locals>.coro"}
{"asctime": "2026-03-03 10:15:00,916", "levelname": "INFO", "message": "", "url": "/api/v1/users/refresh", "method": "POST", "process_time": 4.903174161911011, "taskName": "starlette.middleware.base.BaseHTTPMiddleware.__call__.<locals>.call_next.<locals>.coro"}
{"asctime": "2026-03-03 10:15:00,926", "levelname": "INFO", "message": "HTTP Request: POST http://localhost:8001/api/v1/users/refresh \"HTTP/1.1 200 OK\"", "url": null, "method": null, "process_time": null, "taskName": "starlette.middleware.base.BaseHTTPMiddleware.__call__.<locals>.call_next.<locals>.coro"}
{"asctime": "2026-03-03 10:15:00,928", "levelname": "INFO", "message": "", "url": "/api/v1/users/refresh", "method": "POST", "process_time": 4.915673017501831, "taskName": "starlette.middleware.base.BaseHTTPMiddleware.__call__.<locals>.call_next.<locals>.coro"}
{"asctime": "2026-03-03 10:15:04,890", "levelname": "INFO", "message": "HTTP Request: POST http://localhost:8001/api/v1/users/refresh \"HTTP/1.1 200 OK\"", "url": null, "method": null, "process_time": null, "taskName": "starlette.middleware.base.BaseHTTPMiddleware.__call__.<locals>.call_next.<locals>.coro"}
{"asctime": "2026-03-03 10:15:04,894", "levelname": "INFO", "message": "", "url": "/api/v1/users/refresh", "method": "POST", "process_time": 3.9594175815582275, "taskName": "starlette.middleware.base.BaseHTTPMiddleware.__call__.<locals>.call_next.<locals>.coro"}
{"asctime": "2026-03-03 10:15:27,056", "levelname": "INFO", "message": "HTTP Request: POST http://localhost:8001/api/v1/users/login \"HTTP/1.1 200 OK\"", "url": null, "method": null, "process_time": null, "taskName": "starlette.middleware.base.BaseHTTPMiddleware.__call__.<locals>.call_next.<locals>.coro"}
{"asctime": "2026-03-03 10:15:27,066", "levelname": "INFO", "message": "", "url": "/api/v1/users/login", "method": "POST", "process_time": 5.021552562713623, "taskName": "starlette.middleware.base.BaseHTTPMiddleware.__call__.<locals>.call_next.<locals>.coro"}
{"asctime": "2026-03-03 10:17:28,502", "levelname": "INFO", "message": "HTTP Request: POST http://localhost:8001/api/v1/users/refresh \"HTTP/1.1 200 OK\"", "url": null, "method": null, "process_time": null, "taskName": "starlette.middleware.base.BaseHTTPMiddleware.__call__.<locals>.call_next.<locals>.coro"}
{"asctime": "2026-03-03 10:17:28,503", "levelname": "INFO", "message": "", "url": "/api/v1/users/refresh", "method": "POST", "process_time": 0.5529649257659912, "taskName": "starlette.middleware.base.BaseHTTPMiddleware.__call__.<locals>.call_next.<locals>.coro"}
{"asctime": "2026-03-03 10:17:29,188", "levelname": "INFO", "message": "HTTP Request: POST http://localhost:8001/api/v1/users/refresh \"HTTP/1.1 200 OK\"", "url": null, "method": null, "process_time": null, "taskName": "starlette.middleware.base.BaseHTTPMiddleware.__call__.<locals>.call_next.<locals>.coro"}
{"asctime": "2026-03-03 10:17:29,191", "levelname": "INFO", "message": "", "url": "/api/v1/users/refresh", "method": "POST", "process_time": 0.6024293899536133, "taskName": "starlette.middleware.base.BaseHTTPMiddleware.__call__.<locals>.call_next.<locals>.coro"}
{"asctime": "2026-03-03 10:17:29,833", "levelname": "INFO", "message": "HTTP Request: POST http://localhost:8001/api/v1/users/refresh \"HTTP/1.1 200 OK\"", "url": null, "method": null, "process_time": null, "taskName": "starlette.middleware.base.BaseHTTPMiddleware.__call__.<locals>.call_next.<locals>.coro"}
{"asctime": "2026-03-03 10:17:29,834", "levelname": "INFO", "message": "", "url": "/api/v1/users/refresh", "method": "POST", "process_time": 0.5991110801696777, "taskName": "starlette.middleware.base.BaseHTTPMiddleware.__call__.<locals>.call_next.<locals>.coro"}
{"asctime": "2026-03-03 10:17:30,643", "levelname": "INFO", "message": "HTTP Request: POST http://localhost:8001/api/v1/users/refresh \"HTTP/1.1 200 OK\"", "url": null, "method": null, "process_time": null, "taskName": "starlette.middleware.base.BaseHTTPMiddleware.__call__.<locals>.call_next.<locals>.coro"}
{"asctime": "2026-03-03 10:17:30,644", "levelname": "INFO", "message": "", "url": "/api/v1/users/refresh", "method": "POST", "process_time": 0.7433202266693115, "taskName": "starlette.middleware.base.BaseHTTPMiddleware.__call__.<locals>.call_next.<locals>.coro"}
{"asctime": "2026-03-03 10:17:50,631", "levelname": "INFO", "message": "HTTP Request: POST http://localhost:8001/api/v1/users/refresh \"HTTP/1.1 200 OK\"", "url": null, "method": null, "process_time": null, "taskName": "starlette.middleware.base.BaseHTTPMiddleware.__call__.<locals>.call_next.<locals>.coro"}
{"asctime": "2026-03-03 10:17:50,633", "levelname": "INFO", "message": "", "url": "/api/v1/users/refresh", "method": "POST", "process_time": 1.7444572448730469, "taskName": "starlette.middleware.base.BaseHTTPMiddleware.__call__.<locals>.call_next.<locals>.coro"}
{"asctime": "2026-03-03 10:17:51,399", "levelname": "INFO", "message": "HTTP Request: POST http://localhost:8001/api/v1/users/refresh \"HTTP/1.1 200 OK\"", "url": null, "method": null, "process_time": null, "taskName": "starlette.middleware.base.BaseHTTPMiddleware.__call__.<locals>.call_next.<locals>.coro"}
{"asctime": "2026-03-03 10:17:51,401", "levelname": "INFO", "message": "", "url": "/api/v1/users/refresh", "method": "POST", "process_time": 1.7408099174499512, "taskName": "starlette.middleware.base.BaseHTTPMiddleware.__call__.<locals>.call_next.<locals>.coro"}
{"asctime": "2026-03-03 10:17:51,659", "levelname": "INFO", "message": "HTTP Request: POST http://localhost:8001/api/v1/users/refresh \"HTTP/1.1 200 OK\"", "url": null, "method": null, "process_time": null, "taskName": "starlette.middleware.base.BaseHTTPMiddleware.__call__.<locals>.call_next.<locals>.coro"}
{"asctime": "2026-03-03 10:17:51,662", "levelname": "INFO", "message": "", "url": "/api/v1/users/refresh", "method": "POST", "process_time": 1.0046625137329102, "taskName": "starlette.middleware.base.BaseHTTPMiddleware.__call__.<locals>.call_next.<locals>.coro"}
{"asctime": "2026-03-03 10:17:53,188", "levelname": "INFO", "message": "HTTP Request: POST http://localhost:8001/api/v1/users/refresh \"HTTP/1.1 200 OK\"", "url": null, "method": null, "process_time": null, "taskName": "starlette.middleware.base.BaseHTTPMiddleware.__call__.<locals>.call_next.<locals>.coro"}
{"asctime": "2026-03-03 10:17:53,190", "levelname": "INFO", "message": "", "url": "/api/v1/users/refresh", "method": "POST", "process_time": 1.467050552368164, "taskName": "starlette.middleware.base.BaseHTTPMiddleware.__call__.<locals>.call_next.<locals>.coro"}
{"asctime": "2026-03-03 10:18:03,949", "levelname": "INFO", "message": "HTTP Request: POST http://localhost:8001/api/v1/users/login \"HTTP/1.1 200 OK\"", "url": null, "method": null, "process_time": null, "taskName": "starlette.middleware.base.BaseHTTPMiddleware.__call__.<locals>.call_next.<locals>.coro"}
{"asctime": "2026-03-03 10:18:03,952", "levelname": "INFO", "message": "", "url": "/api/v1/users/login", "method": "POST", "process_time": 1.39003586769104, "taskName": "starlette.middleware.base.BaseHTTPMiddleware.__call__.<locals>.call_next.<locals>.coro"}
{"asctime": "2026-03-03 10:18:05,426", "levelname": "INFO", "message": "HTTP Request: POST http://localhost:8001/api/v1/users/refresh \"HTTP/1.1 200 OK\"", "url": null, "method": null, "process_time": null, "taskName": "starlette.middleware.base.BaseHTTPMiddleware.__call__.<locals>.call_next.<locals>.coro"}
{"asctime": "2026-03-03 10:18:05,430", "levelname": "INFO", "message": "", "url": "/api/v1/users/refresh", "method": "POST", "process_time": 1.2481534481048584, "taskName": "starlette.middleware.base.BaseHTTPMiddleware.__call__.<locals>.call_next.<locals>.coro"}
{"asctime": "2026-03-03 10:18:06,893", "levelname": "INFO", "message": "HTTP Request: POST http://localhost:8001/api/v1/users/refresh \"HTTP/1.1 200 OK\"", "url": null, "method": null, "process_time": null, "taskName": "starlette.middleware.base.BaseHTTPMiddleware.__call__.<locals>.call_next.<locals>.coro"}
{"asctime": "2026-03-03 10:18:06,896", "levelname": "INFO", "message": "", "url": "/api/v1/users/refresh", "method": "POST", "process_time": 1.3314785957336426, "taskName": "starlette.middleware.base.BaseHTTPMiddleware.__call__.<locals>.call_next.<locals>.coro"}
{"asctime": "2026-03-03 10:18:08,236", "levelname": "INFO", "message": "HTTP Request: POST http://localhost:8001/api/v1/users/refresh \"HTTP/1.1 200 OK\"", "url": null, "method": null, "process_time": null, "taskName": "starlette.middleware.base.BaseHTTPMiddleware.__call__.<locals>.call_next.<locals>.coro"}
{"asctime": "2026-03-03 10:18:08,240", "levelname": "INFO", "message": "", "url": "/api/v1/users/refresh", "method": "POST", "process_time": 1.2504582405090332, "taskName": "starlette.middleware.base.BaseHTTPMiddleware.__call__.<locals>.call_next.<locals>.coro"}
{"asctime": "2026-03-03 10:18:09,601", "levelname": "INFO", "message": "HTTP Request: POST http://localhost:8001/api/v1/users/refresh \"HTTP/1.1 200 OK\"", "url": null, "method": null, "process_time": null, "taskName": "starlette.middleware.base.BaseHTTPMiddleware.__call__.<locals>.call_next.<locals>.coro"}
{"asctime": "2026-03-03 10:18:09,603", "levelname": "INFO", "message": "", "url": "/api/v1/users/refresh", "method": "POST", "process_time": 1.2503888607025146, "taskName": "starlette.middleware.base.BaseHTTPMiddleware.__call__.<locals>.call_next.<locals>.coro"}
{"asctime": "2026-03-03 10:18:10,972", "levelname": "INFO", "message": "HTTP Request: POST http://localhost:8001/api/v1/users/refresh \"HTTP/1.1 200 OK\"", "url": null, "method": null, "process_time": null, "taskName": "starlette.middleware.base.BaseHTTPMiddleware.__call__.<locals>.call_next.<locals>.coro"}
{"asctime": "2026-03-03 10:18:10,974", "levelname": "INFO", "message": "", "url": "/api/v1/users/refresh", "method": "POST", "process_time": 1.3129453659057617, "taskName": "starlette.middleware.base.BaseHTTPMiddleware.__call__.<locals>.call_next.<locals>.coro"}
{"asctime": "2026-03-03 10:18:12,414", "levelname": "INFO", "message": "HTTP Request: POST http://localhost:8001/api/v1/users/refresh \"HTTP/1.1 200 OK\"", "url": null, "method": null, "process_time": null, "taskName": "starlette.middleware.base.BaseHTTPMiddleware.__call__.<locals>.call_next.<locals>.coro"}
{"asctime": "2026-03-03 10:18:12,417", "levelname": "INFO", "message": "", "url": "/api/v1/users/refresh", "method": "POST", "process_time": 1.2950959205627441, "taskName": "starlette.middleware.base.BaseHTTPMiddleware.__call__.<locals>.call_next.<locals>.coro"}
{"asctime": "2026-03-03 10:18:14,002", "levelname": "INFO", "message": "HTTP Request: POST http://localhost:8001/api/v1/users/refresh \"HTTP/1.1 200 OK\"", "url": null, "method": null, "process_time": null, "taskName": "starlette.middleware.base.BaseHTTPMiddleware.__call__.<locals>.call_next.<locals>.coro"}
{"asctime": "2026-03-03 10:18:14,011", "levelname": "INFO", "message": "", "url": "/api/v1/users/refresh", "method": "POST", "process_time": 1.4906482696533203, "taskName": "starlette.middleware.base.BaseHTTPMiddleware.__call__.<locals>.call_next.<locals>.coro"}
{"asctime": "2026-03-03 10:18:15,398", "levelname": "INFO", "message": "HTTP Request: POST http://localhost:8001/api/v1/users/refresh \"HTTP/1.1 200 OK\"", "url": null, "method": null, "process_time": null, "taskName": "starlette.middleware.base.BaseHTTPMiddleware.__call__.<locals>.call_next.<locals>.coro"}
{"asctime": "2026-03-03 10:18:15,402", "levelname": "INFO", "message": "", "url": "/api/v1/users/refresh", "method": "POST", "process_time": 1.3453404903411865, "taskName": "starlette.middleware.base.BaseHTTPMiddleware.__call__.<locals>.call_next.<locals>.coro"}
{"asctime": "2026-03-03 10:19:05,393", "levelname": "INFO", "message": "HTTP Request: POST http://localhost:8001/api/v1/users/refresh \"HTTP/1.1 200 OK\"", "url": null, "method": null, "process_time": null, "taskName": "starlette.middleware.base.BaseHTTPMiddleware.__call__.<locals>.call_next.<locals>.coro"}
{"asctime": "2026-03-03 10:19:05,395", "levelname": "INFO", "message": "", "url": "/api/v1/users/refresh", "method": "POST", "process_time": 1.0840091705322266, "taskName": "starlette.middleware.base.BaseHTTPMiddleware.__call__.<locals>.call_next.<locals>.coro"}
{"asctime": "2026-03-03 10:19:06,052", "levelname": "INFO", "message": "HTTP Request: POST http://localhost:8001/api/v1/users/refresh \"HTTP/1.1 200 OK\"", "url": null, "method": null, "process_time": null, "taskName": "starlette.middleware.base.BaseHTTPMiddleware.__call__.<locals>.call_next.<locals>.coro"}
{"asctime": "2026-03-03 10:19:06,053", "levelname": "INFO", "message": "", "url": "/api/v1/users/refresh", "method": "POST", "process_time": 0.5348856449127197, "taskName": "starlette.middleware.base.BaseHTTPMiddleware.__call__.<locals>.call_next.<locals>.coro"}
{"asctime": "2026-03-03 10:19:06,611", "levelname": "INFO", "message": "HTTP Request: POST http://localhost:8001/api/v1/users/refresh \"HTTP/1.1 200 OK\"", "url": null, "method": null, "process_time": null, "taskName": "starlette.middleware.base.BaseHTTPMiddleware.__call__.<locals>.call_next.<locals>.coro"}
{"asctime": "2026-03-03 10:19:06,611", "levelname": "INFO", "message": "", "url": "/api/v1/users/refresh", "method": "POST", "process_time": 0.5184314250946045, "taskName": "starlette.middleware.base.BaseHTTPMiddleware.__call__.<locals>.call_next.<locals>.coro"}
{"asctime": "2026-03-03 10:44:36,579", "levelname": "INFO", "message": "HTTP Request: POST http://localhost:8001/api/v1/users/refresh \"HTTP/1.1 200 OK\"", "url": null, "method": null, "process_time": null, "taskName": "starlette.middleware.base.BaseHTTPMiddleware.__call__.<locals>.call_next.<locals>.coro"}
{"asctime": "2026-03-03 10:44:36,588", "levelname": "INFO", "message": "HTTP Request: POST http://localhost:8001/api/v1/users/refresh \"HTTP/1.1 200 OK\"", "url": null, "method": null, "process_time": null, "taskName": "starlette.middleware.base.BaseHTTPMiddleware.__call__.<locals>.call_next.<locals>.coro"}
{"asctime": "2026-03-03 10:44:36,590", "levelname": "INFO", "message": "", "url": "/api/v1/users/refresh", "method": "POST", "process_time": 1.136706829071045, "taskName": "starlette.middleware.base.BaseHTTPMiddleware.__call__.<locals>.call_next.<locals>.coro"}
{"asctime": "2026-03-03 10:44:36,593", "levelname": "INFO", "message": "", "url": "/api/v1/users/refresh", "method": "POST", "process_time": 0.7400503158569336, "taskName": "starlette.middleware.base.BaseHTTPMiddleware.__call__.<locals>.call_next.<locals>.coro"}
{"asctime": "2026-03-03 10:44:37,181", "levelname": "INFO", "message": "HTTP Request: POST http://localhost:8001/api/v1/users/refresh \"HTTP/1.1 200 OK\"", "url": null, "method": null, "process_time": null, "taskName": "starlette.middleware.base.BaseHTTPMiddleware.__call__.<locals>.call_next.<locals>.coro"}
{"asctime": "2026-03-03 10:44:37,182", "levelname": "INFO", "message": "", "url": "/api/v1/users/refresh", "method": "POST", "process_time": 0.559558629989624, "taskName": "starlette.middleware.base.BaseHTTPMiddleware.__call__.<locals>.call_next.<locals>.coro"}
{"asctime": "2026-03-03 10:44:38,713", "levelname": "INFO", "message": "HTTP Request: POST http://localhost:8001/api/v1/users/refresh \"HTTP/1.1 200 OK\"", "url": null, "method": null, "process_time": null, "taskName": "starlette.middleware.base.BaseHTTPMiddleware.__call__.<locals>.call_next.<locals>.coro"}
{"asctime": "2026-03-03 10:44:38,714", "levelname": "INFO", "message": "HTTP Request: POST http://localhost:8001/api/v1/users/refresh \"HTTP/1.1 200 OK\"", "url": null, "method": null, "process_time": null, "taskName": "starlette.middleware.base.BaseHTTPMiddleware.__call__.<locals>.call_next.<locals>.coro"}
{"asctime": "2026-03-03 10:44:38,716", "levelname": "INFO", "message": "", "url": "/api/v1/users/refresh", "method": "POST", "process_time": 0.5421934127807617, "taskName": "starlette.middleware.base.BaseHTTPMiddleware.__call__.<locals>.call_next.<locals>.coro"}
{"asctime": "2026-03-03 10:44:38,718", "levelname": "INFO", "message": "", "url": "/api/v1/users/refresh", "method": "POST", "process_time": 0.8603084087371826, "taskName": "starlette.middleware.base.BaseHTTPMiddleware.__call__.<locals>.call_next.<locals>.coro"}
{"asctime": "2026-03-03 10:44:39,335", "levelname": "INFO", "message": "HTTP Request: POST http://localhost:8001/api/v1/users/refresh \"HTTP/1.1 200 OK\"", "url": null, "method": null, "process_time": null, "taskName": "starlette.middleware.base.BaseHTTPMiddleware.__call__.<locals>.call_next.<locals>.coro"}
{"asctime": "2026-03-03 10:44:39,337", "levelname": "INFO", "message": "", "url": "/api/v1/users/refresh", "method": "POST", "process_time": 0.595717191696167, "taskName": "starlette.middleware.base.BaseHTTPMiddleware.__call__.<locals>.call_next.<locals>.coro"}
{"asctime": "2026-03-03 10:44:42,021", "levelname": "INFO", "message": "HTTP Request: POST http://localhost:8001/api/v1/users/refresh \"HTTP/1.1 200 OK\"", "url": null, "method": null, "process_time": null, "taskName": "starlette.middleware.base.BaseHTTPMiddleware.__call__.<locals>.call_next.<locals>.coro"}
{"asctime": "2026-03-03 10:44:42,025", "levelname": "INFO", "message": "HTTP Request: POST http://localhost:8001/api/v1/users/refresh \"HTTP/1.1 200 OK\"", "url": null, "method": null, "process_time": null, "taskName": "starlette.middleware.base.BaseHTTPMiddleware.__call__.<locals>.call_next.<locals>.coro"}
{"asctime": "2026-03-03 10:44:42,027", "levelname": "INFO", "message": "", "url": "/api/v1/users/refresh", "method": "POST", "process_time": 0.9555785655975342, "taskName": "starlette.middleware.base.BaseHTTPMiddleware.__call__.<locals>.call_next.<locals>.coro"}
{"asctime": "2026-03-03 10:44:42,030", "levelname": "INFO", "message": "", "url": "/api/v1/users/refresh", "method": "POST", "process_time": 0.5919709205627441, "taskName": "starlette.middleware.base.BaseHTTPMiddleware.__call__.<locals>.call_next.<locals>.coro"}
{"asctime": "2026-03-03 10:44:42,657", "levelname": "INFO", "message": "HTTP Request: POST http://localhost:8001/api/v1/users/refresh \"HTTP/1.1 200 OK\"", "url": null, "method": null, "process_time": null, "taskName": "starlette.middleware.base.BaseHTTPMiddleware.__call__.<locals>.call_next.<locals>.coro"}
{"asctime": "2026-03-03 10:44:42,658", "levelname": "INFO", "message": "", "url": "/api/v1/users/refresh", "method": "POST", "process_time": 0.5799579620361328, "taskName": "starlette.middleware.base.BaseHTTPMiddleware.__call__.<locals>.call_next.<locals>.coro"}
{"asctime": "2026-03-03 10:44:49,217", "levelname": "INFO", "message": "HTTP Request: POST http://localhost:8001/api/v1/users/refresh \"HTTP/1.1 200 OK\"", "url": null, "method": null, "process_time": null, "taskName": "starlette.middleware.base.BaseHTTPMiddleware.__call__.<locals>.call_next.<locals>.coro"}
{"asctime": "2026-03-03 10:44:49,219", "levelname": "INFO", "message": "", "url": "/api/v1/users/refresh", "method": "POST", "process_time": 0.5595815181732178, "taskName": "starlette.middleware.base.BaseHTTPMiddleware.__call__.<locals>.call_next.<locals>.coro"}
{"asctime": "2026-03-03 10:44:49,221", "levelname": "INFO", "message": "HTTP Request: POST http://localhost:8001/api/v1/users/refresh \"HTTP/1.1 200 OK\"", "url": null, "method": null, "process_time": null, "taskName": "starlette.middleware.base.BaseHTTPMiddleware.__call__.<locals>.call_next.<locals>.coro"}
{"asctime": "2026-03-03 10:44:49,225", "levelname": "INFO", "message": "", "url": "/api/v1/users/refresh", "method": "POST", "process_time": 0.8704679012298584, "taskName": "starlette.middleware.base.BaseHTTPMiddleware.__call__.<locals>.call_next.<locals>.coro"}
{"asctime": "2026-03-03 10:44:50,624", "levelname": "INFO", "message": "HTTP Request: POST http://localhost:8001/api/v1/users/refresh \"HTTP/1.1 200 OK\"", "url": null, "method": null, "process_time": null, "taskName": "starlette.middleware.base.BaseHTTPMiddleware.__call__.<locals>.call_next.<locals>.coro"}
{"asctime": "2026-03-03 10:44:50,624", "levelname": "INFO", "message": "", "url": "/api/v1/users/refresh", "method": "POST", "process_time": 1.3322432041168213, "taskName": "starlette.middleware.base.BaseHTTPMiddleware.__call__.<locals>.call_next.<locals>.coro"}
{"asctime": "2026-03-03 10:44:50,886", "levelname": "INFO", "message": "HTTP Request: POST http://localhost:8001/api/v1/users/refresh \"HTTP/1.1 200 OK\"", "url": null, "method": null, "process_time": null, "taskName": "starlette.middleware.base.BaseHTTPMiddleware.__call__.<locals>.call_next.<locals>.coro"}
{"asctime": "2026-03-03 10:44:50,888", "levelname": "INFO", "message": "HTTP Request: POST http://localhost:8001/api/v1/users/refresh \"HTTP/1.1 200 OK\"", "url": null, "method": null, "process_time": null, "taskName": "starlette.middleware.base.BaseHTTPMiddleware.__call__.<locals>.call_next.<locals>.coro"}
{"asctime": "2026-03-03 10:44:50,889", "levelname": "INFO", "message": "", "url": "/api/v1/users/refresh", "method": "POST", "process_time": 0.9938979148864746, "taskName": "starlette.middleware.base.BaseHTTPMiddleware.__call__.<locals>.call_next.<locals>.coro"}
{"asctime": "2026-03-03 10:44:50,890", "levelname": "INFO", "message": "", "url": "/api/v1/users/refresh", "method": "POST", "process_time": 0.563223123550415, "taskName": "starlette.middleware.base.BaseHTTPMiddleware.__call__.<locals>.call_next.<locals>.coro"}
{"asctime": "2026-03-03 10:44:51,597", "levelname": "INFO", "message": "HTTP Request: POST http://localhost:8001/api/v1/users/refresh \"HTTP/1.1 200 OK\"", "url": null, "method": null, "process_time": null, "taskName": "starlette.middleware.base.BaseHTTPMiddleware.__call__.<locals>.call_next.<locals>.coro"}
{"asctime": "2026-03-03 10:44:51,598", "levelname": "INFO", "message": "", "url": "/api/v1/users/refresh", "method": "POST", "process_time": 0.674034595489502, "taskName": "starlette.middleware.base.BaseHTTPMiddleware.__call__.<locals>.call_next.<locals>.coro"}
{"asctime": "2026-03-03 10:45:16,777", "levelname": "INFO", "message": "HTTP Request: POST http://localhost:8001/api/v1/users/login \"HTTP/1.1 200 OK\"", "url": null, "method": null, "process_time": null, "taskName": "starlette.middleware.base.BaseHTTPMiddleware.__call__.<locals>.call_next.<locals>.coro"}
{"asctime": "2026-03-03 10:45:16,779", "levelname": "INFO", "message": "", "url": "/api/v1/users/login", "method": "POST", "process_time": 1.720576524734497, "taskName": "starlette.middleware.base.BaseHTTPMiddleware.__call__.<locals>.call_next.<locals>.coro"}
{"asctime": "2026-03-03 10:53:25,296", "levelname": "INFO", "message": "HTTP Request: POST http://localhost:8001/api/v1/users/refresh \"HTTP/1.1 200 OK\"", "url": null, "method": null, "process_time": null, "taskName": "starlette.middleware.base.BaseHTTPMiddleware.__call__.<locals>.call_next.<locals>.coro"}
{"asctime": "2026-03-03 10:53:25,301", "levelname": "INFO", "message": "HTTP Request: POST http://localhost:8001/api/v1/users/refresh \"HTTP/1.1 200 OK\"", "url": null, "method": null, "process_time": null, "taskName": "starlette.middleware.base.BaseHTTPMiddleware.__call__.<locals>.call_next.<locals>.coro"}
{"asctime": "2026-03-03 10:53:25,303", "levelname": "INFO", "message": "", "url": "/api/v1/users/refresh", "method": "POST", "process_time": 1.667130947113037, "taskName": "starlette.middleware.base.BaseHTTPMiddleware.__call__.<locals>.call_next.<locals>.coro"}
{"asctime": "2026-03-03 10:53:25,307", "levelname": "INFO", "message": "", "url": "/api/v1/users/refresh", "method": "POST", "process_time": 2.5458555221557617, "taskName": "starlette.middleware.base.BaseHTTPMiddleware.__call__.<locals>.call_next.<locals>.coro"}
{"asctime": "2026-03-03 10:53:26,465", "levelname": "INFO", "message": "HTTP Request: POST http://localhost:8001/api/v1/users/refresh \"HTTP/1.1 200 OK\"", "url": null, "method": null, "process_time": null, "taskName": "starlette.middleware.base.BaseHTTPMiddleware.__call__.<locals>.call_next.<locals>.coro"}
{"asctime": "2026-03-03 10:53:26,476", "levelname": "INFO", "message": "", "url": "/api/v1/users/refresh", "method": "POST", "process_time": 1.1313297748565674, "taskName": "starlette.middleware.base.BaseHTTPMiddleware.__call__.<locals>.call_next.<locals>.coro"}
{"asctime": "2026-03-03 10:57:41,647", "levelname": "INFO", "message": "HTTP Request: POST http://localhost:8001/api/v1/users/login \"HTTP/1.1 200 OK\"", "url": null, "method": null, "process_time": null, "taskName": "starlette.middleware.base.BaseHTTPMiddleware.__call__.<locals>.call_next.<locals>.coro"}
{"asctime": "2026-03-03 10:57:41,652", "levelname": "INFO", "message": "", "url": "/api/v1/users/login", "method": "POST", "process_time": 1.7397282123565674, "taskName": "starlette.middleware.base.BaseHTTPMiddleware.__call__.<locals>.call_next.<locals>.coro"}
{"asctime": "2026-03-03 11:00:49,434", "levelname": "INFO", "message": "HTTP Request: POST http://localhost:8001/api/v1/users/refresh \"HTTP/1.1 200 OK\"", "url": null, "method": null, "process_time": null, "taskName": "starlette.middleware.base.BaseHTTPMiddleware.__call__.<locals>.call_next.<locals>.coro"}
{"asctime": "2026-03-03 11:00:49,436", "levelname": "INFO", "message": "", "url": "/api/v1/users/refresh", "method": "POST", "process_time": 6.533594608306885, "taskName": "starlette.middleware.base.BaseHTTPMiddleware.__call__.<locals>.call_next.<locals>.coro"}
{"asctime": "2026-03-03 11:00:50,520", "levelname": "INFO", "message": "HTTP Request: POST http://localhost:8001/api/v1/users/refresh \"HTTP/1.1 200 OK\"", "url": null, "method": null, "process_time": null, "taskName": "starlette.middleware.base.BaseHTTPMiddleware.__call__.<locals>.call_next.<locals>.coro"}
{"asctime": "2026-03-03 11:00:50,522", "levelname": "INFO", "message": "", "url": "/api/v1/users/refresh", "method": "POST", "process_time": 1.018662452697754, "taskName": "starlette.middleware.base.BaseHTTPMiddleware.__call__.<locals>.call_next.<locals>.coro"}
{"asctime": "2026-03-03 11:00:51,609", "levelname": "INFO", "message": "HTTP Request: POST http://localhost:8001/api/v1/users/refresh \"HTTP/1.1 200 OK\"", "url": null, "method": null, "process_time": null, "taskName": "starlette.middleware.base.BaseHTTPMiddleware.__call__.<locals>.call_next.<locals>.coro"}
{"asctime": "2026-03-03 11:00:51,611", "levelname": "INFO", "message": "", "url": "/api/v1/users/refresh", "method": "POST", "process_time": 0.9439096450805664, "taskName": "starlette.middleware.base.BaseHTTPMiddleware.__call__.<locals>.call_next.<locals>.coro"}
{"asctime": "2026-03-03 11:00:52,484", "levelname": "INFO", "message": "HTTP Request: POST http://localhost:8001/api/v1/users/refresh \"HTTP/1.1 200 OK\"", "url": null, "method": null, "process_time": null, "taskName": "starlette.middleware.base.BaseHTTPMiddleware.__call__.<locals>.call_next.<locals>.coro"}
{"asctime": "2026-03-03 11:00:52,486", "levelname": "INFO", "message": "", "url": "/api/v1/users/refresh", "method": "POST", "process_time": 0.7358694076538086, "taskName": "starlette.middleware.base.BaseHTTPMiddleware.__call__.<locals>.call_next.<locals>.coro"}
{"asctime": "2026-03-03 11:01:03,470", "levelname": "INFO", "message": "HTTP Request: POST http://localhost:8001/api/v1/users/refresh \"HTTP/1.1 200 OK\"", "url": null, "method": null, "process_time": null, "taskName": "starlette.middleware.base.BaseHTTPMiddleware.__call__.<locals>.call_next.<locals>.coro"}
{"asctime": "2026-03-03 11:01:03,475", "levelname": "INFO", "message": "HTTP Request: POST http://localhost:8001/api/v1/users/refresh \"HTTP/1.1 200 OK\"", "url": null, "method": null, "process_time": null, "taskName": "starlette.middleware.base.BaseHTTPMiddleware.__call__.<locals>.call_next.<locals>.coro"}
{"asctime": "2026-03-03 11:01:03,478", "levelname": "INFO", "message": "", "url": "/api/v1/users/refresh", "method": "POST", "process_time": 2.555928945541382, "taskName": "starlette.middleware.base.BaseHTTPMiddleware.__call__.<locals>.call_next.<locals>.coro"}
{"asctime": "2026-03-03 11:01:03,480", "levelname": "INFO", "message": "", "url": "/api/v1/users/refresh", "method": "POST", "process_time": 1.2743923664093018, "taskName": "starlette.middleware.base.BaseHTTPMiddleware.__call__.<locals>.call_next.<locals>.coro"}
{"asctime": "2026-03-03 11:01:04,677", "levelname": "INFO", "message": "HTTP Request: POST http://localhost:8001/api/v1/users/refresh \"HTTP/1.1 200 OK\"", "url": null, "method": null, "process_time": null, "taskName": "starlette.middleware.base.BaseHTTPMiddleware.__call__.<locals>.call_next.<locals>.coro"}
{"asctime": "2026-03-03 11:01:04,679", "levelname": "INFO", "message": "", "url": "/api/v1/users/refresh", "method": "POST", "process_time": 1.145399808883667, "taskName": "starlette.middleware.base.BaseHTTPMiddleware.__call__.<locals>.call_next.<locals>.coro"}
{"asctime": "2026-03-03 11:01:06,196", "levelname": "INFO", "message": "HTTP Request: POST http://localhost:8001/api/v1/users/refresh \"HTTP/1.1 200 OK\"", "url": null, "method": null, "process_time": null, "taskName": "starlette.middleware.base.BaseHTTPMiddleware.__call__.<locals>.call_next.<locals>.coro"}
{"asctime": "2026-03-03 11:01:06,197", "levelname": "INFO", "message": "", "url": "/api/v1/users/refresh", "method": "POST", "process_time": 1.4346582889556885, "taskName": "starlette.middleware.base.BaseHTTPMiddleware.__call__.<locals>.call_next.<locals>.coro"}
{"asctime": "2026-03-03 11:01:08,471", "levelname": "INFO", "message": "HTTP Request: POST http://localhost:8001/api/v1/users/refresh \"HTTP/1.1 200 OK\"", "url": null, "method": null, "process_time": null, "taskName": "starlette.middleware.base.BaseHTTPMiddleware.__call__.<locals>.call_next.<locals>.coro"}
{"asctime": "2026-03-03 11:01:08,474", "levelname": "INFO", "message": "", "url": "/api/v1/users/refresh", "method": "POST", "process_time": 1.754471778869629, "taskName": "starlette.middleware.base.BaseHTTPMiddleware.__call__.<locals>.call_next.<locals>.coro"}
{"asctime": "2026-03-03 11:01:11,000", "levelname": "INFO", "message": "HTTP Request: POST http://localhost:8001/api/v1/users/refresh \"HTTP/1.1 200 OK\"", "url": null, "method": null, "process_time": null, "taskName": "starlette.middleware.base.BaseHTTPMiddleware.__call__.<locals>.call_next.<locals>.coro"}
{"asctime": "2026-03-03 11:01:11,002", "levelname": "INFO", "message": "", "url": "/api/v1/users/refresh", "method": "POST", "process_time": 2.2210676670074463, "taskName": "starlette.middleware.base.BaseHTTPMiddleware.__call__.<locals>.call_next.<locals>.coro"}
{"asctime": "2026-03-03 11:01:15,766", "levelname": "INFO", "message": "HTTP Request: POST http://localhost:8001/api/v1/users/refresh \"HTTP/1.1 200 OK\"", "url": null, "method": null, "process_time": null, "taskName": "starlette.middleware.base.BaseHTTPMiddleware.__call__.<locals>.call_next.<locals>.coro"}
{"asctime": "2026-03-03 11:01:15,770", "levelname": "INFO", "message": "", "url": "/api/v1/users/refresh", "method": "POST", "process_time": 3.7330448627471924, "taskName": "starlette.middleware.base.BaseHTTPMiddleware.__call__.<locals>.call_next.<locals>.coro"}
{"asctime": "2026-03-03 11:01:17,892", "levelname": "INFO", "message": "HTTP Request: POST http://localhost:8001/api/v1/users/refresh \"HTTP/1.1 200 OK\"", "url": null, "method": null, "process_time": null, "taskName": "starlette.middleware.base.BaseHTTPMiddleware.__call__.<locals>.call_next.<locals>.coro"}
{"asctime": "2026-03-03 11:01:17,898", "levelname": "INFO", "message": "", "url": "/api/v1/users/refresh", "method": "POST", "process_time": 1.8181231021881104, "taskName": "starlette.middleware.base.BaseHTTPMiddleware.__call__.<locals>.call_next.<locals>.coro"}
{"asctime": "2026-03-03 11:01:20,802", "levelname": "INFO", "message": "HTTP Request: POST http://localhost:8001/api/v1/users/refresh \"HTTP/1.1 200 OK\"", "url": null, "method": null, "process_time": null, "taskName": "starlette.middleware.base.BaseHTTPMiddleware.__call__.<locals>.call_next.<locals>.coro"}
{"asctime": "2026-03-03 11:01:20,808", "levelname": "INFO", "message": "", "url": "/api/v1/users/refresh", "method": "POST", "process_time": 2.1084775924682617, "taskName": "starlette.middleware.base.BaseHTTPMiddleware.__call__.<locals>.call_next.<locals>.coro"}
{"asctime": "2026-03-03 11:01:23,496", "levelname": "INFO", "message": "HTTP Request: POST http://localhost:8001/api/v1/users/refresh \"HTTP/1.1 200 OK\"", "url": null, "method": null, "process_time": null, "taskName": "starlette.middleware.base.BaseHTTPMiddleware.__call__.<locals>.call_next.<locals>.coro"}
{"asctime": "2026-03-03 11:01:23,498", "levelname": "INFO", "message": "", "url": "/api/v1/users/refresh", "method": "POST", "process_time": 1.834451675415039, "taskName": "starlette.middleware.base.BaseHTTPMiddleware.__call__.<locals>.call_next.<locals>.coro"}
{"asctime": "2026-03-03 11:01:25,273", "levelname": "INFO", "message": "HTTP Request: POST http://localhost:8001/api/v1/users/refresh \"HTTP/1.1 200 OK\"", "url": null, "method": null, "process_time": null, "taskName": "starlette.middleware.base.BaseHTTPMiddleware.__call__.<locals>.call_next.<locals>.coro"}
{"asctime": "2026-03-03 11:01:25,277", "levelname": "INFO", "message": "", "url": "/api/v1/users/refresh", "method": "POST", "process_time": 1.5889081954956055, "taskName": "starlette.middleware.base.BaseHTTPMiddleware.__call__.<locals>.call_next.<locals>.coro"}
{"asctime": "2026-03-03 11:01:28,736", "levelname": "INFO", "message": "HTTP Request: POST http://localhost:8001/api/v1/users/refresh \"HTTP/1.1 200 OK\"", "url": null, "method": null, "process_time": null, "taskName": "starlette.middleware.base.BaseHTTPMiddleware.__call__.<locals>.call_next.<locals>.coro"}
{"asctime": "2026-03-03 11:01:28,739", "levelname": "INFO", "message": "", "url": "/api/v1/users/refresh", "method": "POST", "process_time": 3.0533108711242676, "taskName": "starlette.middleware.base.BaseHTTPMiddleware.__call__.<locals>.call_next.<locals>.coro"}
{"asctime": "2026-03-03 11:01:30,518", "levelname": "INFO", "message": "HTTP Request: POST http://localhost:8001/api/v1/users/refresh \"HTTP/1.1 200 OK\"", "url": null, "method": null, "process_time": null, "taskName": "starlette.middleware.base.BaseHTTPMiddleware.__call__.<locals>.call_next.<locals>.coro"}
{"asctime": "2026-03-03 11:01:30,521", "levelname": "INFO", "message": "", "url": "/api/v1/users/refresh", "method": "POST", "process_time": 1.6235151290893555, "taskName": "starlette.middleware.base.BaseHTTPMiddleware.__call__.<locals>.call_next.<locals>.coro"}
{"asctime": "2026-03-03 11:01:33,197", "levelname": "INFO", "message": "HTTP Request: POST http://localhost:8001/api/v1/users/refresh \"HTTP/1.1 200 OK\"", "url": null, "method": null, "process_time": null, "taskName": "starlette.middleware.base.BaseHTTPMiddleware.__call__.<locals>.call_next.<locals>.coro"}
{"asctime": "2026-03-03 11:01:33,198", "levelname": "INFO", "message": "", "url": "/api/v1/users/refresh", "method": "POST", "process_time": 2.2138073444366455, "taskName": "starlette.middleware.base.BaseHTTPMiddleware.__call__.<locals>.call_next.<locals>.coro"}
{"asctime": "2026-03-03 11:01:35,565", "levelname": "INFO", "message": "HTTP Request: POST http://localhost:8001/api/v1/users/refresh \"HTTP/1.1 200 OK\"", "url": null, "method": null, "process_time": null, "taskName": "starlette.middleware.base.BaseHTTPMiddleware.__call__.<locals>.call_next.<locals>.coro"}
{"asctime": "2026-03-03 11:01:35,567", "levelname": "INFO", "message": "", "url": "/api/v1/users/refresh", "method": "POST", "process_time": 1.7120022773742676, "taskName": "starlette.middleware.base.BaseHTTPMiddleware.__call__.<locals>.call_next.<locals>.coro"}
{"asctime": "2026-03-03 11:01:38,800", "levelname": "INFO", "message": "HTTP Request: POST http://localhost:8001/api/v1/users/refresh \"HTTP/1.1 200 OK\"", "url": null, "method": null, "process_time": null, "taskName": "starlette.middleware.base.BaseHTTPMiddleware.__call__.<locals>.call_next.<locals>.coro"}
{"asctime": "2026-03-03 11:01:38,805", "levelname": "INFO", "message": "", "url": "/api/v1/users/refresh", "method": "POST", "process_time": 2.9015302658081055, "taskName": "starlette.middleware.base.BaseHTTPMiddleware.__call__.<locals>.call_next.<locals>.coro"}
{"asctime": "2026-03-03 11:01:41,667", "levelname": "INFO", "message": "HTTP Request: POST http://localhost:8001/api/v1/users/refresh \"HTTP/1.1 200 OK\"", "url": null, "method": null, "process_time": null, "taskName": "starlette.middleware.base.BaseHTTPMiddleware.__call__.<locals>.call_next.<locals>.coro"}
{"asctime": "2026-03-03 11:01:41,670", "levelname": "INFO", "message": "", "url": "/api/v1/users/refresh", "method": "POST", "process_time": 1.4055883884429932, "taskName": "starlette.middleware.base.BaseHTTPMiddleware.__call__.<locals>.call_next.<locals>.coro"}
{"asctime": "2026-03-03 11:01:43,170", "levelname": "INFO", "message": "HTTP Request: POST http://localhost:8001/api/v1/users/refresh \"HTTP/1.1 200 OK\"", "url": null, "method": null, "process_time": null, "taskName": "starlette.middleware.base.BaseHTTPMiddleware.__call__.<locals>.call_next.<locals>.coro"}
{"asctime": "2026-03-03 11:01:43,172", "levelname": "INFO", "message": "", "url": "/api/v1/users/refresh", "method": "POST", "process_time": 1.3045663833618164, "taskName": "starlette.middleware.base.BaseHTTPMiddleware.__call__.<locals>.call_next.<locals>.coro"}
{"asctime": "2026-03-03 11:01:44,790", "levelname": "INFO", "message": "HTTP Request: POST http://localhost:8001/api/v1/users/refresh \"HTTP/1.1 200 OK\"", "url": null, "method": null, "process_time": null, "taskName": "starlette.middleware.base.BaseHTTPMiddleware.__call__.<locals>.call_next.<locals>.coro"}
{"asctime": "2026-03-03 11:01:44,793", "levelname": "INFO", "message": "", "url": "/api/v1/users/refresh", "method": "POST", "process_time": 1.2966673374176025, "taskName": "starlette.middleware.base.BaseHTTPMiddleware.__call__.<locals>.call_next.<locals>.coro"}
{"asctime": "2026-03-03 11:01:46,813", "levelname": "INFO", "message": "HTTP Request: POST http://localhost:8001/api/v1/users/refresh \"HTTP/1.1 200 OK\"", "url": null, "method": null, "process_time": null, "taskName": "starlette.middleware.base.BaseHTTPMiddleware.__call__.<locals>.call_next.<locals>.coro"}
{"asctime": "2026-03-03 11:01:46,816", "levelname": "INFO", "message": "", "url": "/api/v1/users/refresh", "method": "POST", "process_time": 1.2580652236938477, "taskName": "starlette.middleware.base.BaseHTTPMiddleware.__call__.<locals>.call_next.<locals>.coro"}
{"asctime": "2026-03-03 11:01:48,899", "levelname": "INFO", "message": "HTTP Request: POST http://localhost:8001/api/v1/users/refresh \"HTTP/1.1 200 OK\"", "url": null, "method": null, "process_time": null, "taskName": "starlette.middleware.base.BaseHTTPMiddleware.__call__.<locals>.call_next.<locals>.coro"}
{"asctime": "2026-03-03 11:01:48,904", "levelname": "INFO", "message": "", "url": "/api/v1/users/refresh", "method": "POST", "process_time": 1.9349400997161865, "taskName": "starlette.middleware.base.BaseHTTPMiddleware.__call__.<locals>.call_next.<locals>.coro"}
{"asctime": "2026-03-03 11:01:50,539", "levelname": "INFO", "message": "HTTP Request: POST http://localhost:8001/api/v1/users/refresh \"HTTP/1.1 200 OK\"", "url": null, "method": null, "process_time": null, "taskName": "starlette.middleware.base.BaseHTTPMiddleware.__call__.<locals>.call_next.<locals>.coro"}
{"asctime": "2026-03-03 11:01:50,541", "levelname": "INFO", "message": "", "url": "/api/v1/users/refresh", "method": "POST", "process_time": 0.9510507583618164, "taskName": "starlette.middleware.base.BaseHTTPMiddleware.__call__.<locals>.call_next.<locals>.coro"}
{"asctime": "2026-03-03 11:01:51,271", "levelname": "INFO", "message": "HTTP Request: POST http://localhost:8001/api/v1/users/refresh \"HTTP/1.1 200 OK\"", "url": null, "method": null, "process_time": null, "taskName": "starlette.middleware.base.BaseHTTPMiddleware.__call__.<locals>.call_next.<locals>.coro"}
{"asctime": "2026-03-03 11:01:51,273", "levelname": "INFO", "message": "", "url": "/api/v1/users/refresh", "method": "POST", "process_time": 0.565030574798584, "taskName": "starlette.middleware.base.BaseHTTPMiddleware.__call__.<locals>.call_next.<locals>.coro"}
{"asctime": "2026-03-03 11:01:51,865", "levelname": "INFO", "message": "HTTP Request: POST http://localhost:8001/api/v1/users/refresh \"HTTP/1.1 200 OK\"", "url": null, "method": null, "process_time": null, "taskName": "starlette.middleware.base.BaseHTTPMiddleware.__call__.<locals>.call_next.<locals>.coro"}
{"asctime": "2026-03-03 11:01:51,866", "levelname": "INFO", "message": "", "url": "/api/v1/users/refresh", "method": "POST", "process_time": 0.5330820083618164, "taskName": "starlette.middleware.base.BaseHTTPMiddleware.__call__.<locals>.call_next.<locals>.coro"}
{"asctime": "2026-03-03 11:01:52,542", "levelname": "INFO", "message": "HTTP Request: POST http://localhost:8001/api/v1/users/refresh \"HTTP/1.1 200 OK\"", "url": null, "method": null, "process_time": null, "taskName": "starlette.middleware.base.BaseHTTPMiddleware.__call__.<locals>.call_next.<locals>.coro"}
{"asctime": "2026-03-03 11:01:52,544", "levelname": "INFO", "message": "", "url": "/api/v1/users/refresh", "method": "POST", "process_time": 0.6025357246398926, "taskName": "starlette.middleware.base.BaseHTTPMiddleware.__call__.<locals>.call_next.<locals>.coro"}
{"asctime": "2026-03-03 11:01:53,173", "levelname": "INFO", "message": "HTTP Request: POST http://localhost:8001/api/v1/users/refresh \"HTTP/1.1 200 OK\"", "url": null, "method": null, "process_time": null, "taskName": "starlette.middleware.base.BaseHTTPMiddleware.__call__.<locals>.call_next.<locals>.coro"}
{"asctime": "2026-03-03 11:01:53,174", "levelname": "INFO", "message": "", "url": "/api/v1/users/refresh", "method": "POST", "process_time": 0.5806584358215332, "taskName": "starlette.middleware.base.BaseHTTPMiddleware.__call__.<locals>.call_next.<locals>.coro"}
{"asctime": "2026-03-03 11:01:54,464", "levelname": "INFO", "message": "HTTP Request: POST http://localhost:8001/api/v1/users/refresh \"HTTP/1.1 200 OK\"", "url": null, "method": null, "process_time": null, "taskName": "starlette.middleware.base.BaseHTTPMiddleware.__call__.<locals>.call_next.<locals>.coro"}
{"asctime": "2026-03-03 11:01:54,467", "levelname": "INFO", "message": "", "url": "/api/v1/users/refresh", "method": "POST", "process_time": 1.2466607093811035, "taskName": "starlette.middleware.base.BaseHTTPMiddleware.__call__.<locals>.call_next.<locals>.coro"}
{"asctime": "2026-03-03 11:01:58,857", "levelname": "INFO", "message": "HTTP Request: POST http://localhost:8001/api/v1/users/refresh \"HTTP/1.1 200 OK\"", "url": null, "method": null, "process_time": null, "taskName": "starlette.middleware.base.BaseHTTPMiddleware.__call__.<locals>.call_next.<locals>.coro"}
{"asctime": "2026-03-03 11:01:58,859", "levelname": "INFO", "message": "", "url": "/api/v1/users/refresh", "method": "POST", "process_time": 4.030107021331787, "taskName": "starlette.middleware.base.BaseHTTPMiddleware.__call__.<locals>.call_next.<locals>.coro"}
{"asctime": "2026-03-03 11:01:58,863", "levelname": "INFO", "message": "HTTP Request: POST http://localhost:8001/api/v1/users/refresh \"HTTP/1.1 200 OK\"", "url": null, "method": null, "process_time": null, "taskName": "starlette.middleware.base.BaseHTTPMiddleware.__call__.<locals>.call_next.<locals>.coro"}
{"asctime": "2026-03-03 11:01:58,865", "levelname": "INFO", "message": "", "url": "/api/v1/users/refresh", "method": "POST", "process_time": 2.0036845207214355, "taskName": "starlette.middleware.base.BaseHTTPMiddleware.__call__.<locals>.call_next.<locals>.coro"}
{"asctime": "2026-03-03 11:01:59,844", "levelname": "INFO", "message": "HTTP Request: POST http://localhost:8001/api/v1/users/refresh \"HTTP/1.1 200 OK\"", "url": null, "method": null, "process_time": null, "taskName": "starlette.middleware.base.BaseHTTPMiddleware.__call__.<locals>.call_next.<locals>.coro"}
{"asctime": "2026-03-03 11:01:59,847", "levelname": "INFO", "message": "", "url": "/api/v1/users/refresh", "method": "POST", "process_time": 2.9855802059173584, "taskName": "starlette.middleware.base.BaseHTTPMiddleware.__call__.<locals>.call_next.<locals>.coro"}
{"asctime": "2026-03-03 11:02:00,132", "levelname": "INFO", "message": "HTTP Request: POST http://localhost:8001/api/v1/users/refresh \"HTTP/1.1 200 OK\"", "url": null, "method": null, "process_time": null, "taskName": "starlette.middleware.base.BaseHTTPMiddleware.__call__.<locals>.call_next.<locals>.coro"}
{"asctime": "2026-03-03 11:02:00,135", "levelname": "INFO", "message": "", "url": "/api/v1/users/refresh", "method": "POST", "process_time": 1.246992826461792, "taskName": "starlette.middleware.base.BaseHTTPMiddleware.__call__.<locals>.call_next.<locals>.coro"}
{"asctime": "2026-03-03 11:02:02,310", "levelname": "INFO", "message": "HTTP Request: POST http://localhost:8001/api/v1/users/refresh \"HTTP/1.1 200 OK\"", "url": null, "method": null, "process_time": null, "taskName": "starlette.middleware.base.BaseHTTPMiddleware.__call__.<locals>.call_next.<locals>.coro"}
{"asctime": "2026-03-03 11:02:02,313", "levelname": "INFO", "message": "", "url": "/api/v1/users/refresh", "method": "POST", "process_time": 2.097040891647339, "taskName": "starlette.middleware.base.BaseHTTPMiddleware.__call__.<locals>.call_next.<locals>.coro"}
{"asctime": "2026-03-03 11:06:07,981", "levelname": "INFO", "message": "HTTP Request: POST http://localhost:8001/api/v1/users/login \"HTTP/1.1 200 OK\"", "url": null, "method": null, "process_time": null, "taskName": "starlette.middleware.base.BaseHTTPMiddleware.__call__.<locals>.call_next.<locals>.coro"}
{"asctime": "2026-03-03 11:06:08,033", "levelname": "INFO", "message": "", "url": "/api/v1/users/login", "method": "POST", "process_time": 1.6274542808532715, "taskName": "starlette.middleware.base.BaseHTTPMiddleware.__call__.<locals>.call_next.<locals>.coro"}
{"asctime": "2026-03-03 11:06:10,542", "levelname": "INFO", "message": "HTTP Request: POST http://localhost:8001/api/v1/users/refresh \"HTTP/1.1 200 OK\"", "url": null, "method": null, "process_time": null, "taskName": "starlette.middleware.base.BaseHTTPMiddleware.__call__.<locals>.call_next.<locals>.coro"}
{"asctime": "2026-03-03 11:06:10,552", "levelname": "INFO", "message": "", "url": "/api/v1/users/refresh", "method": "POST", "process_time": 1.6541743278503418, "taskName": "starlette.middleware.base.BaseHTTPMiddleware.__call__.<locals>.call_next.<locals>.coro"}
{"asctime": "2026-03-03 11:06:13,674", "levelname": "INFO", "message": "HTTP Request: POST http://localhost:8001/api/v1/users/refresh \"HTTP/1.1 200 OK\"", "url": null, "method": null, "process_time": null, "taskName": "starlette.middleware.base.BaseHTTPMiddleware.__call__.<locals>.call_next.<locals>.coro"}
{"asctime": "2026-03-03 11:06:13,679", "levelname": "INFO", "message": "", "url": "/api/v1/users/refresh", "method": "POST", "process_time": 1.6720740795135498, "taskName": "starlette.middleware.base.BaseHTTPMiddleware.__call__.<locals>.call_next.<locals>.coro"}
{"asctime": "2026-03-03 11:06:16,246", "levelname": "INFO", "message": "HTTP Request: POST http://localhost:8001/api/v1/users/refresh \"HTTP/1.1 200 OK\"", "url": null, "method": null, "process_time": null, "taskName": "starlette.middleware.base.BaseHTTPMiddleware.__call__.<locals>.call_next.<locals>.coro"}
{"asctime": "2026-03-03 11:06:16,250", "levelname": "INFO", "message": "", "url": "/api/v1/users/refresh", "method": "POST", "process_time": 1.8279104232788086, "taskName": "starlette.middleware.base.BaseHTTPMiddleware.__call__.<locals>.call_next.<locals>.coro"}
{"asctime": "2026-03-03 11:06:17,791", "levelname": "INFO", "message": "HTTP Request: POST http://localhost:8001/api/v1/users/refresh \"HTTP/1.1 200 OK\"", "url": null, "method": null, "process_time": null, "taskName": "starlette.middleware.base.BaseHTTPMiddleware.__call__.<locals>.call_next.<locals>.coro"}
{"asctime": "2026-03-03 11:06:17,793", "levelname": "INFO", "message": "", "url": "/api/v1/users/refresh", "method": "POST", "process_time": 1.33335280418396, "taskName": "starlette.middleware.base.BaseHTTPMiddleware.__call__.<locals>.call_next.<locals>.coro"}
{"asctime": "2026-03-03 11:06:19,675", "levelname": "INFO", "message": "HTTP Request: POST http://localhost:8001/api/v1/users/refresh \"HTTP/1.1 200 OK\"", "url": null, "method": null, "process_time": null, "taskName": "starlette.middleware.base.BaseHTTPMiddleware.__call__.<locals>.call_next.<locals>.coro"}
{"asctime": "2026-03-03 11:06:19,679", "levelname": "INFO", "message": "", "url": "/api/v1/users/refresh", "method": "POST", "process_time": 1.5751311779022217, "taskName": "starlette.middleware.base.BaseHTTPMiddleware.__call__.<locals>.call_next.<locals>.coro"}
{"asctime": "2026-03-03 11:06:21,066", "levelname": "INFO", "message": "HTTP Request: POST http://localhost:8001/api/v1/users/refresh \"HTTP/1.1 200 OK\"", "url": null, "method": null, "process_time": null, "taskName": "starlette.middleware.base.BaseHTTPMiddleware.__call__.<locals>.call_next.<locals>.coro"}
{"asctime": "2026-03-03 11:06:21,071", "levelname": "INFO", "message": "", "url": "/api/v1/users/refresh", "method": "POST", "process_time": 1.316406011581421, "taskName": "starlette.middleware.base.BaseHTTPMiddleware.__call__.<locals>.call_next.<locals>.coro"}
{"asctime": "2026-03-03 11:06:22,540", "levelname": "INFO", "message": "HTTP Request: POST http://localhost:8001/api/v1/users/refresh \"HTTP/1.1 200 OK\"", "url": null, "method": null, "process_time": null, "taskName": "starlette.middleware.base.BaseHTTPMiddleware.__call__.<locals>.call_next.<locals>.coro"}
{"asctime": "2026-03-03 11:06:22,549", "levelname": "INFO", "message": "", "url": "/api/v1/users/refresh", "method": "POST", "process_time": 1.346137285232544, "taskName": "starlette.middleware.base.BaseHTTPMiddleware.__call__.<locals>.call_next.<locals>.coro"}
{"asctime": "2026-03-03 11:06:24,069", "levelname": "INFO", "message": "HTTP Request: POST http://localhost:8001/api/v1/users/refresh \"HTTP/1.1 200 OK\"", "url": null, "method": null, "process_time": null, "taskName": "starlette.middleware.base.BaseHTTPMiddleware.__call__.<locals>.call_next.<locals>.coro"}
{"asctime": "2026-03-03 11:06:24,071", "levelname": "INFO", "message": "", "url": "/api/v1/users/refresh", "method": "POST", "process_time": 1.3643372058868408, "taskName": "starlette.middleware.base.BaseHTTPMiddleware.__call__.<locals>.call_next.<locals>.coro"}
{"asctime": "2026-03-03 11:07:11,856", "levelname": "INFO", "message": "HTTP Request: POST http://localhost:8001/api/v1/users/refresh \"HTTP/1.1 200 OK\"", "url": null, "method": null, "process_time": null, "taskName": "starlette.middleware.base.BaseHTTPMiddleware.__call__.<locals>.call_next.<locals>.coro"}
{"asctime": "2026-03-03 11:07:11,859", "levelname": "INFO", "message": "", "url": "/api/v1/users/refresh", "method": "POST", "process_time": 2.2360293865203857, "taskName": "starlette.middleware.base.BaseHTTPMiddleware.__call__.<locals>.call_next.<locals>.coro"}
{"asctime": "2026-03-03 11:07:15,990", "levelname": "INFO", "message": "HTTP Request: POST http://localhost:8001/api/v1/users/refresh \"HTTP/1.1 200 OK\"", "url": null, "method": null, "process_time": null, "taskName": "starlette.middleware.base.BaseHTTPMiddleware.__call__.<locals>.call_next.<locals>.coro"}
{"asctime": "2026-03-03 11:07:15,992", "levelname": "INFO", "message": "", "url": "/api/v1/users/refresh", "method": "POST", "process_time": 2.342149019241333, "taskName": "starlette.middleware.base.BaseHTTPMiddleware.__call__.<locals>.call_next.<locals>.coro"}
{"asctime": "2026-03-03 11:07:19,820", "levelname": "INFO", "message": "HTTP Request: POST http://localhost:8001/api/v1/users/refresh \"HTTP/1.1 200 OK\"", "url": null, "method": null, "process_time": null, "taskName": "starlette.middleware.base.BaseHTTPMiddleware.__call__.<locals>.call_next.<locals>.coro"}
{"asctime": "2026-03-03 11:07:19,823", "levelname": "INFO", "message": "", "url": "/api/v1/users/refresh", "method": "POST", "process_time": 3.5689022541046143, "taskName": "starlette.middleware.base.BaseHTTPMiddleware.__call__.<locals>.call_next.<locals>.coro"}
{"asctime": "2026-03-03 11:07:22,333", "levelname": "INFO", "message": "HTTP Request: POST http://localhost:8001/api/v1/users/refresh \"HTTP/1.1 200 OK\"", "url": null, "method": null, "process_time": null, "taskName": "starlette.middleware.base.BaseHTTPMiddleware.__call__.<locals>.call_next.<locals>.coro"}
{"asctime": "2026-03-03 11:07:22,336", "levelname": "INFO", "message": "", "url": "/api/v1/users/refresh", "method": "POST", "process_time": 2.434112071990967, "taskName": "starlette.middleware.base.BaseHTTPMiddleware.__call__.<locals>.call_next.<locals>.coro"}
{"asctime": "2026-03-03 11:08:10,785", "levelname": "INFO", "message": "HTTP Request: POST http://localhost:8001/api/v1/users/refresh \"HTTP/1.1 200 OK\"", "url": null, "method": null, "process_time": null, "taskName": "starlette.middleware.base.BaseHTTPMiddleware.__call__.<locals>.call_next.<locals>.coro"}
{"asctime": "2026-03-03 11:08:10,789", "levelname": "INFO", "message": "", "url": "/api/v1/users/refresh", "method": "POST", "process_time": 1.314335584640503, "taskName": "starlette.middleware.base.BaseHTTPMiddleware.__call__.<locals>.call_next.<locals>.coro"}
{"asctime": "2026-03-03 11:08:12,907", "levelname": "INFO", "message": "HTTP Request: POST http://localhost:8001/api/v1/users/refresh \"HTTP/1.1 200 OK\"", "url": null, "method": null, "process_time": null, "taskName": "starlette.middleware.base.BaseHTTPMiddleware.__call__.<locals>.call_next.<locals>.coro"}
{"asctime": "2026-03-03 11:08:12,909", "levelname": "INFO", "message": "", "url": "/api/v1/users/refresh", "method": "POST", "process_time": 1.4095141887664795, "taskName": "starlette.middleware.base.BaseHTTPMiddleware.__call__.<locals>.call_next.<locals>.coro"}
{"asctime": "2026-03-03 11:08:14,435", "levelname": "INFO", "message": "HTTP Request: POST http://localhost:8001/api/v1/users/refresh \"HTTP/1.1 200 OK\"", "url": null, "method": null, "process_time": null, "taskName": "starlette.middleware.base.BaseHTTPMiddleware.__call__.<locals>.call_next.<locals>.coro"}
{"asctime": "2026-03-03 11:08:14,437", "levelname": "INFO", "message": "", "url": "/api/v1/users/refresh", "method": "POST", "process_time": 1.1839065551757812, "taskName": "starlette.middleware.base.BaseHTTPMiddleware.__call__.<locals>.call_next.<locals>.coro"}
{"asctime": "2026-03-03 11:08:15,660", "levelname": "INFO", "message": "HTTP Request: POST http://localhost:8001/api/v1/users/refresh \"HTTP/1.1 200 OK\"", "url": null, "method": null, "process_time": null, "taskName": "starlette.middleware.base.BaseHTTPMiddleware.__call__.<locals>.call_next.<locals>.coro"}
{"asctime": "2026-03-03 11:08:15,665", "levelname": "INFO", "message": "", "url": "/api/v1/users/refresh", "method": "POST", "process_time": 1.1742396354675293, "taskName": "starlette.middleware.base.BaseHTTPMiddleware.__call__.<locals>.call_next.<locals>.coro"}
{"asctime": "2026-03-03 11:24:40,989", "levelname": "INFO", "message": "HTTP Request: POST http://localhost:8001/api/v1/users/refresh \"HTTP/1.1 200 OK\"", "url": null, "method": null, "process_time": null, "taskName": "starlette.middleware.base.BaseHTTPMiddleware.__call__.<locals>.call_next.<locals>.coro"}
{"asctime": "2026-03-03 11:24:40,991", "levelname": "INFO", "message": "", "url": "/api/v1/users/refresh", "method": "POST", "process_time": 0.9904525279998779, "taskName": "starlette.middleware.base.BaseHTTPMiddleware.__call__.<locals>.call_next.<locals>.coro"}
{"asctime": "2026-03-03 11:24:56,442", "levelname": "INFO", "message": "HTTP Request: POST http://localhost:8001/api/v1/users/refresh \"HTTP/1.1 200 OK\"", "url": null, "method": null, "process_time": null, "taskName": "starlette.middleware.base.BaseHTTPMiddleware.__call__.<locals>.call_next.<locals>.coro"}
{"asctime": "2026-03-03 11:24:56,444", "levelname": "INFO", "message": "", "url": "/api/v1/users/refresh", "method": "POST", "process_time": 1.0672485828399658, "taskName": "starlette.middleware.base.BaseHTTPMiddleware.__call__.<locals>.call_next.<locals>.coro"}
{"asctime": "2026-03-03 11:25:01,283", "levelname": "INFO", "message": "HTTP Request: POST http://localhost:8001/api/v1/users/refresh \"HTTP/1.1 200 OK\"", "url": null, "method": null, "process_time": null, "taskName": "starlette.middleware.base.BaseHTTPMiddleware.__call__.<locals>.call_next.<locals>.coro"}
{"asctime": "2026-03-03 11:25:01,285", "levelname": "INFO", "message": "", "url": "/api/v1/users/refresh", "method": "POST", "process_time": 0.7999544143676758, "taskName": "starlette.middleware.base.BaseHTTPMiddleware.__call__.<locals>.call_next.<locals>.coro"}
{"asctime": "2026-03-03 11:25:18,695", "levelname": "INFO", "message": "HTTP Request: POST http://localhost:8001/api/v1/users/login \"HTTP/1.1 200 OK\"", "url": null, "method": null, "process_time": null, "taskName": "starlette.middleware.base.BaseHTTPMiddleware.__call__.<locals>.call_next.<locals>.coro"}
{"asctime": "2026-03-03 11:25:18,696", "levelname": "INFO", "message": "", "url": "/api/v1/users/login", "method": "POST", "process_time": 0.7594819068908691, "taskName": "starlette.middleware.base.BaseHTTPMiddleware.__call__.<locals>.call_next.<locals>.coro"}
{"asctime": "2026-03-03 11:25:19,314", "levelname": "INFO", "message": "HTTP Request: POST http://localhost:8001/api/v1/users/refresh \"HTTP/1.1 200 OK\"", "url": null, "method": null, "process_time": null, "taskName": "starlette.middleware.base.BaseHTTPMiddleware.__call__.<locals>.call_next.<locals>.coro"}
{"asctime": "2026-03-03 11:25:19,316", "levelname": "INFO", "message": "", "url": "/api/v1/users/refresh", "method": "POST", "process_time": 0.6096246242523193, "taskName": "starlette.middleware.base.BaseHTTPMiddleware.__call__.<locals>.call_next.<locals>.coro"}
{"asctime": "2026-03-03 11:27:58,114", "levelname": "INFO", "message": "HTTP Request: POST http://localhost:8001/api/v1/users/login \"HTTP/1.1 200 OK\"", "url": null, "method": null, "process_time": null, "taskName": "starlette.middleware.base.BaseHTTPMiddleware.__call__.<locals>.call_next.<locals>.coro"}
{"asctime": "2026-03-03 11:27:58,118", "levelname": "INFO", "message": "", "url": "/api/v1/users/login", "method": "POST", "process_time": 0.795025110244751, "taskName": "starlette.middleware.base.BaseHTTPMiddleware.__call__.<locals>.call_next.<locals>.coro"}
{"asctime": "2026-03-03 11:27:58,804", "levelname": "INFO", "message": "HTTP Request: POST http://localhost:8001/api/v1/users/refresh \"HTTP/1.1 200 OK\"", "url": null, "method": null, "process_time": null, "taskName": "starlette.middleware.base.BaseHTTPMiddleware.__call__.<locals>.call_next.<locals>.coro"}
{"asctime": "2026-03-03 11:27:58,806", "levelname": "INFO", "message": "", "url": "/api/v1/users/refresh", "method": "POST", "process_time": 0.6766700744628906, "taskName": "starlette.middleware.base.BaseHTTPMiddleware.__call__.<locals>.call_next.<locals>.coro"}
{"asctime": "2026-03-03 11:32:50,062", "levelname": "INFO", "message": "HTTP Request: POST http://localhost:8001/api/v1/users/login \"HTTP/1.1 200 OK\"", "url": null, "method": null, "process_time": null, "taskName": "starlette.middleware.base.BaseHTTPMiddleware.__call__.<locals>.call_next.<locals>.coro"}
{"asctime": "2026-03-03 11:32:50,073", "levelname": "INFO", "message": "", "url": "/api/v1/users/login", "method": "POST", "process_time": 1.5656933784484863, "taskName": "starlette.middleware.base.BaseHTTPMiddleware.__call__.<locals>.call_next.<locals>.coro"}
{"asctime": "2026-03-03 11:32:51,439", "levelname": "INFO", "message": "HTTP Request: POST http://localhost:8001/api/v1/users/refresh \"HTTP/1.1 200 OK\"", "url": null, "method": null, "process_time": null, "taskName": "starlette.middleware.base.BaseHTTPMiddleware.__call__.<locals>.call_next.<locals>.coro"}
{"asctime": "2026-03-03 11:32:51,441", "levelname": "INFO", "message": "", "url": "/api/v1/users/refresh", "method": "POST", "process_time": 1.3443269729614258, "taskName": "starlette.middleware.base.BaseHTTPMiddleware.__call__.<locals>.call_next.<locals>.coro"}
{"asctime": "2026-03-03 11:34:19,037", "levelname": "INFO", "message": "HTTP Request: POST http://localhost:8001/api/v1/users/refresh \"HTTP/1.1 200 OK\"", "url": null, "method": null, "process_time": null, "taskName": "starlette.middleware.base.BaseHTTPMiddleware.__call__.<locals>.call_next.<locals>.coro"}
{"asctime": "2026-03-03 11:34:19,040", "levelname": "INFO", "message": "", "url": "/api/v1/users/refresh", "method": "POST", "process_time": 1.0743207931518555, "taskName": "starlette.middleware.base.BaseHTTPMiddleware.__call__.<locals>.call_next.<locals>.coro"}
{"asctime": "2026-03-03 11:34:34,325", "levelname": "INFO", "message": "HTTP Request: POST http://localhost:8001/api/v1/users/login \"HTTP/1.1 200 OK\"", "url": null, "method": null, "process_time": null, "taskName": "starlette.middleware.base.BaseHTTPMiddleware.__call__.<locals>.call_next.<locals>.coro"}
{"asctime": "2026-03-03 11:34:34,991", "levelname": "INFO", "message": "", "url": "/api/v1/users/login", "method": "POST", "process_time": 2.3938703536987305, "taskName": "starlette.middleware.base.BaseHTTPMiddleware.__call__.<locals>.call_next.<locals>.coro"}
{"asctime": "2026-03-03 11:34:43,903", "levelname": "INFO", "message": "HTTP Request: POST http://localhost:8001/api/v1/users/refresh \"HTTP/1.1 200 OK\"", "url": null, "method": null, "process_time": null, "taskName": "starlette.middleware.base.BaseHTTPMiddleware.__call__.<locals>.call_next.<locals>.coro"}
{"asctime": "2026-03-03 11:34:43,905", "levelname": "INFO", "message": "", "url": "/api/v1/users/refresh", "method": "POST", "process_time": 8.669191598892212, "taskName": "starlette.middleware.base.BaseHTTPMiddleware.__call__.<locals>.call_next.<locals>.coro"}
{"asctime": "2026-03-03 11:39:35,272", "levelname": "INFO", "message": "HTTP Request: POST http://localhost:8001/api/v1/users/refresh \"HTTP/1.1 200 OK\"", "url": null, "method": null, "process_time": null, "taskName": "starlette.middleware.base.BaseHTTPMiddleware.__call__.<locals>.call_next.<locals>.coro"}
{"asctime": "2026-03-03 11:39:35,274", "levelname": "INFO", "message": "", "url": "/api/v1/users/refresh", "method": "POST", "process_time": 1.694870948791504, "taskName": "starlette.middleware.base.BaseHTTPMiddleware.__call__.<locals>.call_next.<locals>.coro"}
{"asctime": "2026-03-03 11:39:46,907", "levelname": "INFO", "message": "HTTP Request: POST http://localhost:8001/api/v1/users/login \"HTTP/1.1 200 OK\"", "url": null, "method": null, "process_time": null, "taskName": "starlette.middleware.base.BaseHTTPMiddleware.__call__.<locals>.call_next.<locals>.coro"}
{"asctime": "2026-03-03 11:39:46,910", "levelname": "INFO", "message": "", "url": "/api/v1/users/login", "method": "POST", "process_time": 1.3992877006530762, "taskName": "starlette.middleware.base.BaseHTTPMiddleware.__call__.<locals>.call_next.<locals>.coro"}
{"asctime": "2026-03-03 11:39:48,206", "levelname": "INFO", "message": "HTTP Request: POST http://localhost:8001/api/v1/users/refresh \"HTTP/1.1 200 OK\"", "url": null, "method": null, "process_time": null, "taskName": "starlette.middleware.base.BaseHTTPMiddleware.__call__.<locals>.call_next.<locals>.coro"}
{"asctime": "2026-03-03 11:39:48,209", "levelname": "INFO", "message": "", "url": "/api/v1/users/refresh", "method": "POST", "process_time": 1.2791075706481934, "taskName": "starlette.middleware.base.BaseHTTPMiddleware.__call__.<locals>.call_next.<locals>.coro"}
{"asctime": "2026-03-03 11:43:39,729", "levelname": "INFO", "message": "HTTP Request: POST http://localhost:8001/api/v1/users/refresh \"HTTP/1.1 200 OK\"", "url": null, "method": null, "process_time": null, "taskName": "starlette.middleware.base.BaseHTTPMiddleware.__call__.<locals>.call_next.<locals>.coro"}
{"asctime": "2026-03-03 11:43:39,731", "levelname": "INFO", "message": "", "url": "/api/v1/users/refresh", "method": "POST", "process_time": 0.6989781856536865, "taskName": "starlette.middleware.base.BaseHTTPMiddleware.__call__.<locals>.call_next.<locals>.coro"}
{"asctime": "2026-03-03 11:43:44,900", "levelname": "INFO", "message": "HTTP Request: POST http://localhost:8001/api/v1/users/refresh \"HTTP/1.1 200 OK\"", "url": null, "method": null, "process_time": null, "taskName": "starlette.middleware.base.BaseHTTPMiddleware.__call__.<locals>.call_next.<locals>.coro"}
{"asctime": "2026-03-03 11:43:44,902", "levelname": "INFO", "message": "", "url": "/api/v1/users/refresh", "method": "POST", "process_time": 2.1196765899658203, "taskName": "starlette.middleware.base.BaseHTTPMiddleware.__call__.<locals>.call_next.<locals>.coro"}
{"asctime": "2026-03-03 11:43:56,560", "levelname": "INFO", "message": "HTTP Request: POST http://localhost:8001/api/v1/users/refresh \"HTTP/1.1 200 OK\"", "url": null, "method": null, "process_time": null, "taskName": "starlette.middleware.base.BaseHTTPMiddleware.__call__.<locals>.call_next.<locals>.coro"}
{"asctime": "2026-03-03 11:43:56,562", "levelname": "INFO", "message": "", "url": "/api/v1/users/refresh", "method": "POST", "process_time": 0.7149608135223389, "taskName": "starlette.middleware.base.BaseHTTPMiddleware.__call__.<locals>.call_next.<locals>.coro"}
{"asctime": "2026-03-03 11:43:59,585", "levelname": "INFO", "message": "HTTP Request: POST http://localhost:8001/api/v1/users/refresh \"HTTP/1.1 200 OK\"", "url": null, "method": null, "process_time": null, "taskName": "starlette.middleware.base.BaseHTTPMiddleware.__call__.<locals>.call_next.<locals>.coro"}
{"asctime": "2026-03-03 11:43:59,588", "levelname": "INFO", "message": "", "url": "/api/v1/users/refresh", "method": "POST", "process_time": 1.4060521125793457, "taskName": "starlette.middleware.base.BaseHTTPMiddleware.__call__.<locals>.call_next.<locals>.coro"}
{"asctime": "2026-03-03 11:47:07,783", "levelname": "INFO", "message": "HTTP Request: POST http://localhost:8001/api/v1/users/refresh \"HTTP/1.1 200 OK\"", "url": null, "method": null, "process_time": null, "taskName": "starlette.middleware.base.BaseHTTPMiddleware.__call__.<locals>.call_next.<locals>.coro"}
{"asctime": "2026-03-03 11:47:07,785", "levelname": "INFO", "message": "", "url": "/api/v1/users/refresh", "method": "POST", "process_time": 0.6912786960601807, "taskName": "starlette.middleware.base.BaseHTTPMiddleware.__call__.<locals>.call_next.<locals>.coro"}
{"asctime": "2026-03-03 11:47:21,339", "levelname": "INFO", "message": "HTTP Request: POST http://localhost:8001/api/v1/users/refresh \"HTTP/1.1 200 OK\"", "url": null, "method": null, "process_time": null, "taskName": "starlette.middleware.base.BaseHTTPMiddleware.__call__.<locals>.call_next.<locals>.coro"}
{"asctime": "2026-03-03 11:47:21,340", "levelname": "INFO", "message": "", "url": "/api/v1/users/refresh", "method": "POST", "process_time": 0.5777184963226318, "taskName": "starlette.middleware.base.BaseHTTPMiddleware.__call__.<locals>.call_next.<locals>.coro"}
{"asctime": "2026-03-03 11:47:29,175", "levelname": "INFO", "message": "HTTP Request: POST http://localhost:8001/api/v1/users/refresh \"HTTP/1.1 200 OK\"", "url": null, "method": null, "process_time": null, "taskName": "starlette.middleware.base.BaseHTTPMiddleware.__call__.<locals>.call_next.<locals>.coro"}
{"asctime": "2026-03-03 11:47:29,177", "levelname": "INFO", "message": "", "url": "/api/v1/users/refresh", "method": "POST", "process_time": 1.1602952480316162, "taskName": "starlette.middleware.base.BaseHTTPMiddleware.__call__.<locals>.call_next.<locals>.coro"}
{"asctime": "2026-03-03 11:47:29,423", "levelname": "INFO", "message": "HTTP Request: POST http://localhost:8001/api/v1/users/refresh \"HTTP/1.1 200 OK\"", "url": null, "method": null, "process_time": null, "taskName": "starlette.middleware.base.BaseHTTPMiddleware.__call__.<locals>.call_next.<locals>.coro"}
{"asctime": "2026-03-03 11:47:29,425", "levelname": "INFO", "message": "", "url": "/api/v1/users/refresh", "method": "POST", "process_time": 0.6515407562255859, "taskName": "starlette.middleware.base.BaseHTTPMiddleware.__call__.<locals>.call_next.<locals>.coro"}
{"asctime": "2026-03-03 11:47:37,800", "levelname": "INFO", "message": "HTTP Request: POST http://localhost:8001/api/v1/users/refresh \"HTTP/1.1 200 OK\"", "url": null, "method": null, "process_time": null, "taskName": "starlette.middleware.base.BaseHTTPMiddleware.__call__.<locals>.call_next.<locals>.coro"}
{"asctime": "2026-03-03 11:47:37,804", "levelname": "INFO", "message": "", "url": "/api/v1/users/refresh", "method": "POST", "process_time": 0.7159774303436279, "taskName": "starlette.middleware.base.BaseHTTPMiddleware.__call__.<locals>.call_next.<locals>.coro"}
{"asctime": "2026-03-03 11:47:39,529", "levelname": "INFO", "message": "HTTP Request: POST http://localhost:8001/api/v1/users/refresh \"HTTP/1.1 200 OK\"", "url": null, "method": null, "process_time": null, "taskName": "starlette.middleware.base.BaseHTTPMiddleware.__call__.<locals>.call_next.<locals>.coro"}
{"asctime": "2026-03-03 11:47:39,532", "levelname": "INFO", "message": "", "url": "/api/v1/users/refresh", "method": "POST", "process_time": 0.5969438552856445, "taskName": "starlette.middleware.base.BaseHTTPMiddleware.__call__.<locals>.call_next.<locals>.coro"}
{"asctime": "2026-03-03 11:48:02,711", "levelname": "INFO", "message": "HTTP Request: POST http://localhost:8001/api/v1/users/refresh \"HTTP/1.1 200 OK\"", "url": null, "method": null, "process_time": null, "taskName": "starlette.middleware.base.BaseHTTPMiddleware.__call__.<locals>.call_next.<locals>.coro"}
{"asctime": "2026-03-03 11:48:02,712", "levelname": "INFO", "message": "", "url": "/api/v1/users/refresh", "method": "POST", "process_time": 0.8606452941894531, "taskName": "starlette.middleware.base.BaseHTTPMiddleware.__call__.<locals>.call_next.<locals>.coro"}
{"asctime": "2026-03-03 11:48:13,170", "levelname": "INFO", "message": "HTTP Request: POST http://localhost:8001/api/v1/users/refresh \"HTTP/1.1 200 OK\"", "url": null, "method": null, "process_time": null, "taskName": "starlette.middleware.base.BaseHTTPMiddleware.__call__.<locals>.call_next.<locals>.coro"}
{"asctime": "2026-03-03 11:48:13,172", "levelname": "INFO", "message": "", "url": "/api/v1/users/refresh", "method": "POST", "process_time": 1.0399219989776611, "taskName": "starlette.middleware.base.BaseHTTPMiddleware.__call__.<locals>.call_next.<locals>.coro"}
{"asctime": "2026-03-03 11:48:13,418", "levelname": "INFO", "message": "HTTP Request: POST http://localhost:8001/api/v1/users/refresh \"HTTP/1.1 200 OK\"", "url": null, "method": null, "process_time": null, "taskName": "starlette.middleware.base.BaseHTTPMiddleware.__call__.<locals>.call_next.<locals>.coro"}
{"asctime": "2026-03-03 11:48:13,420", "levelname": "INFO", "message": "", "url": "/api/v1/users/refresh", "method": "POST", "process_time": 0.5841987133026123, "taskName": "starlette.middleware.base.BaseHTTPMiddleware.__call__.<locals>.call_next.<locals>.coro"}
{"asctime": "2026-03-03 11:48:15,420", "levelname": "INFO", "message": "HTTP Request: POST http://localhost:8001/api/v1/users/refresh \"HTTP/1.1 200 OK\"", "url": null, "method": null, "process_time": null, "taskName": "starlette.middleware.base.BaseHTTPMiddleware.__call__.<locals>.call_next.<locals>.coro"}
{"asctime": "2026-03-03 11:48:15,422", "levelname": "INFO", "message": "", "url": "/api/v1/users/refresh", "method": "POST", "process_time": 0.6067044734954834, "taskName": "starlette.middleware.base.BaseHTTPMiddleware.__call__.<locals>.call_next.<locals>.coro"}
{"asctime": "2026-03-03 11:48:17,285", "levelname": "INFO", "message": "HTTP Request: POST http://localhost:8001/api/v1/users/refresh \"HTTP/1.1 200 OK\"", "url": null, "method": null, "process_time": null, "taskName": "starlette.middleware.base.BaseHTTPMiddleware.__call__.<locals>.call_next.<locals>.coro"}
{"asctime": "2026-03-03 11:48:17,287", "levelname": "INFO", "message": "", "url": "/api/v1/users/refresh", "method": "POST", "process_time": 0.6136207580566406, "taskName": "starlette.middleware.base.BaseHTTPMiddleware.__call__.<locals>.call_next.<locals>.coro"}
{"asctime": "2026-03-03 11:50:10,780", "levelname": "INFO", "message": "HTTP Request: POST http://localhost:8001/api/v1/users/refresh \"HTTP/1.1 200 OK\"", "url": null, "method": null, "process_time": null, "taskName": "starlette.middleware.base.BaseHTTPMiddleware.__call__.<locals>.call_next.<locals>.coro"}
{"asctime": "2026-03-03 11:50:10,781", "levelname": "INFO", "message": "", "url": "/api/v1/users/refresh", "method": "POST", "process_time": 0.6533269882202148, "taskName": "starlette.middleware.base.BaseHTTPMiddleware.__call__.<locals>.call_next.<locals>.coro"}
{"asctime": "2026-03-03 11:50:16,632", "levelname": "INFO", "message": "HTTP Request: POST http://localhost:8001/api/v1/users/refresh \"HTTP/1.1 200 OK\"", "url": null, "method": null, "process_time": null, "taskName": "starlette.middleware.base.BaseHTTPMiddleware.__call__.<locals>.call_next.<locals>.coro"}
{"asctime": "2026-03-03 11:50:16,633", "levelname": "INFO", "message": "", "url": "/api/v1/users/refresh", "method": "POST", "process_time": 0.7736070156097412, "taskName": "starlette.middleware.base.BaseHTTPMiddleware.__call__.<locals>.call_next.<locals>.coro"}
{"asctime": "2026-03-03 11:50:19,493", "levelname": "INFO", "message": "HTTP Request: POST http://localhost:8001/api/v1/users/refresh \"HTTP/1.1 200 OK\"", "url": null, "method": null, "process_time": null, "taskName": "starlette.middleware.base.BaseHTTPMiddleware.__call__.<locals>.call_next.<locals>.coro"}
{"asctime": "2026-03-03 11:50:19,495", "levelname": "INFO", "message": "", "url": "/api/v1/users/refresh", "method": "POST", "process_time": 0.6240835189819336, "taskName": "starlette.middleware.base.BaseHTTPMiddleware.__call__.<locals>.call_next.<locals>.coro"}
{"asctime": "2026-03-03 11:52:05,770", "levelname": "INFO", "message": "HTTP Request: POST http://localhost:8001/api/v1/users/refresh \"HTTP/1.1 200 OK\"", "url": null, "method": null, "process_time": null, "taskName": "starlette.middleware.base.BaseHTTPMiddleware.__call__.<locals>.call_next.<locals>.coro"}
{"asctime": "2026-03-03 11:52:05,772", "levelname": "INFO", "message": "", "url": "/api/v1/users/refresh", "method": "POST", "process_time": 0.6874454021453857, "taskName": "starlette.middleware.base.BaseHTTPMiddleware.__call__.<locals>.call_next.<locals>.coro"}
{"asctime": "2026-03-03 11:53:04,730", "levelname": "INFO", "message": "HTTP Request: POST http://localhost:8001/api/v1/users/refresh \"HTTP/1.1 200 OK\"", "url": null, "method": null, "process_time": null, "taskName": "starlette.middleware.base.BaseHTTPMiddleware.__call__.<locals>.call_next.<locals>.coro"}
{"asctime": "2026-03-03 11:53:04,733", "levelname": "INFO", "message": "", "url": "/api/v1/users/refresh", "method": "POST", "process_time": 0.7796535491943359, "taskName": "starlette.middleware.base.BaseHTTPMiddleware.__call__.<locals>.call_next.<locals>.coro"}
{"asctime": "2026-03-03 11:53:05,572", "levelname": "INFO", "message": "HTTP Request: POST http://localhost:8001/api/v1/users/refresh \"HTTP/1.1 200 OK\"", "url": null, "method": null, "process_time": null, "taskName": "starlette.middleware.base.BaseHTTPMiddleware.__call__.<locals>.call_next.<locals>.coro"}
{"asctime": "2026-03-03 11:53:05,573", "levelname": "INFO", "message": "", "url": "/api/v1/users/refresh", "method": "POST", "process_time": 0.5802481174468994, "taskName": "starlette.middleware.base.BaseHTTPMiddleware.__call__.<locals>.call_next.<locals>.coro"}
{"asctime": "2026-03-03 11:54:17,962", "levelname": "INFO", "message": "HTTP Request: POST http://localhost:8001/api/v1/users/refresh \"HTTP/1.1 200 OK\"", "url": null, "method": null, "process_time": null, "taskName": "starlette.middleware.base.BaseHTTPMiddleware.__call__.<locals>.call_next.<locals>.coro"}
{"asctime": "2026-03-03 11:54:17,964", "levelname": "INFO", "message": "", "url": "/api/v1/users/refresh", "method": "POST", "process_time": 0.7084672451019287, "taskName": "starlette.middleware.base.BaseHTTPMiddleware.__call__.<locals>.call_next.<locals>.coro"}
{"asctime": "2026-03-03 11:54:21,343", "levelname": "INFO", "message": "HTTP Request: POST http://localhost:8001/api/v1/users/refresh \"HTTP/1.1 200 OK\"", "url": null, "method": null, "process_time": null, "taskName": "starlette.middleware.base.BaseHTTPMiddleware.__call__.<locals>.call_next.<locals>.coro"}
{"asctime": "2026-03-03 11:54:21,346", "levelname": "INFO", "message": "", "url": "/api/v1/users/refresh", "method": "POST", "process_time": 0.6434886455535889, "taskName": "starlette.middleware.base.BaseHTTPMiddleware.__call__.<locals>.call_next.<locals>.coro"}
{"asctime": "2026-03-03 11:54:24,444", "levelname": "INFO", "message": "HTTP Request: POST http://localhost:8001/api/v1/users/refresh \"HTTP/1.1 200 OK\"", "url": null, "method": null, "process_time": null, "taskName": "starlette.middleware.base.BaseHTTPMiddleware.__call__.<locals>.call_next.<locals>.coro"}
{"asctime": "2026-03-03 11:54:24,445", "levelname": "INFO", "message": "", "url": "/api/v1/users/refresh", "method": "POST", "process_time": 0.6708691120147705, "taskName": "starlette.middleware.base.BaseHTTPMiddleware.__call__.<locals>.call_next.<locals>.coro"}
{"asctime": "2026-03-03 11:54:27,382", "levelname": "INFO", "message": "HTTP Request: POST http://localhost:8001/api/v1/users/refresh \"HTTP/1.1 200 OK\"", "url": null, "method": null, "process_time": null, "taskName": "starlette.middleware.base.BaseHTTPMiddleware.__call__.<locals>.call_next.<locals>.coro"}
{"asctime": "2026-03-03 11:54:27,386", "levelname": "INFO", "message": "", "url": "/api/v1/users/refresh", "method": "POST", "process_time": 0.665330171585083, "taskName": "starlette.middleware.base.BaseHTTPMiddleware.__call__.<locals>.call_next.<locals>.coro"}
{"asctime": "2026-03-03 11:54:30,261", "levelname": "INFO", "message": "HTTP Request: POST http://localhost:8001/api/v1/users/refresh \"HTTP/1.1 200 OK\"", "url": null, "method": null, "process_time": null, "taskName": "starlette.middleware.base.BaseHTTPMiddleware.__call__.<locals>.call_next.<locals>.coro"}
{"asctime": "2026-03-03 11:54:30,263", "levelname": "INFO", "message": "", "url": "/api/v1/users/refresh", "method": "POST", "process_time": 0.6160523891448975, "taskName": "starlette.middleware.base.BaseHTTPMiddleware.__call__.<locals>.call_next.<locals>.coro"}
{"asctime": "2026-03-03 11:54:32,373", "levelname": "INFO", "message": "HTTP Request: POST http://localhost:8001/api/v1/users/refresh \"HTTP/1.1 200 OK\"", "url": null, "method": null, "process_time": null, "taskName": "starlette.middleware.base.BaseHTTPMiddleware.__call__.<locals>.call_next.<locals>.coro"}
{"asctime": "2026-03-03 11:54:32,375", "levelname": "INFO", "message": "", "url": "/api/v1/users/refresh", "method": "POST", "process_time": 0.6240863800048828, "taskName": "starlette.middleware.base.BaseHTTPMiddleware.__call__.<locals>.call_next.<locals>.coro"}
{"asctime": "2026-03-03 11:54:35,288", "levelname": "INFO", "message": "HTTP Request: POST http://localhost:8001/api/v1/users/refresh \"HTTP/1.1 200 OK\"", "url": null, "method": null, "process_time": null, "taskName": "starlette.middleware.base.BaseHTTPMiddleware.__call__.<locals>.call_next.<locals>.coro"}
{"asctime": "2026-03-03 11:54:35,295", "levelname": "INFO", "message": "", "url": "/api/v1/users/refresh", "method": "POST", "process_time": 0.6347935199737549, "taskName": "starlette.middleware.base.BaseHTTPMiddleware.__call__.<locals>.call_next.<locals>.coro"}
{"asctime": "2026-03-03 11:54:37,429", "levelname": "INFO", "message": "HTTP Request: POST http://localhost:8001/api/v1/users/refresh \"HTTP/1.1 200 OK\"", "url": null, "method": null, "process_time": null, "taskName": "starlette.middleware.base.BaseHTTPMiddleware.__call__.<locals>.call_next.<locals>.coro"}
{"asctime": "2026-03-03 11:54:37,431", "levelname": "INFO", "message": "", "url": "/api/v1/users/refresh", "method": "POST", "process_time": 0.6088926792144775, "taskName": "starlette.middleware.base.BaseHTTPMiddleware.__call__.<locals>.call_next.<locals>.coro"}
{"asctime": "2026-03-03 11:55:03,507", "levelname": "INFO", "message": "HTTP Request: POST http://localhost:8001/api/v1/users/refresh \"HTTP/1.1 200 OK\"", "url": null, "method": null, "process_time": null, "taskName": "starlette.middleware.base.BaseHTTPMiddleware.__call__.<locals>.call_next.<locals>.coro"}
{"asctime": "2026-03-03 11:55:03,508", "levelname": "INFO", "message": "", "url": "/api/v1/users/refresh", "method": "POST", "process_time": 0.7243173122406006, "taskName": "starlette.middleware.base.BaseHTTPMiddleware.__call__.<locals>.call_next.<locals>.coro"}
{"asctime": "2026-03-03 11:55:07,545", "levelname": "INFO", "message": "HTTP Request: POST http://localhost:8001/api/v1/users/refresh \"HTTP/1.1 200 OK\"", "url": null, "method": null, "process_time": null, "taskName": "starlette.middleware.base.BaseHTTPMiddleware.__call__.<locals>.call_next.<locals>.coro"}
{"asctime": "2026-03-03 11:55:07,545", "levelname": "INFO", "message": "", "url": "/api/v1/users/refresh", "method": "POST", "process_time": 0.786491870880127, "taskName": "starlette.middleware.base.BaseHTTPMiddleware.__call__.<locals>.call_next.<locals>.coro"}
{"asctime": "2026-03-03 11:55:10,769", "levelname": "INFO", "message": "HTTP Request: POST http://localhost:8001/api/v1/users/refresh \"HTTP/1.1 200 OK\"", "url": null, "method": null, "process_time": null, "taskName": "starlette.middleware.base.BaseHTTPMiddleware.__call__.<locals>.call_next.<locals>.coro"}
{"asctime": "2026-03-03 11:55:10,773", "levelname": "INFO", "message": "", "url": "/api/v1/users/refresh", "method": "POST", "process_time": 0.8540480136871338, "taskName": "starlette.middleware.base.BaseHTTPMiddleware.__call__.<locals>.call_next.<locals>.coro"}
{"asctime": "2026-03-03 11:55:55,973", "levelname": "INFO", "message": "HTTP Request: POST http://localhost:8001/api/v1/users/refresh \"HTTP/1.1 200 OK\"", "url": null, "method": null, "process_time": null, "taskName": "starlette.middleware.base.BaseHTTPMiddleware.__call__.<locals>.call_next.<locals>.coro"}
{"asctime": "2026-03-03 11:55:55,977", "levelname": "INFO", "message": "", "url": "/api/v1/users/refresh", "method": "POST", "process_time": 0.6753940582275391, "taskName": "starlette.middleware.base.BaseHTTPMiddleware.__call__.<locals>.call_next.<locals>.coro"}
{"asctime": "2026-03-03 11:56:00,072", "levelname": "INFO", "message": "HTTP Request: POST http://localhost:8001/api/v1/users/refresh \"HTTP/1.1 200 OK\"", "url": null, "method": null, "process_time": null, "taskName": "starlette.middleware.base.BaseHTTPMiddleware.__call__.<locals>.call_next.<locals>.coro"}
{"asctime": "2026-03-03 11:56:00,072", "levelname": "INFO", "message": "", "url": "/api/v1/users/refresh", "method": "POST", "process_time": 1.1830861568450928, "taskName": "starlette.middleware.base.BaseHTTPMiddleware.__call__.<locals>.call_next.<locals>.coro"}
{"asctime": "2026-03-03 11:56:12,392", "levelname": "INFO", "message": "HTTP Request: POST http://localhost:8001/api/v1/users/login \"HTTP/1.1 500 Internal Server Error\"", "url": null, "method": null, "process_time": null, "taskName": "starlette.middleware.base.BaseHTTPMiddleware.__call__.<locals>.call_next.<locals>.coro"}
{"asctime": "2026-03-03 11:56:12,395", "levelname": "INFO", "message": "", "url": "/api/v1/users/login", "method": "POST", "process_time": 1.1687896251678467, "taskName": "starlette.middleware.base.BaseHTTPMiddleware.__call__.<locals>.call_next.<locals>.coro"}
{"asctime": "2026-03-03 11:57:33,497", "levelname": "INFO", "message": "HTTP Request: POST http://localhost:8001/api/v1/users/refresh \"HTTP/1.1 200 OK\"", "url": null, "method": null, "process_time": null, "taskName": "starlette.middleware.base.BaseHTTPMiddleware.__call__.<locals>.call_next.<locals>.coro"}
{"asctime": "2026-03-03 11:57:33,499", "levelname": "INFO", "message": "", "url": "/api/v1/users/refresh", "method": "POST", "process_time": 2.441283702850342, "taskName": "starlette.middleware.base.BaseHTTPMiddleware.__call__.<locals>.call_next.<locals>.coro"}
{"asctime": "2026-03-03 11:57:48,768", "levelname": "INFO", "message": "HTTP Request: POST http://localhost:8001/api/v1/users/login \"HTTP/1.1 500 Internal Server Error\"", "url": null, "method": null, "process_time": null, "taskName": "starlette.middleware.base.BaseHTTPMiddleware.__call__.<locals>.call_next.<locals>.coro"}
{"asctime": "2026-03-03 11:57:48,796", "levelname": "INFO", "message": "", "url": "/api/v1/users/login", "method": "POST", "process_time": 8.245967626571655, "taskName": "starlette.middleware.base.BaseHTTPMiddleware.__call__.<locals>.call_next.<locals>.coro"}
{"asctime": "2026-03-03 12:05:23,379", "levelname": "INFO", "message": "HTTP Request: POST http://localhost:8001/api/v1/users/login \"HTTP/1.1 200 OK\"", "url": null, "method": null, "process_time": null, "taskName": "starlette.middleware.base.BaseHTTPMiddleware.__call__.<locals>.call_next.<locals>.coro"}
{"asctime": "2026-03-03 12:05:23,432", "levelname": "INFO", "message": "", "url": "/api/v1/users/login", "method": "POST", "process_time": 6.671412229537964, "taskName": "starlette.middleware.base.BaseHTTPMiddleware.__call__.<locals>.call_next.<locals>.coro"}
{"asctime": "2026-03-03 12:05:28,270", "levelname": "INFO", "message": "HTTP Request: POST http://localhost:8001/api/v1/users/refresh \"HTTP/1.1 200 OK\"", "url": null, "method": null, "process_time": null, "taskName": "starlette.middleware.base.BaseHTTPMiddleware.__call__.<locals>.call_next.<locals>.coro"}
{"asctime": "2026-03-03 12:05:28,354", "levelname": "INFO", "message": "", "url": "/api/v1/users/refresh", "method": "POST", "process_time": 2.118124485015869, "taskName": "starlette.middleware.base.BaseHTTPMiddleware.__call__.<locals>.call_next.<locals>.coro"}
{"asctime": "2026-03-03 12:06:27,737", "levelname": "INFO", "message": "HTTP Request: POST http://localhost:8001/api/v1/users/refresh \"HTTP/1.1 200 OK\"", "url": null, "method": null, "process_time": null, "taskName": "starlette.middleware.base.BaseHTTPMiddleware.__call__.<locals>.call_next.<locals>.coro"}
{"asctime": "2026-03-03 12:06:27,741", "levelname": "INFO", "message": "", "url": "/api/v1/users/refresh", "method": "POST", "process_time": 1.4941515922546387, "taskName": "starlette.middleware.base.BaseHTTPMiddleware.__call__.<locals>.call_next.<locals>.coro"}
{"asctime": "2026-03-03 12:06:31,166", "levelname": "INFO", "message": "HTTP Request: POST http://localhost:8001/api/v1/users/refresh \"HTTP/1.1 200 OK\"", "url": null, "method": null, "process_time": null, "taskName": "starlette.middleware.base.BaseHTTPMiddleware.__call__.<locals>.call_next.<locals>.coro"}
{"asctime": "2026-03-03 12:06:31,168", "levelname": "INFO", "message": "", "url": "/api/v1/users/refresh", "method": "POST", "process_time": 1.0814869403839111, "taskName": "starlette.middleware.base.BaseHTTPMiddleware.__call__.<locals>.call_next.<locals>.coro"}
{"asctime": "2026-03-03 12:06:41,679", "levelname": "INFO", "message": "HTTP Request: POST http://localhost:8001/api/v1/users/login \"HTTP/1.1 200 OK\"", "url": null, "method": null, "process_time": null, "taskName": "starlette.middleware.base.BaseHTTPMiddleware.__call__.<locals>.call_next.<locals>.coro"}
{"asctime": "2026-03-03 12:06:41,683", "levelname": "INFO", "message": "", "url": "/api/v1/users/login", "method": "POST", "process_time": 1.3416860103607178, "taskName": "starlette.middleware.base.BaseHTTPMiddleware.__call__.<locals>.call_next.<locals>.coro"}
{"asctime": "2026-03-03 12:06:43,832", "levelname": "INFO", "message": "HTTP Request: POST http://localhost:8001/api/v1/users/refresh \"HTTP/1.1 200 OK\"", "url": null, "method": null, "process_time": null, "taskName": "starlette.middleware.base.BaseHTTPMiddleware.__call__.<locals>.call_next.<locals>.coro"}
{"asctime": "2026-03-03 12:06:43,834", "levelname": "INFO", "message": "", "url": "/api/v1/users/refresh", "method": "POST", "process_time": 1.9236125946044922, "taskName": "starlette.middleware.base.BaseHTTPMiddleware.__call__.<locals>.call_next.<locals>.coro"}
{"asctime": "2026-03-03 12:07:43,653", "levelname": "INFO", "message": "HTTP Request: POST http://localhost:8001/api/v1/users/refresh \"HTTP/1.1 200 OK\"", "url": null, "method": null, "process_time": null, "taskName": "starlette.middleware.base.BaseHTTPMiddleware.__call__.<locals>.call_next.<locals>.coro"}
{"asctime": "2026-03-03 12:07:43,655", "levelname": "INFO", "message": "", "url": "/api/v1/users/refresh", "method": "POST", "process_time": 1.0248050689697266, "taskName": "starlette.middleware.base.BaseHTTPMiddleware.__call__.<locals>.call_next.<locals>.coro"}
{"asctime": "2026-03-03 12:08:43,932", "levelname": "INFO", "message": "HTTP Request: POST http://localhost:8001/api/v1/users/refresh \"HTTP/1.1 200 OK\"", "url": null, "method": null, "process_time": null, "taskName": "starlette.middleware.base.BaseHTTPMiddleware.__call__.<locals>.call_next.<locals>.coro"}
{"asctime": "2026-03-03 12:08:43,934", "levelname": "INFO", "message": "", "url": "/api/v1/users/refresh", "method": "POST", "process_time": 1.5486185550689697, "taskName": "starlette.middleware.base.BaseHTTPMiddleware.__call__.<locals>.call_next.<locals>.coro"}
{"asctime": "2026-03-03 12:09:43,939", "levelname": "INFO", "message": "HTTP Request: POST http://localhost:8001/api/v1/users/refresh \"HTTP/1.1 200 OK\"", "url": null, "method": null, "process_time": null, "taskName": "starlette.middleware.base.BaseHTTPMiddleware.__call__.<locals>.call_next.<locals>.coro"}
{"asctime": "2026-03-03 12:09:43,941", "levelname": "INFO", "message": "", "url": "/api/v1/users/refresh", "method": "POST", "process_time": 1.2890913486480713, "taskName": "starlette.middleware.base.BaseHTTPMiddleware.__call__.<locals>.call_next.<locals>.coro"}
{"asctime": "2026-03-03 12:11:22,102", "levelname": "INFO", "message": "HTTP Request: POST http://localhost:8001/api/v1/users/refresh \"HTTP/1.1 200 OK\"", "url": null, "method": null, "process_time": null, "taskName": "starlette.middleware.base.BaseHTTPMiddleware.__call__.<locals>.call_next.<locals>.coro"}
{"asctime": "2026-03-03 12:11:22,106", "levelname": "INFO", "message": "", "url": "/api/v1/users/refresh", "method": "POST", "process_time": 3.40272855758667, "taskName": "starlette.middleware.base.BaseHTTPMiddleware.__call__.<locals>.call_next.<locals>.coro"}
{"asctime": "2026-03-03 12:11:23,720", "levelname": "INFO", "message": "HTTP Request: POST http://localhost:8001/api/v1/users/refresh \"HTTP/1.1 200 OK\"", "url": null, "method": null, "process_time": null, "taskName": "starlette.middleware.base.BaseHTTPMiddleware.__call__.<locals>.call_next.<locals>.coro"}
{"asctime": "2026-03-03 12:11:23,722", "levelname": "INFO", "message": "", "url": "/api/v1/users/refresh", "method": "POST", "process_time": 1.044886589050293, "taskName": "starlette.middleware.base.BaseHTTPMiddleware.__call__.<locals>.call_next.<locals>.coro"}
{"asctime": "2026-03-03 12:11:58,577", "levelname": "INFO", "message": "HTTP Request: POST http://localhost:8001/api/v1/users/login \"HTTP/1.1 200 OK\"", "url": null, "method": null, "process_time": null, "taskName": "starlette.middleware.base.BaseHTTPMiddleware.__call__.<locals>.call_next.<locals>.coro"}
{"asctime": "2026-03-03 12:11:58,579", "levelname": "INFO", "message": "", "url": "/api/v1/users/login", "method": "POST", "process_time": 1.6406493186950684, "taskName": "starlette.middleware.base.BaseHTTPMiddleware.__call__.<locals>.call_next.<locals>.coro"}
{"asctime": "2026-03-03 12:12:00,197", "levelname": "INFO", "message": "HTTP Request: POST http://localhost:8001/api/v1/users/refresh \"HTTP/1.1 200 OK\"", "url": null, "method": null, "process_time": null, "taskName": "starlette.middleware.base.BaseHTTPMiddleware.__call__.<locals>.call_next.<locals>.coro"}
{"asctime": "2026-03-03 12:12:00,199", "levelname": "INFO", "message": "", "url": "/api/v1/users/refresh", "method": "POST", "process_time": 1.40061616897583, "taskName": "starlette.middleware.base.BaseHTTPMiddleware.__call__.<locals>.call_next.<locals>.coro"}
{"asctime": "2026-03-03 12:13:00,281", "levelname": "INFO", "message": "HTTP Request: POST http://localhost:8001/api/v1/users/refresh \"HTTP/1.1 200 OK\"", "url": null, "method": null, "process_time": null, "taskName": "starlette.middleware.base.BaseHTTPMiddleware.__call__.<locals>.call_next.<locals>.coro"}
{"asctime": "2026-03-03 12:13:00,284", "levelname": "INFO", "message": "", "url": "/api/v1/users/refresh", "method": "POST", "process_time": 0.6503629684448242, "taskName": "starlette.middleware.base.BaseHTTPMiddleware.__call__.<locals>.call_next.<locals>.coro"}
{"asctime": "2026-03-03 12:14:00,414", "levelname": "INFO", "message": "HTTP Request: POST http://localhost:8001/api/v1/users/refresh \"HTTP/1.1 200 OK\"", "url": null, "method": null, "process_time": null, "taskName": "starlette.middleware.base.BaseHTTPMiddleware.__call__.<locals>.call_next.<locals>.coro"}
{"asctime": "2026-03-03 12:14:00,418", "levelname": "INFO", "message": "", "url": "/api/v1/users/refresh", "method": "POST", "process_time": 1.1092569828033447, "taskName": "starlette.middleware.base.BaseHTTPMiddleware.__call__.<locals>.call_next.<locals>.coro"}
{"asctime": "2026-03-03 12:14:43,153", "levelname": "INFO", "message": "HTTP Request: POST http://localhost:8001/api/v1/users/refresh \"HTTP/1.1 200 OK\"", "url": null, "method": null, "process_time": null, "taskName": "starlette.middleware.base.BaseHTTPMiddleware.__call__.<locals>.call_next.<locals>.coro"}
{"asctime": "2026-03-03 12:14:43,156", "levelname": "INFO", "message": "", "url": "/api/v1/users/refresh", "method": "POST", "process_time": 1.2778561115264893, "taskName": "starlette.middleware.base.BaseHTTPMiddleware.__call__.<locals>.call_next.<locals>.coro"}
{"asctime": "2026-03-03 12:14:52,007", "levelname": "INFO", "message": "HTTP Request: POST http://localhost:8001/api/v1/users/login \"HTTP/1.1 200 OK\"", "url": null, "method": null, "process_time": null, "taskName": "starlette.middleware.base.BaseHTTPMiddleware.__call__.<locals>.call_next.<locals>.coro"}
{"asctime": "2026-03-03 12:14:52,013", "levelname": "INFO", "message": "", "url": "/api/v1/users/login", "method": "POST", "process_time": 1.5492794513702393, "taskName": "starlette.middleware.base.BaseHTTPMiddleware.__call__.<locals>.call_next.<locals>.coro"}
{"asctime": "2026-03-03 12:14:53,852", "levelname": "INFO", "message": "HTTP Request: POST http://localhost:8001/api/v1/users/refresh \"HTTP/1.1 200 OK\"", "url": null, "method": null, "process_time": null, "taskName": "starlette.middleware.base.BaseHTTPMiddleware.__call__.<locals>.call_next.<locals>.coro"}
{"asctime": "2026-03-03 12:14:53,855", "levelname": "INFO", "message": "", "url": "/api/v1/users/refresh", "method": "POST", "process_time": 1.6018471717834473, "taskName": "starlette.middleware.base.BaseHTTPMiddleware.__call__.<locals>.call_next.<locals>.coro"}
{"asctime": "2026-03-03 12:15:37,765", "levelname": "INFO", "message": "HTTP Request: POST http://localhost:8001/api/v1/users/login \"HTTP/1.1 200 OK\"", "url": null, "method": null, "process_time": null, "taskName": "starlette.middleware.base.BaseHTTPMiddleware.__call__.<locals>.call_next.<locals>.coro"}
{"asctime": "2026-03-03 12:15:37,768", "levelname": "INFO", "message": "", "url": "/api/v1/users/login", "method": "POST", "process_time": 1.6408498287200928, "taskName": "starlette.middleware.base.BaseHTTPMiddleware.__call__.<locals>.call_next.<locals>.coro"}
{"asctime": "2026-03-03 12:19:41,159", "levelname": "INFO", "message": "HTTP Request: GET http://localhost:8000/api/v1/users/auth/me \"HTTP/1.1 401 Unauthorized\"", "url": null, "method": null, "process_time": null, "taskName": "Task-9"}
{"asctime": "2026-03-03 12:19:41,162", "levelname": "INFO", "message": "HTTP Request: GET http://localhost:8000/api/v1/users/auth/me \"HTTP/1.1 401 Unauthorized\"", "url": null, "method": null, "process_time": null, "taskName": "Task-10"}
{"asctime": "2026-03-03 12:19:41,164", "levelname": "INFO", "message": "HTTP Request: GET http://localhost:8000/api/v1/users/auth/me \"HTTP/1.1 401 Unauthorized\"", "url": null, "method": null, "process_time": null, "taskName": "Task-7"}
{"asctime": "2026-03-03 12:19:41,165", "levelname": "INFO", "message": "HTTP Request: GET http://localhost:8000/api/v1/users/auth/me \"HTTP/1.1 401 Unauthorized\"", "url": null, "method": null, "process_time": null, "taskName": "Task-8"}
{"asctime": "2026-03-03 12:19:41,970", "levelname": "INFO", "message": "HTTP Request: POST http://localhost:8001/api/v1/users/refresh \"HTTP/1.1 200 OK\"", "url": null, "method": null, "process_time": null, "taskName": "starlette.middleware.base.BaseHTTPMiddleware.__call__.<locals>.call_next.<locals>.coro"}
{"asctime": "2026-03-03 12:19:41,971", "levelname": "INFO", "message": "", "url": "/api/v1/users/refresh", "method": "POST", "process_time": 0.74088454246521, "taskName": "starlette.middleware.base.BaseHTTPMiddleware.__call__.<locals>.call_next.<locals>.coro"}
{"asctime": "2026-03-03 12:20:06,397", "levelname": "INFO", "message": "HTTP Request: GET http://localhost:8000/api/v1/users/auth/me \"HTTP/1.1 401 Unauthorized\"", "url": null, "method": null, "process_time": null, "taskName": "Task-39"}
{"asctime": "2026-03-03 12:20:07,816", "levelname": "INFO", "message": "HTTP Request: POST http://localhost:8001/api/v1/users/refresh \"HTTP/1.1 200 OK\"", "url": null, "method": null, "process_time": null, "taskName": "starlette.middleware.base.BaseHTTPMiddleware.__call__.<locals>.call_next.<locals>.coro"}
{"asctime": "2026-03-03 12:20:07,817", "levelname": "INFO", "message": "", "url": "/api/v1/users/refresh", "method": "POST", "process_time": 0.8132743835449219, "taskName": "starlette.middleware.base.BaseHTTPMiddleware.__call__.<locals>.call_next.<locals>.coro"}
{"asctime": "2026-03-03 12:21:09,767", "levelname": "INFO", "message": "HTTP Request: POST http://localhost:8001/api/v1/users/refresh \"HTTP/1.1 200 OK\"", "url": null, "method": null, "process_time": null, "taskName": "starlette.middleware.base.BaseHTTPMiddleware.__call__.<locals>.call_next.<locals>.coro"}
{"asctime": "2026-03-03 12:21:09,769", "levelname": "INFO", "message": "", "url": "/api/v1/users/refresh", "method": "POST", "process_time": 0.5965051651000977, "taskName": "starlette.middleware.base.BaseHTTPMiddleware.__call__.<locals>.call_next.<locals>.coro"}
{"asctime": "2026-03-03 12:21:18,018", "levelname": "INFO", "message": "HTTP Request: POST http://localhost:8001/api/v1/users/login \"HTTP/1.1 200 OK\"", "url": null, "method": null, "process_time": null, "taskName": "starlette.middleware.base.BaseHTTPMiddleware.__call__.<locals>.call_next.<locals>.coro"}
{"asctime": "2026-03-03 12:21:18,019", "levelname": "INFO", "message": "", "url": "/api/v1/users/login", "method": "POST", "process_time": 1.1229078769683838, "taskName": "starlette.middleware.base.BaseHTTPMiddleware.__call__.<locals>.call_next.<locals>.coro"}
{"asctime": "2026-03-03 12:21:20,388", "levelname": "INFO", "message": "HTTP Request: GET http://localhost:8001/api/v1/users/auth/me \"HTTP/1.1 200 OK\"", "url": null, "method": null, "process_time": null, "taskName": "Task-34"}
{"asctime": "2026-03-03 12:21:20,976", "levelname": "INFO", "message": "HTTP Request: GET http://localhost:8001/api/v1/users/auth/me \"HTTP/1.1 200 OK\"", "url": null, "method": null, "process_time": null, "taskName": "Task-40"}
{"asctime": "2026-03-03 12:21:21,493", "levelname": "INFO", "message": "HTTP Request: GET http://localhost:8001/api/v1/users/auth/me \"HTTP/1.1 200 OK\"", "url": null, "method": null, "process_time": null, "taskName": "Task-38"}
{"asctime": "2026-03-03 12:21:21,494", "levelname": "INFO", "message": "HTTP Request: GET http://localhost:8001/api/v1/users/auth/me \"HTTP/1.1 200 OK\"", "url": null, "method": null, "process_time": null, "taskName": "Task-39"}
{"asctime": "2026-03-03 12:21:23,209", "levelname": "INFO", "message": "HTTP Request: GET http://localhost:8002/api/v1/payment_intake_matching/matching/dashboard/summary \"HTTP/1.1 200 OK\"", "url": null, "method": null, "process_time": null, "taskName": "starlette.middleware.base.BaseHTTPMiddleware.__call__.<locals>.call_next.<locals>.coro"}
{"asctime": "2026-03-03 12:21:23,212", "levelname": "INFO", "message": "", "url": "/api/v1/payment_intake_matching/matching/dashboard/summary", "method": "GET", "process_time": 2.8225810527801514, "taskName": "starlette.middleware.base.BaseHTTPMiddleware.__call__.<locals>.call_next.<locals>.coro"}
{"asctime": "2026-03-03 12:21:23,806", "levelname": "INFO", "message": "HTTP Request: GET http://localhost:8002/api/v1/payment_intake_matching/matching/dashboard/unmatched-invoices \"HTTP/1.1 200 OK\"", "url": null, "method": null, "process_time": null, "taskName": "starlette.middleware.base.BaseHTTPMiddleware.__call__.<locals>.call_next.<locals>.coro"}
{"asctime": "2026-03-03 12:21:23,807", "levelname": "INFO", "message": "HTTP Request: GET http://localhost:8002/api/v1/payment_intake_matching/matching/dashboard/recent \"HTTP/1.1 200 OK\"", "url": null, "method": null, "process_time": null, "taskName": "starlette.middleware.base.BaseHTTPMiddleware.__call__.<locals>.call_next.<locals>.coro"}
{"asctime": "2026-03-03 12:21:23,809", "levelname": "INFO", "message": "HTTP Request: GET http://localhost:8002/api/v1/payment_intake_matching/matching/dashboard/unmatched-payments \"HTTP/1.1 200 OK\"", "url": null, "method": null, "process_time": null, "taskName": "starlette.middleware.base.BaseHTTPMiddleware.__call__.<locals>.call_next.<locals>.coro"}
{"asctime": "2026-03-03 12:21:23,811", "levelname": "INFO", "message": "", "url": "/api/v1/payment_intake_matching/matching/dashboard/unmatched-invoices", "method": "GET", "process_time": 2.311004638671875, "taskName": "starlette.middleware.base.BaseHTTPMiddleware.__call__.<locals>.call_next.<locals>.coro"}
{"asctime": "2026-03-03 12:21:23,812", "levelname": "INFO", "message": "", "url": "/api/v1/payment_intake_matching/matching/dashboard/recent", "method": "GET", "process_time": 2.3120055198669434, "taskName": "starlette.middleware.base.BaseHTTPMiddleware.__call__.<locals>.call_next.<locals>.coro"}
{"asctime": "2026-03-03 12:21:23,812", "levelname": "INFO", "message": "", "url": "/api/v1/payment_intake_matching/matching/dashboard/unmatched-payments", "method": "GET", "process_time": 2.8340325355529785, "taskName": "starlette.middleware.base.BaseHTTPMiddleware.__call__.<locals>.call_next.<locals>.coro"}
{"asctime": "2026-03-03 12:21:25,564", "levelname": "INFO", "message": "HTTP Request: GET http://localhost:8001/api/v1/users/auth/me \"HTTP/1.1 200 OK\"", "url": null, "method": null, "process_time": null, "taskName": "Task-89"}
{"asctime": "2026-03-03 12:21:26,075", "levelname": "INFO", "message": "HTTP Request: GET http://localhost:8001/api/v1/users/auth/me \"HTTP/1.1 200 OK\"", "url": null, "method": null, "process_time": null, "taskName": "Task-93"}
{"asctime": "2026-03-03 12:21:26,495", "levelname": "INFO", "message": "HTTP Request: GET http://localhost:8001/api/v1/users/auth/me \"HTTP/1.1 200 OK\"", "url": null, "method": null, "process_time": null, "taskName": "Task-91"}
{"asctime": "2026-03-03 12:21:26,496", "levelname": "INFO", "message": "HTTP Request: GET http://localhost:8001/api/v1/users/auth/me \"HTTP/1.1 200 OK\"", "url": null, "method": null, "process_time": null, "taskName": "Task-92"}
{"asctime": "2026-03-03 12:21:27,181", "levelname": "INFO", "message": "HTTP Request: GET http://localhost:8002/api/v1/payment_intake_matching/matching/dashboard/summary \"HTTP/1.1 200 OK\"", "url": null, "method": null, "process_time": null, "taskName": "starlette.middleware.base.BaseHTTPMiddleware.__call__.<locals>.call_next.<locals>.coro"}
{"asctime": "2026-03-03 12:21:27,183", "levelname": "INFO", "message": "", "url": "/api/v1/payment_intake_matching/matching/dashboard/summary", "method": "GET", "process_time": 1.6137144565582275, "taskName": "starlette.middleware.base.BaseHTTPMiddleware.__call__.<locals>.call_next.<locals>.coro"}
{"asctime": "2026-03-03 12:21:27,466", "levelname": "INFO", "message": "HTTP Request: GET http://localhost:8002/api/v1/payment_intake_matching/matching/dashboard/recent \"HTTP/1.1 200 OK\"", "url": null, "method": null, "process_time": null, "taskName": "starlette.middleware.base.BaseHTTPMiddleware.__call__.<locals>.call_next.<locals>.coro"}
{"asctime": "2026-03-03 12:21:27,470", "levelname": "INFO", "message": "", "url": "/api/v1/payment_intake_matching/matching/dashboard/recent", "method": "GET", "process_time": 0.971278190612793, "taskName": "starlette.middleware.base.BaseHTTPMiddleware.__call__.<locals>.call_next.<locals>.coro"}
{"asctime": "2026-03-03 12:21:27,476", "levelname": "INFO", "message": "HTTP Request: GET http://localhost:8002/api/v1/payment_intake_matching/matching/dashboard/unmatched-payments \"HTTP/1.1 200 OK\"", "url": null, "method": null, "process_time": null, "taskName": "starlette.middleware.base.BaseHTTPMiddleware.__call__.<locals>.call_next.<locals>.coro"}
{"asctime": "2026-03-03 12:21:27,483", "levelname": "INFO", "message": "HTTP Request: GET http://localhost:8002/api/v1/payment_intake_matching/matching/dashboard/unmatched-invoices \"HTTP/1.1 200 OK\"", "url": null, "method": null, "process_time": null, "taskName": "starlette.middleware.base.BaseHTTPMiddleware.__call__.<locals>.call_next.<locals>.coro"}
{"asctime": "2026-03-03 12:21:27,488", "levelname": "INFO", "message": "", "url": "/api/v1/payment_intake_matching/matching/dashboard/unmatched-payments", "method": "GET", "process_time": 1.4103162288665771, "taskName": "starlette.middleware.base.BaseHTTPMiddleware.__call__.<locals>.call_next.<locals>.coro"}
{"asctime": "2026-03-03 12:21:27,496", "levelname": "INFO", "message": "", "url": "/api/v1/payment_intake_matching/matching/dashboard/unmatched-invoices", "method": "GET", "process_time": 0.9979381561279297, "taskName": "starlette.middleware.base.BaseHTTPMiddleware.__call__.<locals>.call_next.<locals>.coro"}
{"asctime": "2026-03-03 12:22:20,800", "levelname": "INFO", "message": "HTTP Request: GET http://localhost:8001/api/v1/users/auth/me \"HTTP/1.1 200 OK\"", "url": null, "method": null, "process_time": null, "taskName": "Task-142"}
{"asctime": "2026-03-03 12:22:21,344", "levelname": "INFO", "message": "HTTP Request: GET http://localhost:8001/api/v1/users/auth/me \"HTTP/1.1 200 OK\"", "url": null, "method": null, "process_time": null, "taskName": "Task-146"}
{"asctime": "2026-03-03 12:22:21,345", "levelname": "INFO", "message": "HTTP Request: GET http://localhost:8001/api/v1/users/auth/me \"HTTP/1.1 200 OK\"", "url": null, "method": null, "process_time": null, "taskName": "Task-148"}
{"asctime": "2026-03-03 12:22:21,345", "levelname": "INFO", "message": "HTTP Request: GET http://localhost:8001/api/v1/users/auth/me \"HTTP/1.1 200 OK\"", "url": null, "method": null, "process_time": null, "taskName": "Task-147"}
{"asctime": "2026-03-03 12:22:23,333", "levelname": "INFO", "message": "HTTP Request: GET http://localhost:8002/api/v1/payment_intake_matching/matching/dashboard/summary \"HTTP/1.1 200 OK\"", "url": null, "method": null, "process_time": null, "taskName": "starlette.middleware.base.BaseHTTPMiddleware.__call__.<locals>.call_next.<locals>.coro"}
{"asctime": "2026-03-03 12:22:23,334", "levelname": "INFO", "message": "HTTP Request: GET http://localhost:8002/api/v1/payment_intake_matching/matching/dashboard/recent \"HTTP/1.1 200 OK\"", "url": null, "method": null, "process_time": null, "taskName": "starlette.middleware.base.BaseHTTPMiddleware.__call__.<locals>.call_next.<locals>.coro"}
{"asctime": "2026-03-03 12:22:23,335", "levelname": "INFO", "message": "HTTP Request: GET http://localhost:8002/api/v1/payment_intake_matching/matching/dashboard/unmatched-invoices \"HTTP/1.1 200 OK\"", "url": null, "method": null, "process_time": null, "taskName": "starlette.middleware.base.BaseHTTPMiddleware.__call__.<locals>.call_next.<locals>.coro"}
{"asctime": "2026-03-03 12:22:23,337", "levelname": "INFO", "message": "", "url": "/api/v1/payment_intake_matching/matching/dashboard/summary", "method": "GET", "process_time": 2.5342392921447754, "taskName": "starlette.middleware.base.BaseHTTPMiddleware.__call__.<locals>.call_next.<locals>.coro"}
{"asctime": "2026-03-03 12:22:23,338", "levelname": "INFO", "message": "HTTP Request: GET http://localhost:8002/api/v1/payment_intake_matching/matching/dashboard/unmatched-payments \"HTTP/1.1 200 OK\"", "url": null, "method": null, "process_time": null, "taskName": "starlette.middleware.base.BaseHTTPMiddleware.__call__.<locals>.call_next.<locals>.coro"}
{"asctime": "2026-03-03 12:22:23,339", "levelname": "INFO", "message": "", "url": "/api/v1/payment_intake_matching/matching/dashboard/recent", "method": "GET", "process_time": 1.9932141304016113, "taskName": "starlette.middleware.base.BaseHTTPMiddleware.__call__.<locals>.call_next.<locals>.coro"}
{"asctime": "2026-03-03 12:22:23,340", "levelname": "INFO", "message": "", "url": "/api/v1/payment_intake_matching/matching/dashboard/unmatched-invoices", "method": "GET", "process_time": 1.9942169189453125, "taskName": "starlette.middleware.base.BaseHTTPMiddleware.__call__.<locals>.call_next.<locals>.coro"}
{"asctime": "2026-03-03 12:22:23,349", "levelname": "INFO", "message": "", "url": "/api/v1/payment_intake_matching/matching/dashboard/unmatched-payments", "method": "GET", "process_time": 2.002556562423706, "taskName": "starlette.middleware.base.BaseHTTPMiddleware.__call__.<locals>.call_next.<locals>.coro"}
{"asctime": "2026-03-03 12:23:21,035", "levelname": "INFO", "message": "HTTP Request: GET http://localhost:8001/api/v1/users/auth/me \"HTTP/1.1 200 OK\"", "url": null, "method": null, "process_time": null, "taskName": "Task-201"}
{"asctime": "2026-03-03 12:23:21,617", "levelname": "INFO", "message": "HTTP Request: GET http://localhost:8001/api/v1/users/auth/me \"HTTP/1.1 200 OK\"", "url": null, "method": null, "process_time": null, "taskName": "Task-204"}
{"asctime": "2026-03-03 12:23:21,618", "levelname": "INFO", "message": "HTTP Request: GET http://localhost:8001/api/v1/users/auth/me \"HTTP/1.1 200 OK\"", "url": null, "method": null, "process_time": null, "taskName": "Task-205"}
{"asctime": "2026-03-03 12:23:21,619", "levelname": "INFO", "message": "HTTP Request: GET http://localhost:8001/api/v1/users/auth/me \"HTTP/1.1 200 OK\"", "url": null, "method": null, "process_time": null, "taskName": "Task-202"}
{"asctime": "2026-03-03 12:23:23,579", "levelname": "INFO", "message": "HTTP Request: GET http://localhost:8002/api/v1/payment_intake_matching/matching/dashboard/recent \"HTTP/1.1 200 OK\"", "url": null, "method": null, "process_time": null, "taskName": "starlette.middleware.base.BaseHTTPMiddleware.__call__.<locals>.call_next.<locals>.coro"}
{"asctime": "2026-03-03 12:23:23,583", "levelname": "INFO", "message": "HTTP Request: GET http://localhost:8002/api/v1/payment_intake_matching/matching/dashboard/unmatched-invoices \"HTTP/1.1 200 OK\"", "url": null, "method": null, "process_time": null, "taskName": "starlette.middleware.base.BaseHTTPMiddleware.__call__.<locals>.call_next.<locals>.coro"}
{"asctime": "2026-03-03 12:23:23,587", "levelname": "INFO", "message": "HTTP Request: GET http://localhost:8002/api/v1/payment_intake_matching/matching/dashboard/summary \"HTTP/1.1 200 OK\"", "url": null, "method": null, "process_time": null, "taskName": "starlette.middleware.base.BaseHTTPMiddleware.__call__.<locals>.call_next.<locals>.coro"}
{"asctime": "2026-03-03 12:23:23,590", "levelname": "INFO", "message": "HTTP Request: GET http://localhost:8002/api/v1/payment_intake_matching/matching/dashboard/unmatched-payments \"HTTP/1.1 200 OK\"", "url": null, "method": null, "process_time": null, "taskName": "starlette.middleware.base.BaseHTTPMiddleware.__call__.<locals>.call_next.<locals>.coro"}
{"asctime": "2026-03-03 12:23:23,593", "levelname": "INFO", "message": "", "url": "/api/v1/payment_intake_matching/matching/dashboard/unmatched-invoices", "method": "GET", "process_time": 1.4347076416015625, "taskName": "starlette.middleware.base.BaseHTTPMiddleware.__call__.<locals>.call_next.<locals>.coro"}
{"asctime": "2026-03-03 12:23:23,595", "levelname": "INFO", "message": "", "url": "/api/v1/payment_intake_matching/matching/dashboard/recent", "method": "GET", "process_time": 1.4377162456512451, "taskName": "starlette.middleware.base.BaseHTTPMiddleware.__call__.<locals>.call_next.<locals>.coro"}
{"asctime": "2026-03-03 12:23:23,605", "levelname": "INFO", "message": "", "url": "/api/v1/payment_intake_matching/matching/dashboard/summary", "method": "GET", "process_time": 2.5635886192321777, "taskName": "starlette.middleware.base.BaseHTTPMiddleware.__call__.<locals>.call_next.<locals>.coro"}
{"asctime": "2026-03-03 12:23:23,609", "levelname": "INFO", "message": "", "url": "/api/v1/payment_intake_matching/matching/dashboard/unmatched-payments", "method": "GET", "process_time": 1.9886605739593506, "taskName": "starlette.middleware.base.BaseHTTPMiddleware.__call__.<locals>.call_next.<locals>.coro"}
{"asctime": "2026-03-03 12:24:20,787", "levelname": "INFO", "message": "HTTP Request: GET http://localhost:8001/api/v1/users/auth/me \"HTTP/1.1 200 OK\"", "url": null, "method": null, "process_time": null, "taskName": "Task-259"}
{"asctime": "2026-03-03 12:24:21,360", "levelname": "INFO", "message": "HTTP Request: GET http://localhost:8001/api/v1/users/auth/me \"HTTP/1.1 200 OK\"", "url": null, "method": null, "process_time": null, "taskName": "Task-260"}
{"asctime": "2026-03-03 12:24:21,361", "levelname": "INFO", "message": "HTTP Request: GET http://localhost:8001/api/v1/users/auth/me \"HTTP/1.1 200 OK\"", "url": null, "method": null, "process_time": null, "taskName": "Task-258"}
{"asctime": "2026-03-03 12:24:21,362", "levelname": "INFO", "message": "HTTP Request: GET http://localhost:8001/api/v1/users/auth/me \"HTTP/1.1 200 OK\"", "url": null, "method": null, "process_time": null, "taskName": "Task-254"}
{"asctime": "2026-03-03 12:24:23,388", "levelname": "INFO", "message": "HTTP Request: GET http://localhost:8002/api/v1/payment_intake_matching/matching/dashboard/unmatched-invoices \"HTTP/1.1 200 OK\"", "url": null, "method": null, "process_time": null, "taskName": "starlette.middleware.base.BaseHTTPMiddleware.__call__.<locals>.call_next.<locals>.coro"}
{"asctime": "2026-03-03 12:24:23,389", "levelname": "INFO", "message": "HTTP Request: GET http://localhost:8002/api/v1/payment_intake_matching/matching/dashboard/summary \"HTTP/1.1 200 OK\"", "url": null, "method": null, "process_time": null, "taskName": "starlette.middleware.base.BaseHTTPMiddleware.__call__.<locals>.call_next.<locals>.coro"}
{"asctime": "2026-03-03 12:24:23,394", "levelname": "INFO", "message": "HTTP Request: GET http://localhost:8002/api/v1/payment_intake_matching/matching/dashboard/unmatched-payments \"HTTP/1.1 200 OK\"", "url": null, "method": null, "process_time": null, "taskName": "starlette.middleware.base.BaseHTTPMiddleware.__call__.<locals>.call_next.<locals>.coro"}
{"asctime": "2026-03-03 12:24:23,397", "levelname": "INFO", "message": "", "url": "/api/v1/payment_intake_matching/matching/dashboard/unmatched-invoices", "method": "GET", "process_time": 2.6071462631225586, "taskName": "starlette.middleware.base.BaseHTTPMiddleware.__call__.<locals>.call_next.<locals>.coro"}
{"asctime": "2026-03-03 12:24:23,400", "levelname": "INFO", "message": "HTTP Request: GET http://localhost:8002/api/v1/payment_intake_matching/matching/dashboard/recent \"HTTP/1.1 200 OK\"", "url": null, "method": null, "process_time": null, "taskName": "starlette.middleware.base.BaseHTTPMiddleware.__call__.<locals>.call_next.<locals>.coro"}
{"asctime": "2026-03-03 12:24:23,404", "levelname": "INFO", "message": "", "url": "/api/v1/payment_intake_matching/matching/dashboard/summary", "method": "GET", "process_time": 2.0404601097106934, "taskName": "starlette.middleware.base.BaseHTTPMiddleware.__call__.<locals>.call_next.<locals>.coro"}
{"asctime": "2026-03-03 12:24:23,411", "levelname": "INFO", "message": "", "url": "/api/v1/payment_intake_matching/matching/dashboard/unmatched-payments", "method": "GET", "process_time": 2.0454509258270264, "taskName": "starlette.middleware.base.BaseHTTPMiddleware.__call__.<locals>.call_next.<locals>.coro"}
{"asctime": "2026-03-03 12:24:23,417", "levelname": "INFO", "message": "", "url": "/api/v1/payment_intake_matching/matching/dashboard/recent", "method": "GET", "process_time": 2.053478240966797, "taskName": "starlette.middleware.base.BaseHTTPMiddleware.__call__.<locals>.call_next.<locals>.coro"}
{"asctime": "2026-03-03 12:25:21,164", "levelname": "INFO", "message": "HTTP Request: GET http://localhost:8001/api/v1/users/auth/me \"HTTP/1.1 200 OK\"", "url": null, "method": null, "process_time": null, "taskName": "Task-314"}
{"asctime": "2026-03-03 12:25:21,881", "levelname": "INFO", "message": "HTTP Request: GET http://localhost:8001/api/v1/users/auth/me \"HTTP/1.1 200 OK\"", "url": null, "method": null, "process_time": null, "taskName": "Task-313"}
{"asctime": "2026-03-03 12:25:21,882", "levelname": "INFO", "message": "HTTP Request: GET http://localhost:8001/api/v1/users/auth/me \"HTTP/1.1 200 OK\"", "url": null, "method": null, "process_time": null, "taskName": "Task-315"}
{"asctime": "2026-03-03 12:25:21,882", "levelname": "INFO", "message": "HTTP Request: GET http://localhost:8001/api/v1/users/auth/me \"HTTP/1.1 200 OK\"", "url": null, "method": null, "process_time": null, "taskName": "Task-316"}
{"asctime": "2026-03-03 12:25:24,002", "levelname": "INFO", "message": "HTTP Request: GET http://localhost:8002/api/v1/payment_intake_matching/matching/dashboard/recent \"HTTP/1.1 200 OK\"", "url": null, "method": null, "process_time": null, "taskName": "starlette.middleware.base.BaseHTTPMiddleware.__call__.<locals>.call_next.<locals>.coro"}
{"asctime": "2026-03-03 12:25:24,004", "levelname": "INFO", "message": "", "url": "/api/v1/payment_intake_matching/matching/dashboard/recent", "method": "GET", "process_time": 2.119892120361328, "taskName": "starlette.middleware.base.BaseHTTPMiddleware.__call__.<locals>.call_next.<locals>.coro"}
{"asctime": "2026-03-03 12:25:24,009", "levelname": "INFO", "message": "HTTP Request: GET http://localhost:8002/api/v1/payment_intake_matching/matching/dashboard/summary \"HTTP/1.1 200 OK\"", "url": null, "method": null, "process_time": null, "taskName": "starlette.middleware.base.BaseHTTPMiddleware.__call__.<locals>.call_next.<locals>.coro"}
{"asctime": "2026-03-03 12:25:24,018", "levelname": "INFO", "message": "HTTP Request: GET http://localhost:8002/api/v1/payment_intake_matching/matching/dashboard/unmatched-payments \"HTTP/1.1 200 OK\"", "url": null, "method": null, "process_time": null, "taskName": "starlette.middleware.base.BaseHTTPMiddleware.__call__.<locals>.call_next.<locals>.coro"}
{"asctime": "2026-03-03 12:25:24,021", "levelname": "INFO", "message": "HTTP Request: GET http://localhost:8002/api/v1/payment_intake_matching/matching/dashboard/unmatched-invoices \"HTTP/1.1 200 OK\"", "url": null, "method": null, "process_time": null, "taskName": "starlette.middleware.base.BaseHTTPMiddleware.__call__.<locals>.call_next.<locals>.coro"}
{"asctime": "2026-03-03 12:25:24,024", "levelname": "INFO", "message": "", "url": "/api/v1/payment_intake_matching/matching/dashboard/summary", "method": "GET", "process_time": 2.8561065196990967, "taskName": "starlette.middleware.base.BaseHTTPMiddleware.__call__.<locals>.call_next.<locals>.coro"}
{"asctime": "2026-03-03 12:25:24,034", "levelname": "INFO", "message": "", "url": "/api/v1/payment_intake_matching/matching/dashboard/unmatched-payments", "method": "GET", "process_time": 2.14813494682312, "taskName": "starlette.middleware.base.BaseHTTPMiddleware.__call__.<locals>.call_next.<locals>.coro"}
{"asctime": "2026-03-03 12:25:24,038", "levelname": "INFO", "message": "", "url": "/api/v1/payment_intake_matching/matching/dashboard/unmatched-invoices", "method": "GET", "process_time": 2.1541411876678467, "taskName": "starlette.middleware.base.BaseHTTPMiddleware.__call__.<locals>.call_next.<locals>.coro"}
{"asctime": "2026-03-03 12:26:20,688", "levelname": "INFO", "message": "HTTP Request: GET http://localhost:8001/api/v1/users/auth/me \"HTTP/1.1 200 OK\"", "url": null, "method": null, "process_time": null, "taskName": "Task-366"}
{"asctime": "2026-03-03 12:26:21,303", "levelname": "INFO", "message": "HTTP Request: GET http://localhost:8001/api/v1/users/auth/me \"HTTP/1.1 200 OK\"", "url": null, "method": null, "process_time": null, "taskName": "Task-371"}
{"asctime": "2026-03-03 12:26:21,911", "levelname": "INFO", "message": "HTTP Request: GET http://localhost:8001/api/v1/users/auth/me \"HTTP/1.1 200 OK\"", "url": null, "method": null, "process_time": null, "taskName": "Task-370"}
{"asctime": "2026-03-03 12:26:21,912", "levelname": "INFO", "message": "HTTP Request: GET http://localhost:8001/api/v1/users/auth/me \"HTTP/1.1 200 OK\"", "url": null, "method": null, "process_time": null, "taskName": "Task-372"}
{"asctime": "2026-03-03 12:26:23,114", "levelname": "INFO", "message": "HTTP Request: GET http://localhost:8002/api/v1/payment_intake_matching/matching/dashboard/summary \"HTTP/1.1 200 OK\"", "url": null, "method": null, "process_time": null, "taskName": "starlette.middleware.base.BaseHTTPMiddleware.__call__.<locals>.call_next.<locals>.coro"}
{"asctime": "2026-03-03 12:26:23,115", "levelname": "INFO", "message": "", "url": "/api/v1/payment_intake_matching/matching/dashboard/summary", "method": "GET", "process_time": 2.4257991313934326, "taskName": "starlette.middleware.base.BaseHTTPMiddleware.__call__.<locals>.call_next.<locals>.coro"}
{"asctime": "2026-03-03 12:26:23,405", "levelname": "INFO", "message": "HTTP Request: GET http://localhost:8002/api/v1/payment_intake_matching/matching/dashboard/unmatched-payments \"HTTP/1.1 200 OK\"", "url": null, "method": null, "process_time": null, "taskName": "starlette.middleware.base.BaseHTTPMiddleware.__call__.<locals>.call_next.<locals>.coro"}
{"asctime": "2026-03-03 12:26:23,406", "levelname": "INFO", "message": "", "url": "/api/v1/payment_intake_matching/matching/dashboard/unmatched-payments", "method": "GET", "process_time": 1.4929485321044922, "taskName": "starlette.middleware.base.BaseHTTPMiddleware.__call__.<locals>.call_next.<locals>.coro"}
{"asctime": "2026-03-03 12:26:23,407", "levelname": "INFO", "message": "HTTP Request: GET http://localhost:8002/api/v1/payment_intake_matching/matching/dashboard/recent \"HTTP/1.1 200 OK\"", "url": null, "method": null, "process_time": null, "taskName": "starlette.middleware.base.BaseHTTPMiddleware.__call__.<locals>.call_next.<locals>.coro"}
{"asctime": "2026-03-03 12:26:23,412", "levelname": "INFO", "message": "HTTP Request: GET http://localhost:8002/api/v1/payment_intake_matching/matching/dashboard/unmatched-invoices \"HTTP/1.1 200 OK\"", "url": null, "method": null, "process_time": null, "taskName": "starlette.middleware.base.BaseHTTPMiddleware.__call__.<locals>.call_next.<locals>.coro"}
{"asctime": "2026-03-03 12:26:23,414", "levelname": "INFO", "message": "", "url": "/api/v1/payment_intake_matching/matching/dashboard/recent", "method": "GET", "process_time": 2.108508586883545, "taskName": "starlette.middleware.base.BaseHTTPMiddleware.__call__.<locals>.call_next.<locals>.coro"}
{"asctime": "2026-03-03 12:26:23,416", "levelname": "INFO", "message": "", "url": "/api/v1/payment_intake_matching/matching/dashboard/unmatched-invoices", "method": "GET", "process_time": 1.502471923828125, "taskName": "starlette.middleware.base.BaseHTTPMiddleware.__call__.<locals>.call_next.<locals>.coro"}
{"asctime": "2026-03-03 12:27:21,120", "levelname": "INFO", "message": "HTTP Request: GET http://localhost:8001/api/v1/users/auth/me \"HTTP/1.1 200 OK\"", "url": null, "method": null, "process_time": null, "taskName": "Task-425"}
{"asctime": "2026-03-03 12:27:21,694", "levelname": "INFO", "message": "HTTP Request: GET http://localhost:8001/api/v1/users/auth/me \"HTTP/1.1 200 OK\"", "url": null, "method": null, "process_time": null, "taskName": "Task-427"}
{"asctime": "2026-03-03 12:27:21,695", "levelname": "INFO", "message": "HTTP Request: GET http://localhost:8001/api/v1/users/auth/me \"HTTP/1.1 200 OK\"", "url": null, "method": null, "process_time": null, "taskName": "Task-429"}
{"asctime": "2026-03-03 12:27:21,696", "levelname": "INFO", "message": "HTTP Request: GET http://localhost:8001/api/v1/users/auth/me \"HTTP/1.1 200 OK\"", "url": null, "method": null, "process_time": null, "taskName": "Task-426"}
{"asctime": "2026-03-03 12:27:23,772", "levelname": "INFO", "message": "HTTP Request: GET http://localhost:8002/api/v1/payment_intake_matching/matching/dashboard/recent \"HTTP/1.1 200 OK\"", "url": null, "method": null, "process_time": null, "taskName": "starlette.middleware.base.BaseHTTPMiddleware.__call__.<locals>.call_next.<locals>.coro"}
{"asctime": "2026-03-03 12:27:23,773", "levelname": "INFO", "message": "HTTP Request: GET http://localhost:8002/api/v1/payment_intake_matching/matching/dashboard/unmatched-payments \"HTTP/1.1 200 OK\"", "url": null, "method": null, "process_time": null, "taskName": "starlette.middleware.base.BaseHTTPMiddleware.__call__.<locals>.call_next.<locals>.coro"}
{"asctime": "2026-03-03 12:27:23,774", "levelname": "INFO", "message": "HTTP Request: GET http://localhost:8002/api/v1/payment_intake_matching/matching/dashboard/summary \"HTTP/1.1 200 OK\"", "url": null, "method": null, "process_time": null, "taskName": "starlette.middleware.base.BaseHTTPMiddleware.__call__.<locals>.call_next.<locals>.coro"}
{"asctime": "2026-03-03 12:27:23,775", "levelname": "INFO", "message": "HTTP Request: GET http://localhost:8002/api/v1/payment_intake_matching/matching/dashboard/unmatched-invoices \"HTTP/1.1 200 OK\"", "url": null, "method": null, "process_time": null, "taskName": "starlette.middleware.base.BaseHTTPMiddleware.__call__.<locals>.call_next.<locals>.coro"}
{"asctime": "2026-03-03 12:27:23,779", "levelname": "INFO", "message": "", "url": "/api/v1/payment_intake_matching/matching/dashboard/recent", "method": "GET", "process_time": 2.0820770263671875, "taskName": "starlette.middleware.base.BaseHTTPMiddleware.__call__.<locals>.call_next.<locals>.coro"}
{"asctime": "2026-03-03 12:27:23,782", "levelname": "INFO", "message": "", "url": "/api/v1/payment_intake_matching/matching/dashboard/unmatched-payments", "method": "GET", "process_time": 2.0851552486419678, "taskName": "starlette.middleware.base.BaseHTTPMiddleware.__call__.<locals>.call_next.<locals>.coro"}
{"asctime": "2026-03-03 12:27:23,783", "levelname": "INFO", "message": "", "url": "/api/v1/payment_intake_matching/matching/dashboard/summary", "method": "GET", "process_time": 2.6591763496398926, "taskName": "starlette.middleware.base.BaseHTTPMiddleware.__call__.<locals>.call_next.<locals>.coro"}
{"asctime": "2026-03-03 12:27:23,784", "levelname": "INFO", "message": "", "url": "/api/v1/payment_intake_matching/matching/dashboard/unmatched-invoices", "method": "GET", "process_time": 2.087448835372925, "taskName": "starlette.middleware.base.BaseHTTPMiddleware.__call__.<locals>.call_next.<locals>.coro"}
{"asctime": "2026-03-03 12:27:33,714", "levelname": "INFO", "message": "HTTP Request: GET http://localhost:8001/api/v1/users/auth/me \"HTTP/1.1 200 OK\"", "url": null, "method": null, "process_time": null, "taskName": "Task-478"}
{"asctime": "2026-03-03 12:27:34,464", "levelname": "INFO", "message": "HTTP Request: GET http://localhost:8001/api/v1/users/auth/me \"HTTP/1.1 200 OK\"", "url": null, "method": null, "process_time": null, "taskName": "starlette.middleware.base.BaseHTTPMiddleware.__call__.<locals>.call_next.<locals>.coro"}
{"asctime": "2026-03-03 12:27:34,465", "levelname": "INFO", "message": "", "url": "/api/v1/users/auth/me", "method": "GET", "process_time": 0.7494995594024658, "taskName": "starlette.middleware.base.BaseHTTPMiddleware.__call__.<locals>.call_next.<locals>.coro"}
{"asctime": "2026-03-03 12:27:35,180", "levelname": "INFO", "message": "HTTP Request: GET http://localhost:8001/api/v1/users/auth/me \"HTTP/1.1 200 OK\"", "url": null, "method": null, "process_time": null, "taskName": "Task-491"}
{"asctime": "2026-03-03 12:27:37,415", "levelname": "INFO", "message": "HTTP Request: GET http://localhost:8001/api/v1/users/auth/me \"HTTP/1.1 200 OK\"", "url": null, "method": null, "process_time": null, "taskName": "Task-506"}
{"asctime": "2026-03-03 12:27:37,794", "levelname": "INFO", "message": "HTTP Request: GET http://localhost:8001/api/v1/users/auth/me \"HTTP/1.1 200 OK\"", "url": null, "method": null, "process_time": null, "taskName": "Task-505"}
{"asctime": "2026-03-03 12:27:37,795", "levelname": "INFO", "message": "HTTP Request: GET http://localhost:8001/api/v1/users/auth/me \"HTTP/1.1 200 OK\"", "url": null, "method": null, "process_time": null, "taskName": "Task-508"}
{"asctime": "2026-03-03 12:27:37,795", "levelname": "INFO", "message": "HTTP Request: GET http://localhost:8001/api/v1/users/auth/me \"HTTP/1.1 200 OK\"", "url": null, "method": null, "process_time": null, "taskName": "Task-507"}
{"asctime": "2026-03-03 12:27:37,797", "levelname": "INFO", "message": "HTTP Request: GET http://localhost:8001/api/v1/users/auth/me \"HTTP/1.1 200 OK\"", "url": null, "method": null, "process_time": null, "taskName": "starlette.middleware.base.BaseHTTPMiddleware.__call__.<locals>.call_next.<locals>.coro"}
{"asctime": "2026-03-03 12:27:38,863", "levelname": "INFO", "message": "", "url": "/api/v1/users/auth/me", "method": "GET", "process_time": 3.6792964935302734, "taskName": "starlette.middleware.base.BaseHTTPMiddleware.__call__.<locals>.call_next.<locals>.coro"}
{"asctime": "2026-03-03 12:27:39,165", "levelname": "INFO", "message": "HTTP Request: GET http://localhost:8002/api/v1/payment_intake_matching/matching/dashboard/unmatched-payments \"HTTP/1.1 200 OK\"", "url": null, "method": null, "process_time": null, "taskName": "starlette.middleware.base.BaseHTTPMiddleware.__call__.<locals>.call_next.<locals>.coro"}
{"asctime": "2026-03-03 12:27:39,169", "levelname": "INFO", "message": "HTTP Request: GET http://localhost:8002/api/v1/payment_intake_matching/matching/dashboard/summary \"HTTP/1.1 200 OK\"", "url": null, "method": null, "process_time": null, "taskName": "starlette.middleware.base.BaseHTTPMiddleware.__call__.<locals>.call_next.<locals>.coro"}
{"asctime": "2026-03-03 12:27:39,171", "levelname": "INFO", "message": "HTTP Request: GET http://localhost:8002/api/v1/payment_intake_matching/matching/dashboard/recent \"HTTP/1.1 200 OK\"", "url": null, "method": null, "process_time": null, "taskName": "starlette.middleware.base.BaseHTTPMiddleware.__call__.<locals>.call_next.<locals>.coro"}
{"asctime": "2026-03-03 12:27:39,172", "levelname": "INFO", "message": "", "url": "/api/v1/payment_intake_matching/matching/dashboard/unmatched-payments", "method": "GET", "process_time": 1.7541797161102295, "taskName": "starlette.middleware.base.BaseHTTPMiddleware.__call__.<locals>.call_next.<locals>.coro"}
{"asctime": "2026-03-03 12:27:39,180", "levelname": "INFO", "message": "", "url": "/api/v1/payment_intake_matching/matching/dashboard/summary", "method": "GET", "process_time": 1.3810265064239502, "taskName": "starlette.middleware.base.BaseHTTPMiddleware.__call__.<locals>.call_next.<locals>.coro"}
{"asctime": "2026-03-03 12:27:39,184", "levelname": "INFO", "message": "HTTP Request: GET http://localhost:8002/api/v1/payment_intake_matching/matching/dashboard/unmatched-invoices \"HTTP/1.1 200 OK\"", "url": null, "method": null, "process_time": null, "taskName": "starlette.middleware.base.BaseHTTPMiddleware.__call__.<locals>.call_next.<locals>.coro"}
{"asctime": "2026-03-03 12:27:39,188", "levelname": "INFO", "message": "", "url": "/api/v1/payment_intake_matching/matching/dashboard/recent", "method": "GET", "process_time": 1.38856840133667, "taskName": "starlette.middleware.base.BaseHTTPMiddleware.__call__.<locals>.call_next.<locals>.coro"}
{"asctime": "2026-03-03 12:27:39,552", "levelname": "INFO", "message": "", "url": "/api/v1/payment_intake_matching/matching/dashboard/unmatched-invoices", "method": "GET", "process_time": 1.7528831958770752, "taskName": "starlette.middleware.base.BaseHTTPMiddleware.__call__.<locals>.call_next.<locals>.coro"}
{"asctime": "2026-03-03 12:27:41,161", "levelname": "INFO", "message": "HTTP Request: GET http://localhost:8001/api/v1/users/auth/me \"HTTP/1.1 200 OK\"", "url": null, "method": null, "process_time": null, "taskName": "Task-560"}
{"asctime": "2026-03-03 12:27:41,710", "levelname": "INFO", "message": "HTTP Request: GET http://localhost:8001/api/v1/users/auth/me \"HTTP/1.1 200 OK\"", "url": null, "method": null, "process_time": null, "taskName": "Task-562"}
{"asctime": "2026-03-03 12:27:42,286", "levelname": "INFO", "message": "HTTP Request: GET http://localhost:8001/api/v1/users/auth/me \"HTTP/1.1 200 OK\"", "url": null, "method": null, "process_time": null, "taskName": "Task-565"}
{"asctime": "2026-03-03 12:27:42,289", "levelname": "INFO", "message": "HTTP Request: GET http://localhost:8001/api/v1/users/auth/me \"HTTP/1.1 200 OK\"", "url": null, "method": null, "process_time": null, "taskName": "Task-564"}
{"asctime": "2026-03-03 12:27:43,483", "levelname": "INFO", "message": "HTTP Request: GET http://localhost:8002/api/v1/payment_intake_matching/matching/dashboard/summary \"HTTP/1.1 200 OK\"", "url": null, "method": null, "process_time": null, "taskName": "starlette.middleware.base.BaseHTTPMiddleware.__call__.<locals>.call_next.<locals>.coro"}
{"asctime": "2026-03-03 12:27:43,484", "levelname": "INFO", "message": "HTTP Request: GET http://localhost:8002/api/v1/payment_intake_matching/matching/dashboard/unmatched-payments \"HTTP/1.1 200 OK\"", "url": null, "method": null, "process_time": null, "taskName": "starlette.middleware.base.BaseHTTPMiddleware.__call__.<locals>.call_next.<locals>.coro"}
{"asctime": "2026-03-03 12:27:43,484", "levelname": "INFO", "message": "", "url": "/api/v1/payment_intake_matching/matching/dashboard/summary", "method": "GET", "process_time": 1.7720541954040527, "taskName": "starlette.middleware.base.BaseHTTPMiddleware.__call__.<locals>.call_next.<locals>.coro"}
{"asctime": "2026-03-03 12:27:43,485", "levelname": "INFO", "message": "", "url": "/api/v1/payment_intake_matching/matching/dashboard/unmatched-payments", "method": "GET", "process_time": 2.3234636783599854, "taskName": "starlette.middleware.base.BaseHTTPMiddleware.__call__.<locals>.call_next.<locals>.coro"}
{"asctime": "2026-03-03 12:27:43,745", "levelname": "INFO", "message": "HTTP Request: GET http://localhost:8002/api/v1/payment_intake_matching/matching/dashboard/recent \"HTTP/1.1 200 OK\"", "url": null, "method": null, "process_time": null, "taskName": "starlette.middleware.base.BaseHTTPMiddleware.__call__.<locals>.call_next.<locals>.coro"}
{"asctime": "2026-03-03 12:27:43,748", "levelname": "INFO", "message": "HTTP Request: GET http://localhost:8002/api/v1/payment_intake_matching/matching/dashboard/unmatched-invoices \"HTTP/1.1 200 OK\"", "url": null, "method": null, "process_time": null, "taskName": "starlette.middleware.base.BaseHTTPMiddleware.__call__.<locals>.call_next.<locals>.coro"}
{"asctime": "2026-03-03 12:27:43,750", "levelname": "INFO", "message": "", "url": "/api/v1/payment_intake_matching/matching/dashboard/recent", "method": "GET", "process_time": 0.830195426940918, "taskName": "starlette.middleware.base.BaseHTTPMiddleware.__call__.<locals>.call_next.<locals>.coro"}
{"asctime": "2026-03-03 12:27:43,751", "levelname": "INFO", "message": "", "url": "/api/v1/payment_intake_matching/matching/dashboard/unmatched-invoices", "method": "GET", "process_time": 1.462604284286499, "taskName": "starlette.middleware.base.BaseHTTPMiddleware.__call__.<locals>.call_next.<locals>.coro"}
{"asctime": "2026-03-03 12:28:20,918", "levelname": "INFO", "message": "HTTP Request: GET http://localhost:8001/api/v1/users/auth/me \"HTTP/1.1 200 OK\"", "url": null, "method": null, "process_time": null, "taskName": "Task-617"}
{"asctime": "2026-03-03 12:28:22,438", "levelname": "INFO", "message": "HTTP Request: POST http://localhost:8002/api/v1/payment_intake_matching/documents/upload \"HTTP/1.1 422 Unprocessable Entity\"", "url": null, "method": null, "process_time": null, "taskName": "starlette.middleware.base.BaseHTTPMiddleware.__call__.<locals>.call_next.<locals>.coro"}
{"asctime": "2026-03-03 12:28:22,441", "levelname": "INFO", "message": "", "url": "/api/v1/payment_intake_matching/documents/upload", "method": "POST", "process_time": 1.5209777355194092, "taskName": "starlette.middleware.base.BaseHTTPMiddleware.__call__.<locals>.call_next.<locals>.coro"}
{"asctime": "2026-03-03 12:31:27,399", "levelname": "INFO", "message": "HTTP Request: GET http://localhost:8001/api/v1/users/auth/me \"HTTP/1.1 200 OK\"", "url": null, "method": null, "process_time": null, "taskName": "Task-632"}
{"asctime": "2026-03-03 12:31:28,741", "levelname": "INFO", "message": "HTTP Request: GET http://localhost:8001/api/v1/users/auth/me \"HTTP/1.1 200 OK\"", "url": null, "method": null, "process_time": null, "taskName": "starlette.middleware.base.BaseHTTPMiddleware.__call__.<locals>.call_next.<locals>.coro"}
{"asctime": "2026-03-03 12:31:28,745", "levelname": "INFO", "message": "", "url": "/api/v1/users/auth/me", "method": "GET", "process_time": 1.3351383209228516, "taskName": "starlette.middleware.base.BaseHTTPMiddleware.__call__.<locals>.call_next.<locals>.coro"}
{"asctime": "2026-03-03 12:31:30,152", "levelname": "INFO", "message": "HTTP Request: GET http://localhost:8001/api/v1/users/auth/me \"HTTP/1.1 200 OK\"", "url": null, "method": null, "process_time": null, "taskName": "Task-646"}
{"asctime": "2026-03-03 12:31:31,634", "levelname": "INFO", "message": "HTTP Request: GET http://localhost:8001/api/v1/users/auth/me \"HTTP/1.1 200 OK\"", "url": null, "method": null, "process_time": null, "taskName": "starlette.middleware.base.BaseHTTPMiddleware.__call__.<locals>.call_next.<locals>.coro"}
{"asctime": "2026-03-03 12:31:31,637", "levelname": "INFO", "message": "", "url": "/api/v1/users/auth/me", "method": "GET", "process_time": 1.483647108078003, "taskName": "starlette.middleware.base.BaseHTTPMiddleware.__call__.<locals>.call_next.<locals>.coro"}
{"asctime": "2026-03-03 12:31:53,738", "levelname": "INFO", "message": "HTTP Request: GET http://localhost:8001/api/v1/users/auth/me \"HTTP/1.1 200 OK\"", "url": null, "method": null, "process_time": null, "taskName": "Task-659"}
{"asctime": "2026-03-03 12:31:55,022", "levelname": "INFO", "message": "HTTP Request: POST http://localhost:8002/api/v1/payment_intake_matching/documents/upload \"HTTP/1.1 422 Unprocessable Entity\"", "url": null, "method": null, "process_time": null, "taskName": "starlette.middleware.base.BaseHTTPMiddleware.__call__.<locals>.call_next.<locals>.coro"}
{"asctime": "2026-03-03 12:31:55,024", "levelname": "INFO", "message": "", "url": "/api/v1/payment_intake_matching/documents/upload", "method": "POST", "process_time": 1.2821664810180664, "taskName": "starlette.middleware.base.BaseHTTPMiddleware.__call__.<locals>.call_next.<locals>.coro"}
{"asctime": "2026-03-03 12:38:29,941", "levelname": "INFO", "message": "HTTP Request: GET http://localhost:8001/api/v1/users/auth/me \"HTTP/1.1 401 Unauthorized\"", "url": null, "method": null, "process_time": null, "taskName": "Task-673"}
{"asctime": "2026-03-03 12:38:32,273", "levelname": "INFO", "message": "HTTP Request: GET http://localhost:8001/api/v1/users/auth/me \"HTTP/1.1 401 Unauthorized\"", "url": null, "method": null, "process_time": null, "taskName": "Task-677"}
{"asctime": "2026-03-03 12:38:32,379", "levelname": "INFO", "message": "HTTP Request: POST http://localhost:8001/api/v1/users/refresh \"HTTP/1.1 200 OK\"", "url": null, "method": null, "process_time": null, "taskName": "starlette.middleware.base.BaseHTTPMiddleware.__call__.<locals>.call_next.<locals>.coro"}
{"asctime": "2026-03-03 12:38:32,384", "levelname": "INFO", "message": "", "url": "/api/v1/users/refresh", "method": "POST", "process_time": 1.401348352432251, "taskName": "starlette.middleware.base.BaseHTTPMiddleware.__call__.<locals>.call_next.<locals>.coro"}
{"asctime": "2026-03-03 12:38:42,957", "levelname": "INFO", "message": "HTTP Request: POST http://localhost:8001/api/v1/users/login \"HTTP/1.1 200 OK\"", "url": null, "method": null, "process_time": null, "taskName": "starlette.middleware.base.BaseHTTPMiddleware.__call__.<locals>.call_next.<locals>.coro"}
{"asctime": "2026-03-03 12:38:42,961", "levelname": "INFO", "message": "", "url": "/api/v1/users/login", "method": "POST", "process_time": 1.672701358795166, "taskName": "starlette.middleware.base.BaseHTTPMiddleware.__call__.<locals>.call_next.<locals>.coro"}
{"asctime": "2026-03-03 12:38:50,151", "levelname": "INFO", "message": "HTTP Request: GET http://localhost:8001/api/v1/users/auth/me \"HTTP/1.1 401 Unauthorized\"", "url": null, "method": null, "process_time": null, "taskName": "Task-713"}
{"asctime": "2026-03-03 12:38:50,156", "levelname": "INFO", "message": "HTTP Request: GET http://localhost:8001/api/v1/users/auth/me \"HTTP/1.1 401 Unauthorized\"", "url": null, "method": null, "process_time": null, "taskName": "Task-712"}
{"asctime": "2026-03-03 12:38:52,296", "levelname": "INFO", "message": "HTTP Request: GET http://localhost:8001/api/v1/users/auth/me \"HTTP/1.1 401 Unauthorized\"", "url": null, "method": null, "process_time": null, "taskName": "Task-717"}
{"asctime": "2026-03-03 12:38:53,441", "levelname": "INFO", "message": "HTTP Request: GET http://localhost:8001/api/v1/users/auth/me \"HTTP/1.1 401 Unauthorized\"", "url": null, "method": null, "process_time": null, "taskName": "Task-724"}
{"asctime": "2026-03-03 12:38:53,702", "levelname": "INFO", "message": "HTTP Request: GET http://localhost:8001/api/v1/users/auth/me \"HTTP/1.1 401 Unauthorized\"", "url": null, "method": null, "process_time": null, "taskName": "Task-737"}
{"asctime": "2026-03-03 12:38:53,713", "levelname": "INFO", "message": "HTTP Request: POST http://localhost:8001/api/v1/users/refresh \"HTTP/1.1 200 OK\"", "url": null, "method": null, "process_time": null, "taskName": "starlette.middleware.base.BaseHTTPMiddleware.__call__.<locals>.call_next.<locals>.coro"}
{"asctime": "2026-03-03 12:38:53,718", "levelname": "INFO", "message": "", "url": "/api/v1/users/refresh", "method": "POST", "process_time": 2.5028676986694336, "taskName": "starlette.middleware.base.BaseHTTPMiddleware.__call__.<locals>.call_next.<locals>.coro"}
{"asctime": "2026-03-03 12:39:17,306", "levelname": "INFO", "message": "HTTP Request: GET http://localhost:8001/api/v1/users/auth/me \"HTTP/1.1 200 OK\"", "url": null, "method": null, "process_time": null, "taskName": "Task-744"}
{"asctime": "2026-03-03 12:39:18,541", "levelname": "INFO", "message": "HTTP Request: GET http://localhost:8001/api/v1/users/auth/me \"HTTP/1.1 200 OK\"", "url": null, "method": null, "process_time": null, "taskName": "starlette.middleware.base.BaseHTTPMiddleware.__call__.<locals>.call_next.<locals>.coro"}
{"asctime": "2026-03-03 12:39:18,545", "levelname": "INFO", "message": "", "url": "/api/v1/users/auth/me", "method": "GET", "process_time": 1.2340919971466064, "taskName": "starlette.middleware.base.BaseHTTPMiddleware.__call__.<locals>.call_next.<locals>.coro"}
{"asctime": "2026-03-03 12:39:20,155", "levelname": "INFO", "message": "HTTP Request: GET http://localhost:8001/api/v1/users/auth/me \"HTTP/1.1 200 OK\"", "url": null, "method": null, "process_time": null, "taskName": "Task-757"}
{"asctime": "2026-03-03 12:39:21,742", "levelname": "INFO", "message": "HTTP Request: GET http://localhost:8001/api/v1/users/auth/me \"HTTP/1.1 200 OK\"", "url": null, "method": null, "process_time": null, "taskName": "starlette.middleware.base.BaseHTTPMiddleware.__call__.<locals>.call_next.<locals>.coro"}
{"asctime": "2026-03-03 12:39:21,752", "levelname": "INFO", "message": "", "url": "/api/v1/users/auth/me", "method": "GET", "process_time": 1.590707778930664, "taskName": "starlette.middleware.base.BaseHTTPMiddleware.__call__.<locals>.call_next.<locals>.coro"}
{"asctime": "2026-03-03 12:39:33,136", "levelname": "INFO", "message": "HTTP Request: GET http://localhost:8001/api/v1/users/auth/me \"HTTP/1.1 200 OK\"", "url": null, "method": null, "process_time": null, "taskName": "Task-772"}
{"asctime": "2026-03-03 12:39:34,866", "levelname": "INFO", "message": "HTTP Request: POST http://localhost:8002/api/v1/payment_intake_matching/documents/upload \"HTTP/1.1 422 Unprocessable Entity\"", "url": null, "method": null, "process_time": null, "taskName": "starlette.middleware.base.BaseHTTPMiddleware.__call__.<locals>.call_next.<locals>.coro"}
{"asctime": "2026-03-03 12:39:34,882", "levelname": "INFO", "message": "", "url": "/api/v1/payment_intake_matching/documents/upload", "method": "POST", "process_time": 1.742842197418213, "taskName": "starlette.middleware.base.BaseHTTPMiddleware.__call__.<locals>.call_next.<locals>.coro"}
{"asctime": "2026-03-03 12:42:13,052", "levelname": "INFO", "message": "HTTP Request: POST http://localhost:8001/api/v1/users/refresh \"HTTP/1.1 200 OK\"", "url": null, "method": null, "process_time": null, "taskName": "starlette.middleware.base.BaseHTTPMiddleware.__call__.<locals>.call_next.<locals>.coro"}
{"asctime": "2026-03-03 12:42:13,055", "levelname": "INFO", "message": "", "url": "/api/v1/users/refresh", "method": "POST", "process_time": 1.7213973999023438, "taskName": "starlette.middleware.base.BaseHTTPMiddleware.__call__.<locals>.call_next.<locals>.coro"}
{"asctime": "2026-03-03 12:42:28,440", "levelname": "INFO", "message": "HTTP Request: GET http://localhost:8001/api/v1/users/auth/me \"HTTP/1.1 200 OK\"", "url": null, "method": null, "process_time": null, "taskName": "Task-801"}
{"asctime": "2026-03-03 12:42:29,025", "levelname": "INFO", "message": "HTTP Request: GET http://localhost:8001/api/v1/users/auth/me \"HTTP/1.1 200 OK\"", "url": null, "method": null, "process_time": null, "taskName": "starlette.middleware.base.BaseHTTPMiddleware.__call__.<locals>.call_next.<locals>.coro"}
{"asctime": "2026-03-03 12:42:29,026", "levelname": "INFO", "message": "", "url": "/api/v1/users/auth/me", "method": "GET", "process_time": 0.5789182186126709, "taskName": "starlette.middleware.base.BaseHTTPMiddleware.__call__.<locals>.call_next.<locals>.coro"}
{"asctime": "2026-03-03 12:42:29,945", "levelname": "INFO", "message": "HTTP Request: GET http://localhost:8001/api/v1/users/auth/me \"HTTP/1.1 200 OK\"", "url": null, "method": null, "process_time": null, "taskName": "Task-814"}
{"asctime": "2026-03-03 12:42:32,260", "levelname": "INFO", "message": "HTTP Request: GET http://localhost:8001/api/v1/users/auth/me \"HTTP/1.1 200 OK\"", "url": null, "method": null, "process_time": null, "taskName": "Task-828"}
{"asctime": "2026-03-03 12:42:32,262", "levelname": "INFO", "message": "HTTP Request: GET http://localhost:8001/api/v1/users/auth/me \"HTTP/1.1 200 OK\"", "url": null, "method": null, "process_time": null, "taskName": "Task-829"}
{"asctime": "2026-03-03 12:42:32,835", "levelname": "INFO", "message": "HTTP Request: GET http://localhost:8001/api/v1/users/auth/me \"HTTP/1.1 200 OK\"", "url": null, "method": null, "process_time": null, "taskName": "starlette.middleware.base.BaseHTTPMiddleware.__call__.<locals>.call_next.<locals>.coro"}
{"asctime": "2026-03-03 12:42:32,836", "levelname": "INFO", "message": "", "url": "/api/v1/users/auth/me", "method": "GET", "process_time": 2.890103340148926, "taskName": "starlette.middleware.base.BaseHTTPMiddleware.__call__.<locals>.call_next.<locals>.coro"}
{"asctime": "2026-03-03 12:42:32,836", "levelname": "INFO", "message": "HTTP Request: GET http://localhost:8001/api/v1/users/auth/me \"HTTP/1.1 200 OK\"", "url": null, "method": null, "process_time": null, "taskName": "Task-831"}
{"asctime": "2026-03-03 12:42:33,109", "levelname": "INFO", "message": "HTTP Request: GET http://localhost:8001/api/v1/users/auth/me \"HTTP/1.1 200 OK\"", "url": null, "method": null, "process_time": null, "taskName": "Task-830"}
{"asctime": "2026-03-03 12:42:33,111", "levelname": "INFO", "message": "HTTP Request: GET http://localhost:8001/api/v1/users/auth/me \"HTTP/1.1 200 OK\"", "url": null, "method": null, "process_time": null, "taskName": "Task-834"}
{"asctime": "2026-03-03 12:42:34,051", "levelname": "INFO", "message": "HTTP Request: GET http://localhost:8001/api/v1/users/auth/me \"HTTP/1.1 200 OK\"", "url": null, "method": null, "process_time": null, "taskName": "starlette.middleware.base.BaseHTTPMiddleware.__call__.<locals>.call_next.<locals>.coro"}
{"asctime": "2026-03-03 12:42:34,054", "levelname": "INFO", "message": "", "url": "/api/v1/users/auth/me", "method": "GET", "process_time": 0.9422333240509033, "taskName": "starlette.middleware.base.BaseHTTPMiddleware.__call__.<locals>.call_next.<locals>.coro"}
{"asctime": "2026-03-03 12:42:34,642", "levelname": "INFO", "message": "HTTP Request: GET http://localhost:8001/api/v1/users/auth/me \"HTTP/1.1 200 OK\"", "url": null, "method": null, "process_time": null, "taskName": "Task-881"}
{"asctime": "2026-03-03 12:42:35,207", "levelname": "INFO", "message": "HTTP Request: GET http://localhost:8001/api/v1/users/auth/me \"HTTP/1.1 200 OK\"", "url": null, "method": null, "process_time": null, "taskName": "starlette.middleware.base.BaseHTTPMiddleware.__call__.<locals>.call_next.<locals>.coro"}
{"asctime": "2026-03-03 12:42:35,209", "levelname": "INFO", "message": "", "url": "/api/v1/users/auth/me", "method": "GET", "process_time": 0.5654711723327637, "taskName": "starlette.middleware.base.BaseHTTPMiddleware.__call__.<locals>.call_next.<locals>.coro"}
{"asctime": "2026-03-03 12:42:36,751", "levelname": "INFO", "message": "HTTP Request: GET http://localhost:8001/api/v1/users/auth/me \"HTTP/1.1 200 OK\"", "url": null, "method": null, "process_time": null, "taskName": "Task-894"}
{"asctime": "2026-03-03 12:42:37,017", "levelname": "INFO", "message": "HTTP Request: GET http://localhost:8001/api/v1/users/auth/me \"HTTP/1.1 200 OK\"", "url": null, "method": null, "process_time": null, "taskName": "Task-901"}
{"asctime": "2026-03-03 12:42:37,294", "levelname": "INFO", "message": "HTTP Request: GET http://localhost:8001/api/v1/users/auth/me \"HTTP/1.1 200 OK\"", "url": null, "method": null, "process_time": null, "taskName": "Task-900"}
{"asctime": "2026-03-03 12:42:37,295", "levelname": "INFO", "message": "HTTP Request: GET http://localhost:8001/api/v1/users/auth/me \"HTTP/1.1 200 OK\"", "url": null, "method": null, "process_time": null, "taskName": "Task-899"}
{"asctime": "2026-03-03 12:42:37,925", "levelname": "INFO", "message": "HTTP Request: GET http://localhost:8002/api/v1/payment_intake_matching/matching/dashboard/summary \"HTTP/1.1 200 OK\"", "url": null, "method": null, "process_time": null, "taskName": "starlette.middleware.base.BaseHTTPMiddleware.__call__.<locals>.call_next.<locals>.coro"}
{"asctime": "2026-03-03 12:42:37,926", "levelname": "INFO", "message": "", "url": "/api/v1/payment_intake_matching/matching/dashboard/summary", "method": "GET", "process_time": 1.1747922897338867, "taskName": "starlette.middleware.base.BaseHTTPMiddleware.__call__.<locals>.call_next.<locals>.coro"}
{"asctime": "2026-03-03 12:42:38,323", "levelname": "INFO", "message": "HTTP Request: GET http://localhost:8002/api/v1/payment_intake_matching/matching/dashboard/recent \"HTTP/1.1 200 OK\"", "url": null, "method": null, "process_time": null, "taskName": "starlette.middleware.base.BaseHTTPMiddleware.__call__.<locals>.call_next.<locals>.coro"}
{"asctime": "2026-03-03 12:42:38,325", "levelname": "INFO", "message": "", "url": "/api/v1/payment_intake_matching/matching/dashboard/recent", "method": "GET", "process_time": 0.7613704204559326, "taskName": "starlette.middleware.base.BaseHTTPMiddleware.__call__.<locals>.call_next.<locals>.coro"}
{"asctime": "2026-03-03 12:42:38,861", "levelname": "INFO", "message": "HTTP Request: GET http://localhost:8002/api/v1/payment_intake_matching/matching/dashboard/unmatched-payments \"HTTP/1.1 200 OK\"", "url": null, "method": null, "process_time": null, "taskName": "starlette.middleware.base.BaseHTTPMiddleware.__call__.<locals>.call_next.<locals>.coro"}
{"asctime": "2026-03-03 12:42:38,862", "levelname": "INFO", "message": "HTTP Request: GET http://localhost:8002/api/v1/payment_intake_matching/matching/dashboard/unmatched-invoices \"HTTP/1.1 200 OK\"", "url": null, "method": null, "process_time": null, "taskName": "starlette.middleware.base.BaseHTTPMiddleware.__call__.<locals>.call_next.<locals>.coro"}
{"asctime": "2026-03-03 12:42:38,864", "levelname": "INFO", "message": "", "url": "/api/v1/payment_intake_matching/matching/dashboard/unmatched-payments", "method": "GET", "process_time": 1.5673115253448486, "taskName": "starlette.middleware.base.BaseHTTPMiddleware.__call__.<locals>.call_next.<locals>.coro"}
{"asctime": "2026-03-03 12:42:38,864", "levelname": "INFO", "message": "", "url": "/api/v1/payment_intake_matching/matching/dashboard/unmatched-invoices", "method": "GET", "process_time": 1.8458735942840576, "taskName": "starlette.middleware.base.BaseHTTPMiddleware.__call__.<locals>.call_next.<locals>.coro"}
{"asctime": "2026-03-03 12:42:40,680", "levelname": "INFO", "message": "HTTP Request: GET http://localhost:8001/api/v1/users/auth/me \"HTTP/1.1 200 OK\"", "url": null, "method": null, "process_time": null, "taskName": "Task-946"}
{"asctime": "2026-03-03 12:42:41,763", "levelname": "INFO", "message": "HTTP Request: GET http://localhost:8001/api/v1/users/auth/me \"HTTP/1.1 200 OK\"", "url": null, "method": null, "process_time": null, "taskName": "Task-951"}
{"asctime": "2026-03-03 12:42:41,766", "levelname": "INFO", "message": "HTTP Request: GET http://localhost:8001/api/v1/users/auth/me \"HTTP/1.1 200 OK\"", "url": null, "method": null, "process_time": null, "taskName": "Task-955"}
{"asctime": "2026-03-03 12:42:42,739", "levelname": "INFO", "message": "HTTP Request: GET http://localhost:8001/api/v1/users/auth/me \"HTTP/1.1 200 OK\"", "url": null, "method": null, "process_time": null, "taskName": "Task-954"}
{"asctime": "2026-03-03 12:42:44,897", "levelname": "INFO", "message": "HTTP Request: GET http://localhost:8002/api/v1/payment_intake_matching/matching/dashboard/summary \"HTTP/1.1 200 OK\"", "url": null, "method": null, "process_time": null, "taskName": "starlette.middleware.base.BaseHTTPMiddleware.__call__.<locals>.call_next.<locals>.coro"}
{"asctime": "2026-03-03 12:42:44,901", "levelname": "INFO", "message": "", "url": "/api/v1/payment_intake_matching/matching/dashboard/summary", "method": "GET", "process_time": 4.215373277664185, "taskName": "starlette.middleware.base.BaseHTTPMiddleware.__call__.<locals>.call_next.<locals>.coro"}
{"asctime": "2026-03-03 12:42:45,134", "levelname": "INFO", "message": "HTTP Request: GET http://localhost:8002/api/v1/payment_intake_matching/matching/dashboard/recent \"HTTP/1.1 200 OK\"", "url": null, "method": null, "process_time": null, "taskName": "starlette.middleware.base.BaseHTTPMiddleware.__call__.<locals>.call_next.<locals>.coro"}
{"asctime": "2026-03-03 12:42:45,137", "levelname": "INFO", "message": "", "url": "/api/v1/payment_intake_matching/matching/dashboard/recent", "method": "GET", "process_time": 3.3703792095184326, "taskName": "starlette.middleware.base.BaseHTTPMiddleware.__call__.<locals>.call_next.<locals>.coro"}
{"asctime": "2026-03-03 12:42:45,199", "levelname": "INFO", "message": "HTTP Request: GET http://localhost:8002/api/v1/payment_intake_matching/matching/dashboard/unmatched-payments \"HTTP/1.1 200 OK\"", "url": null, "method": null, "process_time": null, "taskName": "starlette.middleware.base.BaseHTTPMiddleware.__call__.<locals>.call_next.<locals>.coro"}
{"asctime": "2026-03-03 12:42:45,202", "levelname": "INFO", "message": "", "url": "/api/v1/payment_intake_matching/matching/dashboard/unmatched-payments", "method": "GET", "process_time": 1.2621197700500488, "taskName": "starlette.middleware.base.BaseHTTPMiddleware.__call__.<locals>.call_next.<locals>.coro"}
{"asctime": "2026-03-03 12:42:45,209", "levelname": "INFO", "message": "HTTP Request: GET http://localhost:8002/api/v1/payment_intake_matching/matching/dashboard/unmatched-invoices \"HTTP/1.1 200 OK\"", "url": null, "method": null, "process_time": null, "taskName": "starlette.middleware.base.BaseHTTPMiddleware.__call__.<locals>.call_next.<locals>.coro"}
{"asctime": "2026-03-03 12:42:45,218", "levelname": "INFO", "message": "", "url": "/api/v1/payment_intake_matching/matching/dashboard/unmatched-invoices", "method": "GET", "process_time": 2.478503942489624, "taskName": "starlette.middleware.base.BaseHTTPMiddleware.__call__.<locals>.call_next.<locals>.coro"}
{"asctime": "2026-03-03 12:43:37,987", "levelname": "INFO", "message": "HTTP Request: POST http://localhost:8001/api/v1/users/refresh \"HTTP/1.1 200 OK\"", "url": null, "method": null, "process_time": null, "taskName": "starlette.middleware.base.BaseHTTPMiddleware.__call__.<locals>.call_next.<locals>.coro"}
{"asctime": "2026-03-03 12:43:37,989", "levelname": "INFO", "message": "", "url": "/api/v1/users/refresh", "method": "POST", "process_time": 1.367779016494751, "taskName": "starlette.middleware.base.BaseHTTPMiddleware.__call__.<locals>.call_next.<locals>.coro"}
{"asctime": "2026-03-03 12:44:40,123", "levelname": "INFO", "message": "HTTP Request: GET http://localhost:8001/api/v1/users/auth/me \"HTTP/1.1 200 OK\"", "url": null, "method": null, "process_time": null, "taskName": "Task-1021"}
{"asctime": "2026-03-03 12:44:41,086", "levelname": "INFO", "message": "HTTP Request: GET http://localhost:8001/api/v1/users/auth/me \"HTTP/1.1 200 OK\"", "url": null, "method": null, "process_time": null, "taskName": "Task-1026"}
{"asctime": "2026-03-03 12:44:42,126", "levelname": "INFO", "message": "HTTP Request: GET http://localhost:8001/api/v1/users/auth/me \"HTTP/1.1 200 OK\"", "url": null, "method": null, "process_time": null, "taskName": "Task-1027"}
{"asctime": "2026-03-03 12:44:42,127", "levelname": "INFO", "message": "HTTP Request: GET http://localhost:8001/api/v1/users/auth/me \"HTTP/1.1 200 OK\"", "url": null, "method": null, "process_time": null, "taskName": "Task-1025"}
{"asctime": "2026-03-03 12:44:44,163", "levelname": "INFO", "message": "HTTP Request: GET http://localhost:8002/api/v1/payment_intake_matching/matching/dashboard/summary \"HTTP/1.1 200 OK\"", "url": null, "method": null, "process_time": null, "taskName": "starlette.middleware.base.BaseHTTPMiddleware.__call__.<locals>.call_next.<locals>.coro"}
{"asctime": "2026-03-03 12:44:44,166", "levelname": "INFO", "message": "", "url": "/api/v1/payment_intake_matching/matching/dashboard/summary", "method": "GET", "process_time": 4.041423082351685, "taskName": "starlette.middleware.base.BaseHTTPMiddleware.__call__.<locals>.call_next.<locals>.coro"}
{"asctime": "2026-03-03 12:44:44,434", "levelname": "INFO", "message": "HTTP Request: GET http://localhost:8002/api/v1/payment_intake_matching/matching/dashboard/unmatched-invoices \"HTTP/1.1 200 OK\"", "url": null, "method": null, "process_time": null, "taskName": "starlette.middleware.base.BaseHTTPMiddleware.__call__.<locals>.call_next.<locals>.coro"}
{"asctime": "2026-03-03 12:44:44,437", "levelname": "INFO", "message": "HTTP Request: GET http://localhost:8002/api/v1/payment_intake_matching/matching/dashboard/recent \"HTTP/1.1 200 OK\"", "url": null, "method": null, "process_time": null, "taskName": "starlette.middleware.base.BaseHTTPMiddleware.__call__.<locals>.call_next.<locals>.coro"}
{"asctime": "2026-03-03 12:44:44,439", "levelname": "INFO", "message": "", "url": "/api/v1/payment_intake_matching/matching/dashboard/unmatched-invoices", "method": "GET", "process_time": 3.350827217102051, "taskName": "starlette.middleware.base.BaseHTTPMiddleware.__call__.<locals>.call_next.<locals>.coro"}
{"asctime": "2026-03-03 12:44:44,441", "levelname": "INFO", "message": "HTTP Request: GET http://localhost:8002/api/v1/payment_intake_matching/matching/dashboard/unmatched-payments \"HTTP/1.1 200 OK\"", "url": null, "method": null, "process_time": null, "taskName": "starlette.middleware.base.BaseHTTPMiddleware.__call__.<locals>.call_next.<locals>.coro"}
{"asctime": "2026-03-03 12:44:44,448", "levelname": "INFO", "message": "", "url": "/api/v1/payment_intake_matching/matching/dashboard/recent", "method": "GET", "process_time": 2.316164493560791, "taskName": "starlette.middleware.base.BaseHTTPMiddleware.__call__.<locals>.call_next.<locals>.coro"}
{"asctime": "2026-03-03 12:44:44,455", "levelname": "INFO", "message": "", "url": "/api/v1/payment_intake_matching/matching/dashboard/unmatched-payments", "method": "GET", "process_time": 2.3229968547821045, "taskName": "starlette.middleware.base.BaseHTTPMiddleware.__call__.<locals>.call_next.<locals>.coro"}
{"asctime": "2026-03-03 12:45:04,751", "levelname": "INFO", "message": "HTTP Request: POST http://localhost:8001/api/v1/users/refresh \"HTTP/1.1 200 OK\"", "url": null, "method": null, "process_time": null, "taskName": "starlette.middleware.base.BaseHTTPMiddleware.__call__.<locals>.call_next.<locals>.coro"}
{"asctime": "2026-03-03 12:45:04,752", "levelname": "INFO", "message": "", "url": "/api/v1/users/refresh", "method": "POST", "process_time": 0.6157338619232178, "taskName": "starlette.middleware.base.BaseHTTPMiddleware.__call__.<locals>.call_next.<locals>.coro"}
{"asctime": "2026-03-03 12:45:45,503", "levelname": "INFO", "message": "HTTP Request: GET http://localhost:8001/api/v1/users/auth/me \"HTTP/1.1 200 OK\"", "url": null, "method": null, "process_time": null, "taskName": "Task-1091"}
{"asctime": "2026-03-03 12:45:46,144", "levelname": "INFO", "message": "HTTP Request: GET http://localhost:8001/api/v1/users/auth/me \"HTTP/1.1 200 OK\"", "url": null, "method": null, "process_time": null, "taskName": "starlette.middleware.base.BaseHTTPMiddleware.__call__.<locals>.call_next.<locals>.coro"}
{"asctime": "2026-03-03 12:45:46,147", "levelname": "INFO", "message": "", "url": "/api/v1/users/auth/me", "method": "GET", "process_time": 0.6416468620300293, "taskName": "starlette.middleware.base.BaseHTTPMiddleware.__call__.<locals>.call_next.<locals>.coro"}
{"asctime": "2026-03-03 12:45:46,768", "levelname": "INFO", "message": "HTTP Request: GET http://localhost:8001/api/v1/users/auth/me \"HTTP/1.1 200 OK\"", "url": null, "method": null, "process_time": null, "taskName": "Task-1104"}
{"asctime": "2026-03-03 12:45:50,384", "levelname": "INFO", "message": "HTTP Request: GET http://localhost:8001/api/v1/users/auth/me \"HTTP/1.1 200 OK\"", "url": null, "method": null, "process_time": null, "taskName": "Task-1118"}
{"asctime": "2026-03-03 12:45:51,289", "levelname": "INFO", "message": "HTTP Request: GET http://localhost:8001/api/v1/users/auth/me \"HTTP/1.1 200 OK\"", "url": null, "method": null, "process_time": null, "taskName": "Task-1119"}
{"asctime": "2026-03-03 12:45:51,290", "levelname": "INFO", "message": "HTTP Request: GET http://localhost:8001/api/v1/users/auth/me \"HTTP/1.1 200 OK\"", "url": null, "method": null, "process_time": null, "taskName": "starlette.middleware.base.BaseHTTPMiddleware.__call__.<locals>.call_next.<locals>.coro"}
{"asctime": "2026-03-03 12:45:51,291", "levelname": "INFO", "message": "HTTP Request: GET http://localhost:8001/api/v1/users/auth/me \"HTTP/1.1 200 OK\"", "url": null, "method": null, "process_time": null, "taskName": "Task-1120"}
{"asctime": "2026-03-03 12:45:51,292", "levelname": "INFO", "message": "HTTP Request: GET http://localhost:8001/api/v1/users/auth/me \"HTTP/1.1 200 OK\"", "url": null, "method": null, "process_time": null, "taskName": "Task-1121"}
{"asctime": "2026-03-03 12:45:52,177", "levelname": "INFO", "message": "", "url": "/api/v1/users/auth/me", "method": "GET", "process_time": 5.40704083442688, "taskName": "starlette.middleware.base.BaseHTTPMiddleware.__call__.<locals>.call_next.<locals>.coro"}
{"asctime": "2026-03-03 12:45:54,583", "levelname": "INFO", "message": "HTTP Request: GET http://localhost:8002/api/v1/payment_intake_matching/matching/dashboard/summary \"HTTP/1.1 200 OK\"", "url": null, "method": null, "process_time": null, "taskName": "starlette.middleware.base.BaseHTTPMiddleware.__call__.<locals>.call_next.<locals>.coro"}
{"asctime": "2026-03-03 12:45:54,586", "levelname": "INFO", "message": "HTTP Request: GET http://localhost:8002/api/v1/payment_intake_matching/matching/dashboard/unmatched-payments \"HTTP/1.1 200 OK\"", "url": null, "method": null, "process_time": null, "taskName": "starlette.middleware.base.BaseHTTPMiddleware.__call__.<locals>.call_next.<locals>.coro"}
{"asctime": "2026-03-03 12:45:54,586", "levelname": "INFO", "message": "", "url": "/api/v1/payment_intake_matching/matching/dashboard/summary", "method": "GET", "process_time": 3.286432981491089, "taskName": "starlette.middleware.base.BaseHTTPMiddleware.__call__.<locals>.call_next.<locals>.coro"}
{"asctime": "2026-03-03 12:45:54,587", "levelname": "INFO", "message": "HTTP Request: GET http://localhost:8002/api/v1/payment_intake_matching/matching/dashboard/unmatched-invoices \"HTTP/1.1 200 OK\"", "url": null, "method": null, "process_time": null, "taskName": "starlette.middleware.base.BaseHTTPMiddleware.__call__.<locals>.call_next.<locals>.coro"}
{"asctime": "2026-03-03 12:45:54,590", "levelname": "INFO", "message": "", "url": "/api/v1/payment_intake_matching/matching/dashboard/unmatched-payments", "method": "GET", "process_time": 3.290606737136841, "taskName": "starlette.middleware.base.BaseHTTPMiddleware.__call__.<locals>.call_next.<locals>.coro"}
{"asctime": "2026-03-03 12:45:54,594", "levelname": "INFO", "message": "", "url": "/api/v1/payment_intake_matching/matching/dashboard/unmatched-invoices", "method": "GET", "process_time": 4.208158016204834, "taskName": "starlette.middleware.base.BaseHTTPMiddleware.__call__.<locals>.call_next.<locals>.coro"}
{"asctime": "2026-03-03 12:45:55,976", "levelname": "INFO", "message": "HTTP Request: GET http://localhost:8002/api/v1/payment_intake_matching/matching/dashboard/recent \"HTTP/1.1 200 OK\"", "url": null, "method": null, "process_time": null, "taskName": "starlette.middleware.base.BaseHTTPMiddleware.__call__.<locals>.call_next.<locals>.coro"}
{"asctime": "2026-03-03 12:45:58,056", "levelname": "INFO", "message": "", "url": "/api/v1/payment_intake_matching/matching/dashboard/recent", "method": "GET", "process_time": 6.757274150848389, "taskName": "starlette.middleware.base.BaseHTTPMiddleware.__call__.<locals>.call_next.<locals>.coro"}
{"asctime": "2026-03-03 12:45:59,093", "levelname": "INFO", "message": "HTTP Request: GET http://localhost:8001/api/v1/users/auth/me \"HTTP/1.1 200 OK\"", "url": null, "method": null, "process_time": null, "taskName": "Task-1173"}
{"asctime": "2026-03-03 12:46:00,321", "levelname": "INFO", "message": "HTTP Request: GET http://localhost:8001/api/v1/users/auth/me \"HTTP/1.1 200 OK\"", "url": null, "method": null, "process_time": null, "taskName": "Task-1174"}
{"asctime": "2026-03-03 12:46:00,323", "levelname": "INFO", "message": "HTTP Request: GET http://localhost:8001/api/v1/users/auth/me \"HTTP/1.1 200 OK\"", "url": null, "method": null, "process_time": null, "taskName": "Task-1175"}
{"asctime": "2026-03-03 12:46:02,351", "levelname": "INFO", "message": "HTTP Request: GET http://localhost:8001/api/v1/users/auth/me \"HTTP/1.1 200 OK\"", "url": null, "method": null, "process_time": null, "taskName": "Task-1180"}
{"asctime": "2026-03-03 12:46:03,489", "levelname": "INFO", "message": "HTTP Request: GET http://localhost:8002/api/v1/payment_intake_matching/matching/dashboard/summary \"HTTP/1.1 200 OK\"", "url": null, "method": null, "process_time": null, "taskName": "starlette.middleware.base.BaseHTTPMiddleware.__call__.<locals>.call_next.<locals>.coro"}
{"asctime": "2026-03-03 12:46:03,491", "levelname": "INFO", "message": "", "url": "/api/v1/payment_intake_matching/matching/dashboard/summary", "method": "GET", "process_time": 4.391578674316406, "taskName": "starlette.middleware.base.BaseHTTPMiddleware.__call__.<locals>.call_next.<locals>.coro"}
{"asctime": "2026-03-03 12:46:03,757", "levelname": "INFO", "message": "HTTP Request: GET http://localhost:8002/api/v1/payment_intake_matching/matching/dashboard/recent \"HTTP/1.1 200 OK\"", "url": null, "method": null, "process_time": null, "taskName": "starlette.middleware.base.BaseHTTPMiddleware.__call__.<locals>.call_next.<locals>.coro"}
{"asctime": "2026-03-03 12:46:03,759", "levelname": "INFO", "message": "HTTP Request: GET http://localhost:8002/api/v1/payment_intake_matching/matching/dashboard/unmatched-invoices \"HTTP/1.1 200 OK\"", "url": null, "method": null, "process_time": null, "taskName": "starlette.middleware.base.BaseHTTPMiddleware.__call__.<locals>.call_next.<locals>.coro"}
{"asctime": "2026-03-03 12:46:03,761", "levelname": "INFO", "message": "HTTP Request: GET http://localhost:8002/api/v1/payment_intake_matching/matching/dashboard/unmatched-payments \"HTTP/1.1 200 OK\"", "url": null, "method": null, "process_time": null, "taskName": "starlette.middleware.base.BaseHTTPMiddleware.__call__.<locals>.call_next.<locals>.coro"}
{"asctime": "2026-03-03 12:46:03,762", "levelname": "INFO", "message": "", "url": "/api/v1/payment_intake_matching/matching/dashboard/recent", "method": "GET", "process_time": 1.4080514907836914, "taskName": "starlette.middleware.base.BaseHTTPMiddleware.__call__.<locals>.call_next.<locals>.coro"}
{"asctime": "2026-03-03 12:46:03,765", "levelname": "INFO", "message": "", "url": "/api/v1/payment_intake_matching/matching/dashboard/unmatched-invoices", "method": "GET", "process_time": 2.371800661087036, "taskName": "starlette.middleware.base.BaseHTTPMiddleware.__call__.<locals>.call_next.<locals>.coro"}
{"asctime": "2026-03-03 12:46:03,767", "levelname": "INFO", "message": "", "url": "/api/v1/payment_intake_matching/matching/dashboard/unmatched-payments", "method": "GET", "process_time": 3.441711902618408, "taskName": "starlette.middleware.base.BaseHTTPMiddleware.__call__.<locals>.call_next.<locals>.coro"}
{"asctime": "2026-03-03 12:46:20,852", "levelname": "INFO", "message": "HTTP Request: POST http://localhost:8001/api/v1/users/refresh \"HTTP/1.1 200 OK\"", "url": null, "method": null, "process_time": null, "taskName": "starlette.middleware.base.BaseHTTPMiddleware.__call__.<locals>.call_next.<locals>.coro"}
{"asctime": "2026-03-03 12:46:20,854", "levelname": "INFO", "message": "", "url": "/api/v1/users/refresh", "method": "POST", "process_time": 0.6806061267852783, "taskName": "starlette.middleware.base.BaseHTTPMiddleware.__call__.<locals>.call_next.<locals>.coro"}
{"asctime": "2026-03-03 12:46:31,729", "levelname": "INFO", "message": "HTTP Request: GET http://localhost:8001/api/v1/users/auth/me \"HTTP/1.1 200 OK\"", "url": null, "method": null, "process_time": null, "taskName": "Task-1240"}
{"asctime": "2026-03-03 12:46:32,351", "levelname": "INFO", "message": "HTTP Request: GET http://localhost:8001/api/v1/users/auth/me \"HTTP/1.1 200 OK\"", "url": null, "method": null, "process_time": null, "taskName": "starlette.middleware.base.BaseHTTPMiddleware.__call__.<locals>.call_next.<locals>.coro"}
{"asctime": "2026-03-03 12:46:32,352", "levelname": "INFO", "message": "", "url": "/api/v1/users/auth/me", "method": "GET", "process_time": 0.6214947700500488, "taskName": "starlette.middleware.base.BaseHTTPMiddleware.__call__.<locals>.call_next.<locals>.coro"}
{"asctime": "2026-03-03 12:46:33,666", "levelname": "INFO", "message": "HTTP Request: GET http://localhost:8001/api/v1/users/auth/me \"HTTP/1.1 200 OK\"", "url": null, "method": null, "process_time": null, "taskName": "Task-1254"}
{"asctime": "2026-03-03 12:46:34,213", "levelname": "INFO", "message": "HTTP Request: GET http://localhost:8001/api/v1/users/auth/me \"HTTP/1.1 200 OK\"", "url": null, "method": null, "process_time": null, "taskName": "starlette.middleware.base.BaseHTTPMiddleware.__call__.<locals>.call_next.<locals>.coro"}
{"asctime": "2026-03-03 12:46:34,215", "levelname": "INFO", "message": "", "url": "/api/v1/users/auth/me", "method": "GET", "process_time": 0.5473818778991699, "taskName": "starlette.middleware.base.BaseHTTPMiddleware.__call__.<locals>.call_next.<locals>.coro"}
{"asctime": "2026-03-03 12:46:35,834", "levelname": "INFO", "message": "HTTP Request: GET http://localhost:8001/api/v1/users/auth/me \"HTTP/1.1 200 OK\"", "url": null, "method": null, "process_time": null, "taskName": "Task-1268"}
{"asctime": "2026-03-03 12:46:36,286", "levelname": "INFO", "message": "HTTP Request: GET http://localhost:8001/api/v1/users/auth/me \"HTTP/1.1 200 OK\"", "url": null, "method": null, "process_time": null, "taskName": "Task-1269"}
{"asctime": "2026-03-03 12:46:37,677", "levelname": "INFO", "message": "HTTP Request: GET http://localhost:8001/api/v1/users/auth/me \"HTTP/1.1 200 OK\"", "url": null, "method": null, "process_time": null, "taskName": "Task-1274"}
{"asctime": "2026-03-03 12:46:37,682", "levelname": "INFO", "message": "HTTP Request: GET http://localhost:8001/api/v1/users/auth/me \"HTTP/1.1 200 OK\"", "url": null, "method": null, "process_time": null, "taskName": "Task-1275"}
{"asctime": "2026-03-03 12:46:37,685", "levelname": "INFO", "message": "HTTP Request: GET http://localhost:8001/api/v1/users/auth/me \"HTTP/1.1 200 OK\"", "url": null, "method": null, "process_time": null, "taskName": "Task-1276"}
{"asctime": "2026-03-03 12:46:40,488", "levelname": "INFO", "message": "HTTP Request: GET http://localhost:8001/api/v1/users/auth/me \"HTTP/1.1 200 OK\"", "url": null, "method": null, "process_time": null, "taskName": "starlette.middleware.base.BaseHTTPMiddleware.__call__.<locals>.call_next.<locals>.coro"}
{"asctime": "2026-03-03 12:46:40,496", "levelname": "INFO", "message": "", "url": "/api/v1/users/auth/me", "method": "GET", "process_time": 4.660778522491455, "taskName": "starlette.middleware.base.BaseHTTPMiddleware.__call__.<locals>.call_next.<locals>.coro"}
{"asctime": "2026-03-03 12:46:40,510", "levelname": "INFO", "message": "HTTP Request: GET http://localhost:8001/api/v1/users/auth/me \"HTTP/1.1 200 OK\"", "url": null, "method": null, "process_time": null, "taskName": "Task-1303"}
{"asctime": "2026-03-03 12:46:40,523", "levelname": "INFO", "message": "HTTP Request: GET http://localhost:8002/api/v1/payment_intake_matching/matching/dashboard/summary \"HTTP/1.1 200 OK\"", "url": null, "method": null, "process_time": null, "taskName": "starlette.middleware.base.BaseHTTPMiddleware.__call__.<locals>.call_next.<locals>.coro"}
{"asctime": "2026-03-03 12:46:41,171", "levelname": "INFO", "message": "", "url": "/api/v1/payment_intake_matching/matching/dashboard/summary", "method": "GET", "process_time": 4.881744146347046, "taskName": "starlette.middleware.base.BaseHTTPMiddleware.__call__.<locals>.call_next.<locals>.coro"}
{"asctime": "2026-03-03 12:46:41,452", "levelname": "INFO", "message": "HTTP Request: GET http://localhost:8001/api/v1/users/auth/me \"HTTP/1.1 200 OK\"", "url": null, "method": null, "process_time": null, "taskName": "starlette.middleware.base.BaseHTTPMiddleware.__call__.<locals>.call_next.<locals>.coro"}
{"asctime": "2026-03-03 12:46:41,453", "levelname": "INFO", "message": "", "url": "/api/v1/users/auth/me", "method": "GET", "process_time": 0.9334163665771484, "taskName": "starlette.middleware.base.BaseHTTPMiddleware.__call__.<locals>.call_next.<locals>.coro"}
{"asctime": "2026-03-03 12:46:42,164", "levelname": "INFO", "message": "HTTP Request: GET http://localhost:8001/api/v1/users/auth/me \"HTTP/1.1 200 OK\"", "url": null, "method": null, "process_time": null, "taskName": "Task-1338"}
{"asctime": "2026-03-03 12:46:47,337", "levelname": "INFO", "message": "HTTP Request: GET http://localhost:8001/api/v1/users/auth/me \"HTTP/1.1 200 OK\"", "url": null, "method": null, "process_time": null, "taskName": "Task-1352"}
{"asctime": "2026-03-03 12:46:48,505", "levelname": "INFO", "message": "HTTP Request: GET http://localhost:8001/api/v1/users/auth/me \"HTTP/1.1 200 OK\"", "url": null, "method": null, "process_time": null, "taskName": "Task-1353"}
{"asctime": "2026-03-03 12:46:48,507", "levelname": "INFO", "message": "HTTP Request: GET http://localhost:8001/api/v1/users/auth/me \"HTTP/1.1 200 OK\"", "url": null, "method": null, "process_time": null, "taskName": "Task-1355"}
{"asctime": "2026-03-03 12:46:48,508", "levelname": "INFO", "message": "HTTP Request: GET http://localhost:8001/api/v1/users/auth/me \"HTTP/1.1 200 OK\"", "url": null, "method": null, "process_time": null, "taskName": "Task-1354"}
{"asctime": "2026-03-03 12:46:48,509", "levelname": "INFO", "message": "HTTP Request: GET http://localhost:8001/api/v1/users/auth/me \"HTTP/1.1 200 OK\"", "url": null, "method": null, "process_time": null, "taskName": "starlette.middleware.base.BaseHTTPMiddleware.__call__.<locals>.call_next.<locals>.coro"}
{"asctime": "2026-03-03 12:46:52,096", "levelname": "INFO", "message": "", "url": "/api/v1/users/auth/me", "method": "GET", "process_time": 9.93080472946167, "taskName": "starlette.middleware.base.BaseHTTPMiddleware.__call__.<locals>.call_next.<locals>.coro"}
{"asctime": "2026-03-03 12:46:53,098", "levelname": "INFO", "message": "HTTP Request: GET http://localhost:8002/api/v1/payment_intake_matching/matching/dashboard/summary \"HTTP/1.1 200 OK\"", "url": null, "method": null, "process_time": null, "taskName": "starlette.middleware.base.BaseHTTPMiddleware.__call__.<locals>.call_next.<locals>.coro"}
{"asctime": "2026-03-03 12:46:53,101", "levelname": "INFO", "message": "", "url": "/api/v1/payment_intake_matching/matching/dashboard/summary", "method": "GET", "process_time": 5.757349014282227, "taskName": "starlette.middleware.base.BaseHTTPMiddleware.__call__.<locals>.call_next.<locals>.coro"}
{"asctime": "2026-03-03 12:46:53,376", "levelname": "INFO", "message": "HTTP Request: GET http://localhost:8001/api/v1/users/auth/me \"HTTP/1.1 200 OK\"", "url": null, "method": null, "process_time": null, "taskName": "Task-1399"}
{"asctime": "2026-03-03 12:46:54,391", "levelname": "INFO", "message": "HTTP Request: GET http://localhost:8002/api/v1/payment_intake_matching/matching/dashboard/unmatched-invoices \"HTTP/1.1 200 OK\"", "url": null, "method": null, "process_time": null, "taskName": "starlette.middleware.base.BaseHTTPMiddleware.__call__.<locals>.call_next.<locals>.coro"}
{"asctime": "2026-03-03 12:46:54,392", "levelname": "INFO", "message": "HTTP Request: GET http://localhost:8002/api/v1/payment_intake_matching/matching/dashboard/recent \"HTTP/1.1 200 OK\"", "url": null, "method": null, "process_time": null, "taskName": "starlette.middleware.base.BaseHTTPMiddleware.__call__.<locals>.call_next.<locals>.coro"}
{"asctime": "2026-03-03 12:46:54,393", "levelname": "INFO", "message": "HTTP Request: GET http://localhost:8002/api/v1/payment_intake_matching/matching/dashboard/unmatched-payments \"HTTP/1.1 200 OK\"", "url": null, "method": null, "process_time": null, "taskName": "starlette.middleware.base.BaseHTTPMiddleware.__call__.<locals>.call_next.<locals>.coro"}
{"asctime": "2026-03-03 12:46:54,397", "levelname": "INFO", "message": "", "url": "/api/v1/payment_intake_matching/matching/dashboard/unmatched-invoices", "method": "GET", "process_time": 5.879379987716675, "taskName": "starlette.middleware.base.BaseHTTPMiddleware.__call__.<locals>.call_next.<locals>.coro"}
{"asctime": "2026-03-03 12:46:54,398", "levelname": "INFO", "message": "", "url": "/api/v1/payment_intake_matching/matching/dashboard/recent", "method": "GET", "process_time": 5.8803770542144775, "taskName": "starlette.middleware.base.BaseHTTPMiddleware.__call__.<locals>.call_next.<locals>.coro"}
{"asctime": "2026-03-03 12:46:54,399", "levelname": "INFO", "message": "", "url": "/api/v1/payment_intake_matching/matching/dashboard/unmatched-payments", "method": "GET", "process_time": 5.8813395500183105, "taskName": "starlette.middleware.base.BaseHTTPMiddleware.__call__.<locals>.call_next.<locals>.coro"}
{"asctime": "2026-03-03 12:46:54,677", "levelname": "INFO", "message": "HTTP Request: GET http://localhost:8001/api/v1/users/auth/me \"HTTP/1.1 200 OK\"", "url": null, "method": null, "process_time": null, "taskName": "starlette.middleware.base.BaseHTTPMiddleware.__call__.<locals>.call_next.<locals>.coro"}
{"asctime": "2026-03-03 12:46:54,684", "levelname": "INFO", "message": "", "url": "/api/v1/users/auth/me", "method": "GET", "process_time": 1.30283522605896, "taskName": "starlette.middleware.base.BaseHTTPMiddleware.__call__.<locals>.call_next.<locals>.coro"}
{"asctime": "2026-03-03 12:47:01,323", "levelname": "INFO", "message": "HTTP Request: GET http://localhost:8001/api/v1/users/auth/me \"HTTP/1.1 200 OK\"", "url": null, "method": null, "process_time": null, "taskName": "Task-1428"}
{"asctime": "2026-03-03 12:47:02,355", "levelname": "INFO", "message": "HTTP Request: GET http://localhost:8001/api/v1/users/auth/me \"HTTP/1.1 200 OK\"", "url": null, "method": null, "process_time": null, "taskName": "Task-1429"}
{"asctime": "2026-03-03 12:47:02,355", "levelname": "INFO", "message": "HTTP Request: GET http://localhost:8001/api/v1/users/auth/me \"HTTP/1.1 200 OK\"", "url": null, "method": null, "process_time": null, "taskName": "Task-1430"}
{"asctime": "2026-03-03 12:47:04,667", "levelname": "INFO", "message": "HTTP Request: GET http://localhost:8002/api/v1/payment_intake_matching/matching/dashboard/recent \"HTTP/1.1 200 OK\"", "url": null, "method": null, "process_time": null, "taskName": "starlette.middleware.base.BaseHTTPMiddleware.__call__.<locals>.call_next.<locals>.coro"}
{"asctime": "2026-03-03 12:47:04,670", "levelname": "INFO", "message": "HTTP Request: GET http://localhost:8002/api/v1/payment_intake_matching/matching/dashboard/unmatched-payments \"HTTP/1.1 200 OK\"", "url": null, "method": null, "process_time": null, "taskName": "starlette.middleware.base.BaseHTTPMiddleware.__call__.<locals>.call_next.<locals>.coro"}
{"asctime": "2026-03-03 12:47:04,673", "levelname": "INFO", "message": "", "url": "/api/v1/payment_intake_matching/matching/dashboard/recent", "method": "GET", "process_time": 2.314866781234741, "taskName": "starlette.middleware.base.BaseHTTPMiddleware.__call__.<locals>.call_next.<locals>.coro"}
{"asctime": "2026-03-03 12:47:04,676", "levelname": "INFO", "message": "HTTP Request: GET http://localhost:8002/api/v1/payment_intake_matching/matching/dashboard/unmatched-invoices \"HTTP/1.1 200 OK\"", "url": null, "method": null, "process_time": null, "taskName": "starlette.middleware.base.BaseHTTPMiddleware.__call__.<locals>.call_next.<locals>.coro"}
{"asctime": "2026-03-03 12:47:04,682", "levelname": "INFO", "message": "", "url": "/api/v1/payment_intake_matching/matching/dashboard/unmatched-payments", "method": "GET", "process_time": 3.355682611465454, "taskName": "starlette.middleware.base.BaseHTTPMiddleware.__call__.<locals>.call_next.<locals>.coro"}
{"asctime": "2026-03-03 12:47:04,690", "levelname": "INFO", "message": "", "url": "/api/v1/payment_intake_matching/matching/dashboard/unmatched-invoices", "method": "GET", "process_time": 1.2992987632751465, "taskName": "starlette.middleware.base.BaseHTTPMiddleware.__call__.<locals>.call_next.<locals>.coro"}
{"asctime": "2026-03-03 12:47:08,135", "levelname": "INFO", "message": "HTTP Request: GET http://localhost:8001/api/v1/users/auth/me \"HTTP/1.1 200 OK\"", "url": null, "method": null, "process_time": null, "taskName": "Task-1471"}
{"asctime": "2026-03-03 12:47:09,263", "levelname": "INFO", "message": "HTTP Request: GET http://localhost:8001/api/v1/users/auth/me \"HTTP/1.1 200 OK\"", "url": null, "method": null, "process_time": null, "taskName": "Task-1473"}
{"asctime": "2026-03-03 12:47:09,266", "levelname": "INFO", "message": "HTTP Request: GET http://localhost:8001/api/v1/users/auth/me \"HTTP/1.1 200 OK\"", "url": null, "method": null, "process_time": null, "taskName": "Task-1472"}
{"asctime": "2026-03-03 12:47:11,291", "levelname": "INFO", "message": "HTTP Request: GET http://localhost:8002/api/v1/payment_intake_matching/matching/dashboard/recent \"HTTP/1.1 200 OK\"", "url": null, "method": null, "process_time": null, "taskName": "starlette.middleware.base.BaseHTTPMiddleware.__call__.<locals>.call_next.<locals>.coro"}
{"asctime": "2026-03-03 12:47:11,295", "levelname": "INFO", "message": "", "url": "/api/v1/payment_intake_matching/matching/dashboard/recent", "method": "GET", "process_time": 3.1589818000793457, "taskName": "starlette.middleware.base.BaseHTTPMiddleware.__call__.<locals>.call_next.<locals>.coro"}
{"asctime": "2026-03-03 12:47:11,567", "levelname": "INFO", "message": "HTTP Request: GET http://localhost:8002/api/v1/payment_intake_matching/matching/dashboard/unmatched-invoices \"HTTP/1.1 200 OK\"", "url": null, "method": null, "process_time": null, "taskName": "starlette.middleware.base.BaseHTTPMiddleware.__call__.<locals>.call_next.<locals>.coro"}
{"asctime": "2026-03-03 12:47:11,571", "levelname": "INFO", "message": "HTTP Request: GET http://localhost:8002/api/v1/payment_intake_matching/matching/dashboard/unmatched-payments \"HTTP/1.1 200 OK\"", "url": null, "method": null, "process_time": null, "taskName": "starlette.middleware.base.BaseHTTPMiddleware.__call__.<locals>.call_next.<locals>.coro"}
{"asctime": "2026-03-03 12:47:11,580", "levelname": "INFO", "message": "", "url": "/api/v1/payment_intake_matching/matching/dashboard/unmatched-invoices", "method": "GET", "process_time": 2.311640501022339, "taskName": "starlette.middleware.base.BaseHTTPMiddleware.__call__.<locals>.call_next.<locals>.coro"}
{"asctime": "2026-03-03 12:47:11,591", "levelname": "INFO", "message": "", "url": "/api/v1/payment_intake_matching/matching/dashboard/unmatched-payments", "method": "GET", "process_time": 2.322188138961792, "taskName": "starlette.middleware.base.BaseHTTPMiddleware.__call__.<locals>.call_next.<locals>.coro"}
{"asctime": "2026-03-03 12:47:13,802", "levelname": "INFO", "message": "HTTP Request: POST http://localhost:8001/api/v1/users/login \"HTTP/1.1 200 OK\"", "url": null, "method": null, "process_time": null, "taskName": "starlette.middleware.base.BaseHTTPMiddleware.__call__.<locals>.call_next.<locals>.coro"}
{"asctime": "2026-03-03 12:47:13,806", "levelname": "INFO", "message": "", "url": "/api/v1/users/login", "method": "POST", "process_time": 1.9918313026428223, "taskName": "starlette.middleware.base.BaseHTTPMiddleware.__call__.<locals>.call_next.<locals>.coro"}
{"asctime": "2026-03-03 12:47:19,852", "levelname": "INFO", "message": "HTTP Request: GET http://localhost:8001/api/v1/users/auth/me \"HTTP/1.1 200 OK\"", "url": null, "method": null, "process_time": null, "taskName": "Task-1522"}
{"asctime": "2026-03-03 12:47:22,116", "levelname": "INFO", "message": "HTTP Request: GET http://localhost:8001/api/v1/users/auth/me \"HTTP/1.1 200 OK\"", "url": null, "method": null, "process_time": null, "taskName": "Task-1527"}
{"asctime": "2026-03-03 12:47:23,286", "levelname": "INFO", "message": "HTTP Request: GET http://localhost:8001/api/v1/users/auth/me \"HTTP/1.1 200 OK\"", "url": null, "method": null, "process_time": null, "taskName": "Task-1531"}
{"asctime": "2026-03-03 12:47:24,431", "levelname": "INFO", "message": "HTTP Request: GET http://localhost:8001/api/v1/users/auth/me \"HTTP/1.1 200 OK\"", "url": null, "method": null, "process_time": null, "taskName": "Task-1543"}
{"asctime": "2026-03-03 12:47:25,593", "levelname": "INFO", "message": "HTTP Request: GET http://localhost:8002/api/v1/payment_intake_matching/matching/dashboard/recent \"HTTP/1.1 200 OK\"", "url": null, "method": null, "process_time": null, "taskName": "starlette.middleware.base.BaseHTTPMiddleware.__call__.<locals>.call_next.<locals>.coro"}
{"asctime": "2026-03-03 12:47:25,602", "levelname": "INFO", "message": "", "url": "/api/v1/payment_intake_matching/matching/dashboard/recent", "method": "GET", "process_time": 5.746525049209595, "taskName": "starlette.middleware.base.BaseHTTPMiddleware.__call__.<locals>.call_next.<locals>.coro"}
{"asctime": "2026-03-03 12:47:26,791", "levelname": "INFO", "message": "HTTP Request: GET http://localhost:8002/api/v1/payment_intake_matching/matching/dashboard/summary \"HTTP/1.1 200 OK\"", "url": null, "method": null, "process_time": null, "taskName": "starlette.middleware.base.BaseHTTPMiddleware.__call__.<locals>.call_next.<locals>.coro"}
{"asctime": "2026-03-03 12:47:26,794", "levelname": "INFO", "message": "HTTP Request: GET http://localhost:8002/api/v1/payment_intake_matching/matching/dashboard/unmatched-invoices \"HTTP/1.1 200 OK\"", "url": null, "method": null, "process_time": null, "taskName": "starlette.middleware.base.BaseHTTPMiddleware.__call__.<locals>.call_next.<locals>.coro"}
{"asctime": "2026-03-03 12:47:26,805", "levelname": "INFO", "message": "HTTP Request: GET http://localhost:8002/api/v1/payment_intake_matching/matching/dashboard/unmatched-payments \"HTTP/1.1 200 OK\"", "url": null, "method": null, "process_time": null, "taskName": "starlette.middleware.base.BaseHTTPMiddleware.__call__.<locals>.call_next.<locals>.coro"}
{"asctime": "2026-03-03 12:47:26,808", "levelname": "INFO", "message": "", "url": "/api/v1/payment_intake_matching/matching/dashboard/summary", "method": "GET", "process_time": 3.5141077041625977, "taskName": "starlette.middleware.base.BaseHTTPMiddleware.__call__.<locals>.call_next.<locals>.coro"}
{"asctime": "2026-03-03 12:47:26,810", "levelname": "INFO", "message": "", "url": "/api/v1/payment_intake_matching/matching/dashboard/unmatched-invoices", "method": "GET", "process_time": 4.687148332595825, "taskName": "starlette.middleware.base.BaseHTTPMiddleware.__call__.<locals>.call_next.<locals>.coro"}
{"asctime": "2026-03-03 12:47:26,824", "levelname": "INFO", "message": "", "url": "/api/v1/payment_intake_matching/matching/dashboard/unmatched-payments", "method": "GET", "process_time": 2.3866240978240967, "taskName": "starlette.middleware.base.BaseHTTPMiddleware.__call__.<locals>.call_next.<locals>.coro"}
{"asctime": "2026-03-03 12:47:32,288", "levelname": "INFO", "message": "HTTP Request: GET http://localhost:8001/api/v1/users/auth/me \"HTTP/1.1 200 OK\"", "url": null, "method": null, "process_time": null, "taskName": "Task-1584"}
{"asctime": "2026-03-03 12:47:32,291", "levelname": "INFO", "message": "HTTP Request: GET http://localhost:8001/api/v1/users/auth/me \"HTTP/1.1 200 OK\"", "url": null, "method": null, "process_time": null, "taskName": "Task-1585"}
{"asctime": "2026-03-03 12:47:33,281", "levelname": "INFO", "message": "HTTP Request: GET http://localhost:8001/api/v1/users/auth/me \"HTTP/1.1 200 OK\"", "url": null, "method": null, "process_time": null, "taskName": "Task-1590"}
{"asctime": "2026-03-03 12:47:35,071", "levelname": "INFO", "message": "HTTP Request: GET http://localhost:8001/api/v1/users/auth/me \"HTTP/1.1 200 OK\"", "url": null, "method": null, "process_time": null, "taskName": "Task-1594"}
{"asctime": "2026-03-03 12:47:36,052", "levelname": "INFO", "message": "HTTP Request: GET http://localhost:8002/api/v1/payment_intake_matching/matching/dashboard/unmatched-invoices \"HTTP/1.1 200 OK\"", "url": null, "method": null, "process_time": null, "taskName": "starlette.middleware.base.BaseHTTPMiddleware.__call__.<locals>.call_next.<locals>.coro"}
{"asctime": "2026-03-03 12:47:36,055", "levelname": "INFO", "message": "HTTP Request: GET http://localhost:8002/api/v1/payment_intake_matching/matching/dashboard/unmatched-payments \"HTTP/1.1 200 OK\"", "url": null, "method": null, "process_time": null, "taskName": "starlette.middleware.base.BaseHTTPMiddleware.__call__.<locals>.call_next.<locals>.coro"}
{"asctime": "2026-03-03 12:47:36,056", "levelname": "INFO", "message": "HTTP Request: GET http://localhost:8002/api/v1/payment_intake_matching/matching/dashboard/recent \"HTTP/1.1 200 OK\"", "url": null, "method": null, "process_time": null, "taskName": "starlette.middleware.base.BaseHTTPMiddleware.__call__.<locals>.call_next.<locals>.coro"}
{"asctime": "2026-03-03 12:47:36,059", "levelname": "INFO", "message": "", "url": "/api/v1/payment_intake_matching/matching/dashboard/unmatched-invoices", "method": "GET", "process_time": 3.766788959503174, "taskName": "starlette.middleware.base.BaseHTTPMiddleware.__call__.<locals>.call_next.<locals>.coro"}
{"asctime": "2026-03-03 12:47:36,066", "levelname": "INFO", "message": "", "url": "/api/v1/payment_intake_matching/matching/dashboard/unmatched-payments", "method": "GET", "process_time": 2.7851734161376953, "taskName": "starlette.middleware.base.BaseHTTPMiddleware.__call__.<locals>.call_next.<locals>.coro"}
{"asctime": "2026-03-03 12:47:36,068", "levelname": "INFO", "message": "", "url": "/api/v1/payment_intake_matching/matching/dashboard/recent", "method": "GET", "process_time": 1.9130384922027588, "taskName": "starlette.middleware.base.BaseHTTPMiddleware.__call__.<locals>.call_next.<locals>.coro"}
{"asctime": "2026-03-03 12:47:38,807", "levelname": "INFO", "message": "HTTP Request: GET http://localhost:8002/api/v1/payment_intake_matching/matching/dashboard/summary \"HTTP/1.1 200 OK\"", "url": null, "method": null, "process_time": null, "taskName": "starlette.middleware.base.BaseHTTPMiddleware.__call__.<locals>.call_next.<locals>.coro"}
{"asctime": "2026-03-03 12:47:38,808", "levelname": "INFO", "message": "", "url": "/api/v1/payment_intake_matching/matching/dashboard/summary", "method": "GET", "process_time": 3.73264217376709, "taskName": "starlette.middleware.base.BaseHTTPMiddleware.__call__.<locals>.call_next.<locals>.coro"}
{"asctime": "2026-03-03 12:47:38,809", "levelname": "INFO", "message": "HTTP Request: GET http://localhost:8001/api/v1/users/auth/me \"HTTP/1.1 200 OK\"", "url": null, "method": null, "process_time": null, "taskName": "Task-1639"}
{"asctime": "2026-03-03 12:47:38,814", "levelname": "INFO", "message": "HTTP Request: GET http://localhost:8001/api/v1/users/auth/me \"HTTP/1.1 200 OK\"", "url": null, "method": null, "process_time": null, "taskName": "Task-1637"}
{"asctime": "2026-03-03 12:47:40,780", "levelname": "INFO", "message": "HTTP Request: GET http://localhost:8001/api/v1/users/auth/me \"HTTP/1.1 200 OK\"", "url": null, "method": null, "process_time": null, "taskName": "Task-1642"}
{"asctime": "2026-03-03 12:47:41,901", "levelname": "INFO", "message": "HTTP Request: GET http://localhost:8002/api/v1/payment_intake_matching/matching/dashboard/unmatched-invoices \"HTTP/1.1 200 OK\"", "url": null, "method": null, "process_time": null, "taskName": "starlette.middleware.base.BaseHTTPMiddleware.__call__.<locals>.call_next.<locals>.coro"}
{"asctime": "2026-03-03 12:47:41,904", "levelname": "INFO", "message": "", "url": "/api/v1/payment_intake_matching/matching/dashboard/unmatched-invoices", "method": "GET", "process_time": 2.1161344051361084, "taskName": "starlette.middleware.base.BaseHTTPMiddleware.__call__.<locals>.call_next.<locals>.coro"}
{"asctime": "2026-03-03 12:47:41,907", "levelname": "INFO", "message": "HTTP Request: GET http://localhost:8002/api/v1/payment_intake_matching/matching/dashboard/unmatched-payments \"HTTP/1.1 200 OK\"", "url": null, "method": null, "process_time": null, "taskName": "starlette.middleware.base.BaseHTTPMiddleware.__call__.<locals>.call_next.<locals>.coro"}
{"asctime": "2026-03-03 12:47:41,925", "levelname": "INFO", "message": "", "url": "/api/v1/payment_intake_matching/matching/dashboard/unmatched-payments", "method": "GET", "process_time": 3.1120693683624268, "taskName": "starlette.middleware.base.BaseHTTPMiddleware.__call__.<locals>.call_next.<locals>.coro"}
{"asctime": "2026-03-03 12:47:45,729", "levelname": "INFO", "message": "HTTP Request: GET http://localhost:8001/api/v1/users/auth/me \"HTTP/1.1 200 OK\"", "url": null, "method": null, "process_time": null, "taskName": "Task-1678"}
{"asctime": "2026-03-03 12:47:45,746", "levelname": "INFO", "message": "HTTP Request: GET http://localhost:8002/api/v1/payment_intake_matching/matching/dashboard/recent \"HTTP/1.1 200 OK\"", "url": null, "method": null, "process_time": null, "taskName": "starlette.middleware.base.BaseHTTPMiddleware.__call__.<locals>.call_next.<locals>.coro"}
{"asctime": "2026-03-03 12:47:47,057", "levelname": "INFO", "message": "HTTP Request: GET http://localhost:8001/api/v1/users/auth/me \"HTTP/1.1 200 OK\"", "url": null, "method": null, "process_time": null, "taskName": "Task-1677"}
{"asctime": "2026-03-03 12:47:47,059", "levelname": "INFO", "message": "", "url": "/api/v1/payment_intake_matching/matching/dashboard/recent", "method": "GET", "process_time": 6.274883508682251, "taskName": "starlette.middleware.base.BaseHTTPMiddleware.__call__.<locals>.call_next.<locals>.coro"}
{"asctime": "2026-03-03 12:47:50,602", "levelname": "INFO", "message": "HTTP Request: GET http://localhost:8001/api/v1/users/auth/me \"HTTP/1.1 200 OK\"", "url": null, "method": null, "process_time": null, "taskName": "Task-1703"}
{"asctime": "2026-03-03 12:47:51,635", "levelname": "INFO", "message": "HTTP Request: GET http://localhost:8002/api/v1/payment_intake_matching/matching/dashboard/summary \"HTTP/1.1 200 OK\"", "url": null, "method": null, "process_time": null, "taskName": "starlette.middleware.base.BaseHTTPMiddleware.__call__.<locals>.call_next.<locals>.coro"}
{"asctime": "2026-03-03 12:47:51,640", "levelname": "INFO", "message": "", "url": "/api/v1/payment_intake_matching/matching/dashboard/summary", "method": "GET", "process_time": 5.90003228187561, "taskName": "starlette.middleware.base.BaseHTTPMiddleware.__call__.<locals>.call_next.<locals>.coro"}
{"asctime": "2026-03-03 12:47:52,736", "levelname": "INFO", "message": "HTTP Request: GET http://localhost:8001/api/v1/users/auth/me \"HTTP/1.1 200 OK\"", "url": null, "method": null, "process_time": null, "taskName": "Task-1707"}
{"asctime": "2026-03-03 12:47:52,737", "levelname": "INFO", "message": "HTTP Request: GET http://localhost:8002/api/v1/payment_intake_matching/matching/dashboard/unmatched-invoices \"HTTP/1.1 200 OK\"", "url": null, "method": null, "process_time": null, "taskName": "starlette.middleware.base.BaseHTTPMiddleware.__call__.<locals>.call_next.<locals>.coro"}
{"asctime": "2026-03-03 12:47:53,969", "levelname": "INFO", "message": "", "url": "/api/v1/payment_intake_matching/matching/dashboard/unmatched-invoices", "method": "GET", "process_time": 6.905641078948975, "taskName": "starlette.middleware.base.BaseHTTPMiddleware.__call__.<locals>.call_next.<locals>.coro"}
{"asctime": "2026-03-03 12:47:55,111", "levelname": "INFO", "message": "HTTP Request: GET http://localhost:8002/api/v1/payment_intake_matching/matching/dashboard/recent \"HTTP/1.1 200 OK\"", "url": null, "method": null, "process_time": null, "taskName": "starlette.middleware.base.BaseHTTPMiddleware.__call__.<locals>.call_next.<locals>.coro"}
{"asctime": "2026-03-03 12:47:55,127", "levelname": "INFO", "message": "", "url": "/api/v1/payment_intake_matching/matching/dashboard/recent", "method": "GET", "process_time": 4.521240234375, "taskName": "starlette.middleware.base.BaseHTTPMiddleware.__call__.<locals>.call_next.<locals>.coro"}
{"asctime": "2026-03-03 12:47:55,141", "levelname": "INFO", "message": "HTTP Request: GET http://localhost:8001/api/v1/users/auth/me \"HTTP/1.1 200 OK\"", "url": null, "method": null, "process_time": null, "taskName": "Task-1723"}
{"asctime": "2026-03-03 12:47:57,317", "levelname": "INFO", "message": "HTTP Request: GET http://localhost:8001/api/v1/users/auth/me \"HTTP/1.1 200 OK\"", "url": null, "method": null, "process_time": null, "taskName": "Task-1735"}
{"asctime": "2026-03-03 12:47:58,507", "levelname": "INFO", "message": "HTTP Request: GET http://localhost:8002/api/v1/payment_intake_matching/matching/dashboard/unmatched-payments \"HTTP/1.1 200 OK\"", "url": null, "method": null, "process_time": null, "taskName": "starlette.middleware.base.BaseHTTPMiddleware.__call__.<locals>.call_next.<locals>.coro"}
{"asctime": "2026-03-03 12:47:58,516", "levelname": "INFO", "message": "", "url": "/api/v1/payment_intake_matching/matching/dashboard/unmatched-payments", "method": "GET", "process_time": 5.77445650100708, "taskName": "starlette.middleware.base.BaseHTTPMiddleware.__call__.<locals>.call_next.<locals>.coro"}
{"asctime": "2026-03-03 12:47:58,554", "levelname": "INFO", "message": "HTTP Request: GET http://localhost:8001/api/v1/users/auth/me \"HTTP/1.1 200 OK\"", "url": null, "method": null, "process_time": null, "taskName": "Task-1740"}
{"asctime": "2026-03-03 12:47:58,562", "levelname": "INFO", "message": "HTTP Request: GET http://localhost:8002/api/v1/payment_intake_matching/matching/dashboard/summary \"HTTP/1.1 200 OK\"", "url": null, "method": null, "process_time": null, "taskName": "starlette.middleware.base.BaseHTTPMiddleware.__call__.<locals>.call_next.<locals>.coro"}
{"asctime": "2026-03-03 12:47:58,570", "levelname": "INFO", "message": "", "url": "/api/v1/payment_intake_matching/matching/dashboard/summary", "method": "GET", "process_time": 3.407184362411499, "taskName": "starlette.middleware.base.BaseHTTPMiddleware.__call__.<locals>.call_next.<locals>.coro"}
{"asctime": "2026-03-03 12:47:59,681", "levelname": "INFO", "message": "HTTP Request: GET http://localhost:8002/api/v1/payment_intake_matching/matching/dashboard/unmatched-invoices \"HTTP/1.1 200 OK\"", "url": null, "method": null, "process_time": null, "taskName": "starlette.middleware.base.BaseHTTPMiddleware.__call__.<locals>.call_next.<locals>.coro"}
{"asctime": "2026-03-03 12:47:59,690", "levelname": "INFO", "message": "", "url": "/api/v1/payment_intake_matching/matching/dashboard/unmatched-invoices", "method": "GET", "process_time": 2.3687915802001953, "taskName": "starlette.middleware.base.BaseHTTPMiddleware.__call__.<locals>.call_next.<locals>.coro"}
{"asctime": "2026-03-03 12:48:00,887", "levelname": "INFO", "message": "HTTP Request: GET http://localhost:8002/api/v1/payment_intake_matching/matching/dashboard/recent \"HTTP/1.1 200 OK\"", "url": null, "method": null, "process_time": null, "taskName": "starlette.middleware.base.BaseHTTPMiddleware.__call__.<locals>.call_next.<locals>.coro"}
{"asctime": "2026-03-03 12:48:00,891", "levelname": "INFO", "message": "", "url": "/api/v1/payment_intake_matching/matching/dashboard/recent", "method": "GET", "process_time": 2.3203651905059814, "taskName": "starlette.middleware.base.BaseHTTPMiddleware.__call__.<locals>.call_next.<locals>.coro"}
{"asctime": "2026-03-03 12:48:01,142", "levelname": "INFO", "message": "HTTP Request: GET http://localhost:8001/api/v1/users/auth/me \"HTTP/1.1 200 OK\"", "url": null, "method": null, "process_time": null, "taskName": "Task-1772"}
{"asctime": "2026-03-03 12:48:02,571", "levelname": "INFO", "message": "HTTP Request: GET http://localhost:8002/api/v1/payment_intake_matching/matching/dashboard/unmatched-invoices \"HTTP/1.1 200 OK\"", "url": null, "method": null, "process_time": null, "taskName": "starlette.middleware.base.BaseHTTPMiddleware.__call__.<locals>.call_next.<locals>.coro"}
{"asctime": "2026-03-03 12:48:02,576", "levelname": "INFO", "message": "", "url": "/api/v1/payment_intake_matching/matching/dashboard/unmatched-invoices", "method": "GET", "process_time": 1.423398733139038, "taskName": "starlette.middleware.base.BaseHTTPMiddleware.__call__.<locals>.call_next.<locals>.coro"}
{"asctime": "2026-03-03 12:48:12,788", "levelname": "INFO", "message": "HTTP Request: GET http://localhost:8001/api/v1/users/auth/me \"HTTP/1.1 200 OK\"", "url": null, "method": null, "process_time": null, "taskName": "Task-1787"}
{"asctime": "2026-03-03 12:48:14,241", "levelname": "INFO", "message": "HTTP Request: POST http://localhost:8002/api/v1/payment_intake_matching/documents/upload \"HTTP/1.1 422 Unprocessable Entity\"", "url": null, "method": null, "process_time": null, "taskName": "starlette.middleware.base.BaseHTTPMiddleware.__call__.<locals>.call_next.<locals>.coro"}
{"asctime": "2026-03-03 12:48:14,243", "levelname": "INFO", "message": "", "url": "/api/v1/payment_intake_matching/documents/upload", "method": "POST", "process_time": 1.452735424041748, "taskName": "starlette.middleware.base.BaseHTTPMiddleware.__call__.<locals>.call_next.<locals>.coro"}
{"asctime": "2026-03-03 12:51:17,698", "levelname": "INFO", "message": "HTTP Request: GET http://localhost:8001/api/v1/users/auth/me \"HTTP/1.1 200 OK\"", "url": null, "method": null, "process_time": null, "taskName": "Task-1802"}
{"asctime": "2026-03-03 12:51:18,928", "levelname": "INFO", "message": "HTTP Request: GET http://localhost:8001/api/v1/users/auth/me \"HTTP/1.1 200 OK\"", "url": null, "method": null, "process_time": null, "taskName": "starlette.middleware.base.BaseHTTPMiddleware.__call__.<locals>.call_next.<locals>.coro"}
{"asctime": "2026-03-03 12:51:18,932", "levelname": "INFO", "message": "", "url": "/api/v1/users/auth/me", "method": "GET", "process_time": 1.2295730113983154, "taskName": "starlette.middleware.base.BaseHTTPMiddleware.__call__.<locals>.call_next.<locals>.coro"}
{"asctime": "2026-03-03 12:51:20,387", "levelname": "INFO", "message": "HTTP Request: GET http://localhost:8001/api/v1/users/auth/me \"HTTP/1.1 200 OK\"", "url": null, "method": null, "process_time": null, "taskName": "Task-1816"}
{"asctime": "2026-03-03 12:51:21,872", "levelname": "INFO", "message": "HTTP Request: GET http://localhost:8001/api/v1/users/auth/me \"HTTP/1.1 200 OK\"", "url": null, "method": null, "process_time": null, "taskName": "starlette.middleware.base.BaseHTTPMiddleware.__call__.<locals>.call_next.<locals>.coro"}
{"asctime": "2026-03-03 12:51:21,875", "levelname": "INFO", "message": "", "url": "/api/v1/users/auth/me", "method": "GET", "process_time": 1.4818885326385498, "taskName": "starlette.middleware.base.BaseHTTPMiddleware.__call__.<locals>.call_next.<locals>.coro"}
{"asctime": "2026-03-03 12:51:35,153", "levelname": "INFO", "message": "HTTP Request: GET http://localhost:8001/api/v1/users/auth/me \"HTTP/1.1 200 OK\"", "url": null, "method": null, "process_time": null, "taskName": "Task-1829"}
{"asctime": "2026-03-03 12:51:36,701", "levelname": "INFO", "message": "HTTP Request: POST http://localhost:8002/api/v1/payment_intake_matching/documents/upload \"HTTP/1.1 422 Unprocessable Entity\"", "url": null, "method": null, "process_time": null, "taskName": "starlette.middleware.base.BaseHTTPMiddleware.__call__.<locals>.call_next.<locals>.coro"}
{"asctime": "2026-03-03 12:51:36,703", "levelname": "INFO", "message": "", "url": "/api/v1/payment_intake_matching/documents/upload", "method": "POST", "process_time": 1.5471136569976807, "taskName": "starlette.middleware.base.BaseHTTPMiddleware.__call__.<locals>.call_next.<locals>.coro"}
{"asctime": "2026-03-03 12:53:31,581", "levelname": "INFO", "message": "HTTP Request: GET http://localhost:8001/api/v1/users/auth/me \"HTTP/1.1 200 OK\"", "url": null, "method": null, "process_time": null, "taskName": "Task-1843"}
{"asctime": "2026-03-03 12:53:31,591", "levelname": "INFO", "message": "HTTP Request: GET http://localhost:8001/api/v1/users/auth/me \"HTTP/1.1 200 OK\"", "url": null, "method": null, "process_time": null, "taskName": "Task-1845"}
{"asctime": "2026-03-03 12:53:32,637", "levelname": "INFO", "message": "HTTP Request: GET http://localhost:8001/api/v1/users/auth/me \"HTTP/1.1 200 OK\"", "url": null, "method": null, "process_time": null, "taskName": "starlette.middleware.base.BaseHTTPMiddleware.__call__.<locals>.call_next.<locals>.coro"}
{"asctime": "2026-03-03 12:53:32,638", "levelname": "INFO", "message": "", "url": "/api/v1/users/auth/me", "method": "GET", "process_time": 0.6440863609313965, "taskName": "starlette.middleware.base.BaseHTTPMiddleware.__call__.<locals>.call_next.<locals>.coro"}
{"asctime": "2026-03-03 12:53:33,259", "levelname": "INFO", "message": "HTTP Request: GET http://localhost:8001/api/v1/users/auth/me \"HTTP/1.1 200 OK\"", "url": null, "method": null, "process_time": null, "taskName": "Task-1866"}
{"asctime": "2026-03-03 12:53:33,843", "levelname": "INFO", "message": "HTTP Request: GET http://localhost:8001/api/v1/users/auth/me \"HTTP/1.1 200 OK\"", "url": null, "method": null, "process_time": null, "taskName": "starlette.middleware.base.BaseHTTPMiddleware.__call__.<locals>.call_next.<locals>.coro"}
{"asctime": "2026-03-03 12:53:33,845", "levelname": "INFO", "message": "", "url": "/api/v1/users/auth/me", "method": "GET", "process_time": 0.5849270820617676, "taskName": "starlette.middleware.base.BaseHTTPMiddleware.__call__.<locals>.call_next.<locals>.coro"}
{"asctime": "2026-03-03 12:53:37,349", "levelname": "INFO", "message": "HTTP Request: GET http://localhost:8001/api/v1/users/auth/me \"HTTP/1.1 200 OK\"", "url": null, "method": null, "process_time": null, "taskName": "Task-1879"}
{"asctime": "2026-03-03 12:53:37,908", "levelname": "INFO", "message": "HTTP Request: GET http://localhost:8001/api/v1/users/auth/me \"HTTP/1.1 200 OK\"", "url": null, "method": null, "process_time": null, "taskName": "starlette.middleware.base.BaseHTTPMiddleware.__call__.<locals>.call_next.<locals>.coro"}
{"asctime": "2026-03-03 12:53:37,909", "levelname": "INFO", "message": "", "url": "/api/v1/users/auth/me", "method": "GET", "process_time": 0.5563755035400391, "taskName": "starlette.middleware.base.BaseHTTPMiddleware.__call__.<locals>.call_next.<locals>.coro"}
{"asctime": "2026-03-03 12:53:38,490", "levelname": "INFO", "message": "HTTP Request: GET http://localhost:8001/api/v1/users/auth/me \"HTTP/1.1 200 OK\"", "url": null, "method": null, "process_time": null, "taskName": "Task-1892"}
{"asctime": "2026-03-03 12:53:39,053", "levelname": "INFO", "message": "HTTP Request: GET http://localhost:8001/api/v1/users/auth/me \"HTTP/1.1 200 OK\"", "url": null, "method": null, "process_time": null, "taskName": "starlette.middleware.base.BaseHTTPMiddleware.__call__.<locals>.call_next.<locals>.coro"}
{"asctime": "2026-03-03 12:53:39,057", "levelname": "INFO", "message": "", "url": "/api/v1/users/auth/me", "method": "GET", "process_time": 0.5624346733093262, "taskName": "starlette.middleware.base.BaseHTTPMiddleware.__call__.<locals>.call_next.<locals>.coro"}
{"asctime": "2026-03-03 12:53:44,376", "levelname": "INFO", "message": "HTTP Request: GET http://localhost:8001/api/v1/users/auth/me \"HTTP/1.1 200 OK\"", "url": null, "method": null, "process_time": null, "taskName": "Task-1905"}
{"asctime": "2026-03-03 12:53:44,970", "levelname": "INFO", "message": "HTTP Request: GET http://localhost:8001/api/v1/users/auth/me \"HTTP/1.1 200 OK\"", "url": null, "method": null, "process_time": null, "taskName": "starlette.middleware.base.BaseHTTPMiddleware.__call__.<locals>.call_next.<locals>.coro"}
{"asctime": "2026-03-03 12:53:44,972", "levelname": "INFO", "message": "", "url": "/api/v1/users/auth/me", "method": "GET", "process_time": 0.5919744968414307, "taskName": "starlette.middleware.base.BaseHTTPMiddleware.__call__.<locals>.call_next.<locals>.coro"}
{"asctime": "2026-03-03 12:53:45,657", "levelname": "INFO", "message": "HTTP Request: GET http://localhost:8001/api/v1/users/auth/me \"HTTP/1.1 200 OK\"", "url": null, "method": null, "process_time": null, "taskName": "Task-1918"}
{"asctime": "2026-03-03 12:53:46,237", "levelname": "INFO", "message": "HTTP Request: GET http://localhost:8001/api/v1/users/auth/me \"HTTP/1.1 200 OK\"", "url": null, "method": null, "process_time": null, "taskName": "starlette.middleware.base.BaseHTTPMiddleware.__call__.<locals>.call_next.<locals>.coro"}
{"asctime": "2026-03-03 12:53:46,239", "levelname": "INFO", "message": "", "url": "/api/v1/users/auth/me", "method": "GET", "process_time": 0.581348180770874, "taskName": "starlette.middleware.base.BaseHTTPMiddleware.__call__.<locals>.call_next.<locals>.coro"}
{"asctime": "2026-03-03 12:53:47,265", "levelname": "INFO", "message": "HTTP Request: GET http://localhost:8001/api/v1/users/auth/me \"HTTP/1.1 200 OK\"", "url": null, "method": null, "process_time": null, "taskName": "Task-1931"}
{"asctime": "2026-03-03 12:53:47,860", "levelname": "INFO", "message": "HTTP Request: GET http://localhost:8001/api/v1/users/auth/me \"HTTP/1.1 200 OK\"", "url": null, "method": null, "process_time": null, "taskName": "starlette.middleware.base.BaseHTTPMiddleware.__call__.<locals>.call_next.<locals>.coro"}
{"asctime": "2026-03-03 12:53:47,862", "levelname": "INFO", "message": "", "url": "/api/v1/users/auth/me", "method": "GET", "process_time": 0.5940272808074951, "taskName": "starlette.middleware.base.BaseHTTPMiddleware.__call__.<locals>.call_next.<locals>.coro"}
{"asctime": "2026-03-03 12:53:48,420", "levelname": "INFO", "message": "HTTP Request: GET http://localhost:8001/api/v1/users/auth/me \"HTTP/1.1 200 OK\"", "url": null, "method": null, "process_time": null, "taskName": "Task-1944"}
{"asctime": "2026-03-03 12:53:48,966", "levelname": "INFO", "message": "HTTP Request: GET http://localhost:8001/api/v1/users/auth/me \"HTTP/1.1 200 OK\"", "url": null, "method": null, "process_time": null, "taskName": "starlette.middleware.base.BaseHTTPMiddleware.__call__.<locals>.call_next.<locals>.coro"}
{"asctime": "2026-03-03 12:53:48,971", "levelname": "INFO", "message": "", "url": "/api/v1/users/auth/me", "method": "GET", "process_time": 0.5466642379760742, "taskName": "starlette.middleware.base.BaseHTTPMiddleware.__call__.<locals>.call_next.<locals>.coro"}
{"asctime": "2026-03-03 12:53:57,642", "levelname": "INFO", "message": "HTTP Request: GET http://localhost:8001/api/v1/users/auth/me \"HTTP/1.1 200 OK\"", "url": null, "method": null, "process_time": null, "taskName": "Task-1958"}
{"asctime": "2026-03-03 12:53:58,225", "levelname": "INFO", "message": "HTTP Request: GET http://localhost:8001/api/v1/users/auth/me \"HTTP/1.1 200 OK\"", "url": null, "method": null, "process_time": null, "taskName": "starlette.middleware.base.BaseHTTPMiddleware.__call__.<locals>.call_next.<locals>.coro"}
{"asctime": "2026-03-03 12:53:58,229", "levelname": "INFO", "message": "", "url": "/api/v1/users/auth/me", "method": "GET", "process_time": 0.5856072902679443, "taskName": "starlette.middleware.base.BaseHTTPMiddleware.__call__.<locals>.call_next.<locals>.coro"}
{"asctime": "2026-03-03 12:53:58,883", "levelname": "INFO", "message": "HTTP Request: GET http://localhost:8001/api/v1/users/auth/me \"HTTP/1.1 200 OK\"", "url": null, "method": null, "process_time": null, "taskName": "Task-1972"}
{"asctime": "2026-03-03 12:53:59,601", "levelname": "INFO", "message": "HTTP Request: GET http://localhost:8001/api/v1/users/auth/me \"HTTP/1.1 200 OK\"", "url": null, "method": null, "process_time": null, "taskName": "starlette.middleware.base.BaseHTTPMiddleware.__call__.<locals>.call_next.<locals>.coro"}
{"asctime": "2026-03-03 12:53:59,602", "levelname": "INFO", "message": "", "url": "/api/v1/users/auth/me", "method": "GET", "process_time": 0.7179577350616455, "taskName": "starlette.middleware.base.BaseHTTPMiddleware.__call__.<locals>.call_next.<locals>.coro"}
{"asctime": "2026-03-03 12:54:00,430", "levelname": "INFO", "message": "HTTP Request: GET http://localhost:8001/api/v1/users/auth/me \"HTTP/1.1 200 OK\"", "url": null, "method": null, "process_time": null, "taskName": "Task-1985"}
{"asctime": "2026-03-03 12:54:01,020", "levelname": "INFO", "message": "HTTP Request: GET http://localhost:8001/api/v1/users/auth/me \"HTTP/1.1 200 OK\"", "url": null, "method": null, "process_time": null, "taskName": "starlette.middleware.base.BaseHTTPMiddleware.__call__.<locals>.call_next.<locals>.coro"}
{"asctime": "2026-03-03 12:54:01,021", "levelname": "INFO", "message": "", "url": "/api/v1/users/auth/me", "method": "GET", "process_time": 0.5891447067260742, "taskName": "starlette.middleware.base.BaseHTTPMiddleware.__call__.<locals>.call_next.<locals>.coro"}
{"asctime": "2026-03-03 12:54:01,585", "levelname": "INFO", "message": "HTTP Request: GET http://localhost:8001/api/v1/users/auth/me \"HTTP/1.1 200 OK\"", "url": null, "method": null, "process_time": null, "taskName": "Task-1998"}
{"asctime": "2026-03-03 12:54:02,145", "levelname": "INFO", "message": "HTTP Request: GET http://localhost:8001/api/v1/users/auth/me \"HTTP/1.1 200 OK\"", "url": null, "method": null, "process_time": null, "taskName": "starlette.middleware.base.BaseHTTPMiddleware.__call__.<locals>.call_next.<locals>.coro"}
{"asctime": "2026-03-03 12:54:02,147", "levelname": "INFO", "message": "", "url": "/api/v1/users/auth/me", "method": "GET", "process_time": 0.560138463973999, "taskName": "starlette.middleware.base.BaseHTTPMiddleware.__call__.<locals>.call_next.<locals>.coro"}
{"asctime": "2026-03-03 12:54:03,338", "levelname": "INFO", "message": "HTTP Request: GET http://localhost:8001/api/v1/users/auth/me \"HTTP/1.1 200 OK\"", "url": null, "method": null, "process_time": null, "taskName": "Task-2011"}
{"asctime": "2026-03-03 12:54:03,987", "levelname": "INFO", "message": "HTTP Request: GET http://localhost:8001/api/v1/users/auth/me \"HTTP/1.1 200 OK\"", "url": null, "method": null, "process_time": null, "taskName": "starlette.middleware.base.BaseHTTPMiddleware.__call__.<locals>.call_next.<locals>.coro"}
{"asctime": "2026-03-03 12:54:03,988", "levelname": "INFO", "message": "", "url": "/api/v1/users/auth/me", "method": "GET", "process_time": 0.6487107276916504, "taskName": "starlette.middleware.base.BaseHTTPMiddleware.__call__.<locals>.call_next.<locals>.coro"}
{"asctime": "2026-03-03 12:54:04,717", "levelname": "INFO", "message": "HTTP Request: GET http://localhost:8001/api/v1/users/auth/me \"HTTP/1.1 200 OK\"", "url": null, "method": null, "process_time": null, "taskName": "Task-2024"}
{"asctime": "2026-03-03 12:54:05,968", "levelname": "INFO", "message": "HTTP Request: GET http://localhost:8001/api/v1/users/auth/me \"HTTP/1.1 200 OK\"", "url": null, "method": null, "process_time": null, "taskName": "starlette.middleware.base.BaseHTTPMiddleware.__call__.<locals>.call_next.<locals>.coro"}
{"asctime": "2026-03-03 12:54:05,969", "levelname": "INFO", "message": "", "url": "/api/v1/users/auth/me", "method": "GET", "process_time": 1.2462677955627441, "taskName": "starlette.middleware.base.BaseHTTPMiddleware.__call__.<locals>.call_next.<locals>.coro"}
{"asctime": "2026-03-03 12:54:07,366", "levelname": "INFO", "message": "HTTP Request: GET http://localhost:8001/api/v1/users/auth/me \"HTTP/1.1 200 OK\"", "url": null, "method": null, "process_time": null, "taskName": "Task-2038"}
{"asctime": "2026-03-03 12:54:08,542", "levelname": "INFO", "message": "HTTP Request: GET http://localhost:8001/api/v1/users/auth/me \"HTTP/1.1 200 OK\"", "url": null, "method": null, "process_time": null, "taskName": "starlette.middleware.base.BaseHTTPMiddleware.__call__.<locals>.call_next.<locals>.coro"}
{"asctime": "2026-03-03 12:54:08,544", "levelname": "INFO", "message": "", "url": "/api/v1/users/auth/me", "method": "GET", "process_time": 1.1737534999847412, "taskName": "starlette.middleware.base.BaseHTTPMiddleware.__call__.<locals>.call_next.<locals>.coro"}
{"asctime": "2026-03-03 12:54:09,916", "levelname": "INFO", "message": "HTTP Request: GET http://localhost:8001/api/v1/users/auth/me \"HTTP/1.1 200 OK\"", "url": null, "method": null, "process_time": null, "taskName": "Task-2052"}
{"asctime": "2026-03-03 12:54:11,424", "levelname": "INFO", "message": "HTTP Request: GET http://localhost:8001/api/v1/users/auth/me \"HTTP/1.1 200 OK\"", "url": null, "method": null, "process_time": null, "taskName": "starlette.middleware.base.BaseHTTPMiddleware.__call__.<locals>.call_next.<locals>.coro"}
{"asctime": "2026-03-03 12:54:11,427", "levelname": "INFO", "message": "", "url": "/api/v1/users/auth/me", "method": "GET", "process_time": 1.5074505805969238, "taskName": "starlette.middleware.base.BaseHTTPMiddleware.__call__.<locals>.call_next.<locals>.coro"}
{"asctime": "2026-03-03 12:54:21,333", "levelname": "INFO", "message": "HTTP Request: GET http://localhost:8001/api/v1/users/auth/me \"HTTP/1.1 200 OK\"", "url": null, "method": null, "process_time": null, "taskName": "Task-2065"}
{"asctime": "2026-03-03 12:54:22,914", "levelname": "INFO", "message": "HTTP Request: POST http://localhost:8002/api/v1/payment_intake_matching/documents/upload \"HTTP/1.1 422 Unprocessable Entity\"", "url": null, "method": null, "process_time": null, "taskName": "starlette.middleware.base.BaseHTTPMiddleware.__call__.<locals>.call_next.<locals>.coro"}
{"asctime": "2026-03-03 12:54:22,917", "levelname": "INFO", "message": "", "url": "/api/v1/payment_intake_matching/documents/upload", "method": "POST", "process_time": 1.5797293186187744, "taskName": "starlette.middleware.base.BaseHTTPMiddleware.__call__.<locals>.call_next.<locals>.coro"}
{"asctime": "2026-03-03 12:54:41,481", "levelname": "INFO", "message": "HTTP Request: GET http://localhost:8001/api/v1/users/auth/me \"HTTP/1.1 200 OK\"", "url": null, "method": null, "process_time": null, "taskName": "Task-2079"}
{"asctime": "2026-03-03 12:54:42,292", "levelname": "INFO", "message": "HTTP Request: GET http://localhost:8001/api/v1/users/auth/me \"HTTP/1.1 200 OK\"", "url": null, "method": null, "process_time": null, "taskName": "starlette.middleware.base.BaseHTTPMiddleware.__call__.<locals>.call_next.<locals>.coro"}
{"asctime": "2026-03-03 12:54:42,294", "levelname": "INFO", "message": "", "url": "/api/v1/users/auth/me", "method": "GET", "process_time": 0.8075973987579346, "taskName": "starlette.middleware.base.BaseHTTPMiddleware.__call__.<locals>.call_next.<locals>.coro"}
{"asctime": "2026-03-03 12:54:42,973", "levelname": "INFO", "message": "HTTP Request: GET http://localhost:8001/api/v1/users/auth/me \"HTTP/1.1 200 OK\"", "url": null, "method": null, "process_time": null, "taskName": "Task-2093"}
{"asctime": "2026-03-03 12:54:43,636", "levelname": "INFO", "message": "HTTP Request: GET http://localhost:8001/api/v1/users/auth/me \"HTTP/1.1 200 OK\"", "url": null, "method": null, "process_time": null, "taskName": "starlette.middleware.base.BaseHTTPMiddleware.__call__.<locals>.call_next.<locals>.coro"}
{"asctime": "2026-03-03 12:54:43,637", "levelname": "INFO", "message": "", "url": "/api/v1/users/auth/me", "method": "GET", "process_time": 0.6590418815612793, "taskName": "starlette.middleware.base.BaseHTTPMiddleware.__call__.<locals>.call_next.<locals>.coro"}
{"asctime": "2026-03-03 12:54:47,427", "levelname": "INFO", "message": "HTTP Request: GET http://localhost:8001/api/v1/users/auth/me \"HTTP/1.1 200 OK\"", "url": null, "method": null, "process_time": null, "taskName": "Task-2106"}
{"asctime": "2026-03-03 12:54:48,092", "levelname": "INFO", "message": "HTTP Request: GET http://localhost:8001/api/v1/users/auth/me \"HTTP/1.1 200 OK\"", "url": null, "method": null, "process_time": null, "taskName": "starlette.middleware.base.BaseHTTPMiddleware.__call__.<locals>.call_next.<locals>.coro"}
{"asctime": "2026-03-03 12:54:48,095", "levelname": "INFO", "message": "", "url": "/api/v1/users/auth/me", "method": "GET", "process_time": 0.6644210815429688, "taskName": "starlette.middleware.base.BaseHTTPMiddleware.__call__.<locals>.call_next.<locals>.coro"}
{"asctime": "2026-03-03 12:54:48,685", "levelname": "INFO", "message": "HTTP Request: GET http://localhost:8001/api/v1/users/auth/me \"HTTP/1.1 200 OK\"", "url": null, "method": null, "process_time": null, "taskName": "Task-2119"}
{"asctime": "2026-03-03 12:54:49,298", "levelname": "INFO", "message": "HTTP Request: GET http://localhost:8001/api/v1/users/auth/me \"HTTP/1.1 200 OK\"", "url": null, "method": null, "process_time": null, "taskName": "starlette.middleware.base.BaseHTTPMiddleware.__call__.<locals>.call_next.<locals>.coro"}
{"asctime": "2026-03-03 12:54:49,302", "levelname": "INFO", "message": "", "url": "/api/v1/users/auth/me", "method": "GET", "process_time": 0.6122322082519531, "taskName": "starlette.middleware.base.BaseHTTPMiddleware.__call__.<locals>.call_next.<locals>.coro"}
{"asctime": "2026-03-03 12:55:34,516", "levelname": "INFO", "message": "HTTP Request: GET http://localhost:8001/api/v1/users/auth/me \"HTTP/1.1 200 OK\"", "url": null, "method": null, "process_time": null, "taskName": "Task-2132"}
{"asctime": "2026-03-03 12:55:35,159", "levelname": "INFO", "message": "HTTP Request: GET http://localhost:8001/api/v1/users/auth/me \"HTTP/1.1 200 OK\"", "url": null, "method": null, "process_time": null, "taskName": "starlette.middleware.base.BaseHTTPMiddleware.__call__.<locals>.call_next.<locals>.coro"}
{"asctime": "2026-03-03 12:55:35,161", "levelname": "INFO", "message": "", "url": "/api/v1/users/auth/me", "method": "GET", "process_time": 0.6433703899383545, "taskName": "starlette.middleware.base.BaseHTTPMiddleware.__call__.<locals>.call_next.<locals>.coro"}
{"asctime": "2026-03-03 12:55:35,924", "levelname": "INFO", "message": "HTTP Request: GET http://localhost:8001/api/v1/users/auth/me \"HTTP/1.1 200 OK\"", "url": null, "method": null, "process_time": null, "taskName": "Task-2145"}
{"asctime": "2026-03-03 12:55:36,835", "levelname": "INFO", "message": "HTTP Request: GET http://localhost:8001/api/v1/users/auth/me \"HTTP/1.1 200 OK\"", "url": null, "method": null, "process_time": null, "taskName": "Task-2155"}
{"asctime": "2026-03-03 12:55:37,393", "levelname": "INFO", "message": "HTTP Request: GET http://localhost:8001/api/v1/users/auth/me \"HTTP/1.1 200 OK\"", "url": null, "method": null, "process_time": null, "taskName": "starlette.middleware.base.BaseHTTPMiddleware.__call__.<locals>.call_next.<locals>.coro"}
{"asctime": "2026-03-03 12:55:37,395", "levelname": "INFO", "message": "", "url": "/api/v1/users/auth/me", "method": "GET", "process_time": 0.5581858158111572, "taskName": "starlette.middleware.base.BaseHTTPMiddleware.__call__.<locals>.call_next.<locals>.coro"}
{"asctime": "2026-03-03 12:55:37,974", "levelname": "INFO", "message": "HTTP Request: GET http://localhost:8001/api/v1/users/auth/me \"HTTP/1.1 200 OK\"", "url": null, "method": null, "process_time": null, "taskName": "Task-2169"}
{"asctime": "2026-03-03 12:55:38,544", "levelname": "INFO", "message": "HTTP Request: GET http://localhost:8001/api/v1/users/auth/me \"HTTP/1.1 200 OK\"", "url": null, "method": null, "process_time": null, "taskName": "starlette.middleware.base.BaseHTTPMiddleware.__call__.<locals>.call_next.<locals>.coro"}
{"asctime": "2026-03-03 12:55:38,547", "levelname": "INFO", "message": "", "url": "/api/v1/users/auth/me", "method": "GET", "process_time": 0.5732276439666748, "taskName": "starlette.middleware.base.BaseHTTPMiddleware.__call__.<locals>.call_next.<locals>.coro"}
{"asctime": "2026-03-03 12:55:41,929", "levelname": "INFO", "message": "HTTP Request: GET http://localhost:8001/api/v1/users/auth/me \"HTTP/1.1 200 OK\"", "url": null, "method": null, "process_time": null, "taskName": "Task-2182"}
{"asctime": "2026-03-03 12:55:43,226", "levelname": "INFO", "message": "HTTP Request: GET http://localhost:8001/api/v1/users/auth/me \"HTTP/1.1 200 OK\"", "url": null, "method": null, "process_time": null, "taskName": "starlette.middleware.base.BaseHTTPMiddleware.__call__.<locals>.call_next.<locals>.coro"}
{"asctime": "2026-03-03 12:55:43,230", "levelname": "INFO", "message": "", "url": "/api/v1/users/auth/me", "method": "GET", "process_time": 1.2987699508666992, "taskName": "starlette.middleware.base.BaseHTTPMiddleware.__call__.<locals>.call_next.<locals>.coro"}
{"asctime": "2026-03-03 12:55:44,636", "levelname": "INFO", "message": "HTTP Request: GET http://localhost:8001/api/v1/users/auth/me \"HTTP/1.1 200 OK\"", "url": null, "method": null, "process_time": null, "taskName": "Task-2195"}
{"asctime": "2026-03-03 12:55:46,101", "levelname": "INFO", "message": "HTTP Request: GET http://localhost:8001/api/v1/users/auth/me \"HTTP/1.1 200 OK\"", "url": null, "method": null, "process_time": null, "taskName": "starlette.middleware.base.BaseHTTPMiddleware.__call__.<locals>.call_next.<locals>.coro"}
{"asctime": "2026-03-03 12:55:46,102", "levelname": "INFO", "message": "", "url": "/api/v1/users/auth/me", "method": "GET", "process_time": 1.4604597091674805, "taskName": "starlette.middleware.base.BaseHTTPMiddleware.__call__.<locals>.call_next.<locals>.coro"}
{"asctime": "2026-03-03 12:55:56,675", "levelname": "INFO", "message": "HTTP Request: GET http://localhost:8001/api/v1/users/auth/me \"HTTP/1.1 200 OK\"", "url": null, "method": null, "process_time": null, "taskName": "Task-2208"}
{"asctime": "2026-03-03 12:55:58,137", "levelname": "INFO", "message": "HTTP Request: POST http://localhost:8002/api/v1/payment_intake_matching/documents/upload \"HTTP/1.1 422 Unprocessable Entity\"", "url": null, "method": null, "process_time": null, "taskName": "starlette.middleware.base.BaseHTTPMiddleware.__call__.<locals>.call_next.<locals>.coro"}
{"asctime": "2026-03-03 12:55:58,140", "levelname": "INFO", "message": "", "url": "/api/v1/payment_intake_matching/documents/upload", "method": "POST", "process_time": 1.4535913467407227, "taskName": "starlette.middleware.base.BaseHTTPMiddleware.__call__.<locals>.call_next.<locals>.coro"}
{"asctime": "2026-03-03 12:56:32,652", "levelname": "INFO", "message": "HTTP Request: GET http://localhost:8001/api/v1/users/auth/me \"HTTP/1.1 200 OK\"", "url": null, "method": null, "process_time": null, "taskName": "Task-2222"}
{"asctime": "2026-03-03 12:56:33,532", "levelname": "INFO", "message": "HTTP Request: GET http://localhost:8001/api/v1/users/auth/me \"HTTP/1.1 200 OK\"", "url": null, "method": null, "process_time": null, "taskName": "starlette.middleware.base.BaseHTTPMiddleware.__call__.<locals>.call_next.<locals>.coro"}
{"asctime": "2026-03-03 12:56:33,534", "levelname": "INFO", "message": "", "url": "/api/v1/users/auth/me", "method": "GET", "process_time": 0.8752355575561523, "taskName": "starlette.middleware.base.BaseHTTPMiddleware.__call__.<locals>.call_next.<locals>.coro"}
{"asctime": "2026-03-03 12:56:34,760", "levelname": "INFO", "message": "HTTP Request: GET http://localhost:8001/api/v1/users/auth/me \"HTTP/1.1 200 OK\"", "url": null, "method": null, "process_time": null, "taskName": "Task-2236"}
{"asctime": "2026-03-03 12:56:35,771", "levelname": "INFO", "message": "HTTP Request: GET http://localhost:8001/api/v1/users/auth/me \"HTTP/1.1 200 OK\"", "url": null, "method": null, "process_time": null, "taskName": "starlette.middleware.base.BaseHTTPMiddleware.__call__.<locals>.call_next.<locals>.coro"}
{"asctime": "2026-03-03 12:56:35,772", "levelname": "INFO", "message": "", "url": "/api/v1/users/auth/me", "method": "GET", "process_time": 1.0101947784423828, "taskName": "starlette.middleware.base.BaseHTTPMiddleware.__call__.<locals>.call_next.<locals>.coro"}
{"asctime": "2026-03-03 12:56:37,214", "levelname": "INFO", "message": "HTTP Request: GET http://localhost:8001/api/v1/users/auth/me \"HTTP/1.1 200 OK\"", "url": null, "method": null, "process_time": null, "taskName": "Task-2249"}
{"asctime": "2026-03-03 12:56:39,761", "levelname": "INFO", "message": "HTTP Request: GET http://localhost:8001/api/v1/users/auth/me \"HTTP/1.1 200 OK\"", "url": null, "method": null, "process_time": null, "taskName": "starlette.middleware.base.BaseHTTPMiddleware.__call__.<locals>.call_next.<locals>.coro"}
{"asctime": "2026-03-03 12:56:39,772", "levelname": "INFO", "message": "", "url": "/api/v1/users/auth/me", "method": "GET", "process_time": 2.546351671218872, "taskName": "starlette.middleware.base.BaseHTTPMiddleware.__call__.<locals>.call_next.<locals>.coro"}
{"asctime": "2026-03-03 12:56:41,110", "levelname": "INFO", "message": "HTTP Request: GET http://localhost:8001/api/v1/users/auth/me \"HTTP/1.1 200 OK\"", "url": null, "method": null, "process_time": null, "taskName": "Task-2263"}
{"asctime": "2026-03-03 12:56:42,350", "levelname": "INFO", "message": "HTTP Request: GET http://localhost:8001/api/v1/users/auth/me \"HTTP/1.1 200 OK\"", "url": null, "method": null, "process_time": null, "taskName": "starlette.middleware.base.BaseHTTPMiddleware.__call__.<locals>.call_next.<locals>.coro"}
{"asctime": "2026-03-03 12:56:42,352", "levelname": "INFO", "message": "", "url": "/api/v1/users/auth/me", "method": "GET", "process_time": 1.2311172485351562, "taskName": "starlette.middleware.base.BaseHTTPMiddleware.__call__.<locals>.call_next.<locals>.coro"}
{"asctime": "2026-03-03 12:56:43,652", "levelname": "INFO", "message": "HTTP Request: GET http://localhost:8001/api/v1/users/auth/me \"HTTP/1.1 200 OK\"", "url": null, "method": null, "process_time": null, "taskName": "Task-2277"}
{"asctime": "2026-03-03 12:56:44,888", "levelname": "INFO", "message": "HTTP Request: GET http://localhost:8001/api/v1/users/auth/me \"HTTP/1.1 200 OK\"", "url": null, "method": null, "process_time": null, "taskName": "starlette.middleware.base.BaseHTTPMiddleware.__call__.<locals>.call_next.<locals>.coro"}
{"asctime": "2026-03-03 12:56:44,889", "levelname": "INFO", "message": "", "url": "/api/v1/users/auth/me", "method": "GET", "process_time": 1.2318909168243408, "taskName": "starlette.middleware.base.BaseHTTPMiddleware.__call__.<locals>.call_next.<locals>.coro"}
{"asctime": "2026-03-03 12:56:55,857", "levelname": "INFO", "message": "HTTP Request: GET http://localhost:8001/api/v1/users/auth/me \"HTTP/1.1 200 OK\"", "url": null, "method": null, "process_time": null, "taskName": "Task-2290"}
{"asctime": "2026-03-03 12:56:57,330", "levelname": "INFO", "message": "HTTP Request: POST http://localhost:8002/api/v1/payment_intake_matching/documents/upload \"HTTP/1.1 422 Unprocessable Entity\"", "url": null, "method": null, "process_time": null, "taskName": "starlette.middleware.base.BaseHTTPMiddleware.__call__.<locals>.call_next.<locals>.coro"}
{"asctime": "2026-03-03 12:56:57,334", "levelname": "INFO", "message": "", "url": "/api/v1/payment_intake_matching/documents/upload", "method": "POST", "process_time": 1.4682443141937256, "taskName": "starlette.middleware.base.BaseHTTPMiddleware.__call__.<locals>.call_next.<locals>.coro"}
{"asctime": "2026-03-03 13:00:56,876", "levelname": "INFO", "message": "HTTP Request: GET http://localhost:8001/api/v1/users/auth/me \"HTTP/1.1 200 OK\"", "url": null, "method": null, "process_time": null, "taskName": "Task-2304"}
{"asctime": "2026-03-03 13:00:58,490", "levelname": "INFO", "message": "HTTP Request: GET http://localhost:8001/api/v1/users/auth/me \"HTTP/1.1 200 OK\"", "url": null, "method": null, "process_time": null, "taskName": "starlette.middleware.base.BaseHTTPMiddleware.__call__.<locals>.call_next.<locals>.coro"}
{"asctime": "2026-03-03 13:00:58,495", "levelname": "INFO", "message": "", "url": "/api/v1/users/auth/me", "method": "GET", "process_time": 1.599363088607788, "taskName": "starlette.middleware.base.BaseHTTPMiddleware.__call__.<locals>.call_next.<locals>.coro"}
{"asctime": "2026-03-03 13:01:06,472", "levelname": "INFO", "message": "HTTP Request: GET http://localhost:8001/api/v1/users/auth/me \"HTTP/1.1 200 OK\"", "url": null, "method": null, "process_time": null, "taskName": "Task-2325"}
{"asctime": "2026-03-03 13:01:06,491", "levelname": "INFO", "message": "HTTP Request: GET http://localhost:8001/api/v1/users/auth/me \"HTTP/1.1 200 OK\"", "url": null, "method": null, "process_time": null, "taskName": "Task-2326"}
{"asctime": "2026-03-03 13:01:07,940", "levelname": "INFO", "message": "HTTP Request: GET http://localhost:8001/api/v1/users/auth/me \"HTTP/1.1 200 OK\"", "url": null, "method": null, "process_time": null, "taskName": "Task-2324"}
{"asctime": "2026-03-03 13:01:10,837", "levelname": "INFO", "message": "HTTP Request: GET http://localhost:8002/api/v1/payment_intake_matching/matching/dashboard/unmatched-invoices \"HTTP/1.1 200 OK\"", "url": null, "method": null, "process_time": null, "taskName": "starlette.middleware.base.BaseHTTPMiddleware.__call__.<locals>.call_next.<locals>.coro"}
{"asctime": "2026-03-03 13:01:10,846", "levelname": "INFO", "message": "HTTP Request: GET http://localhost:8002/api/v1/payment_intake_matching/matching/dashboard/recent \"HTTP/1.1 200 OK\"", "url": null, "method": null, "process_time": null, "taskName": "starlette.middleware.base.BaseHTTPMiddleware.__call__.<locals>.call_next.<locals>.coro"}
{"asctime": "2026-03-03 13:01:10,856", "levelname": "INFO", "message": "", "url": "/api/v1/payment_intake_matching/matching/dashboard/unmatched-invoices", "method": "GET", "process_time": 2.9166483879089355, "taskName": "starlette.middleware.base.BaseHTTPMiddleware.__call__.<locals>.call_next.<locals>.coro"}
{"asctime": "2026-03-03 13:01:10,863", "levelname": "INFO", "message": "HTTP Request: GET http://localhost:8002/api/v1/payment_intake_matching/matching/dashboard/unmatched-payments \"HTTP/1.1 200 OK\"", "url": null, "method": null, "process_time": null, "taskName": "starlette.middleware.base.BaseHTTPMiddleware.__call__.<locals>.call_next.<locals>.coro"}
{"asctime": "2026-03-03 13:01:10,874", "levelname": "INFO", "message": "", "url": "/api/v1/payment_intake_matching/matching/dashboard/recent", "method": "GET", "process_time": 1.8310272693634033, "taskName": "starlette.middleware.base.BaseHTTPMiddleware.__call__.<locals>.call_next.<locals>.coro"}
{"asctime": "2026-03-03 13:01:10,879", "levelname": "INFO", "message": "", "url": "/api/v1/payment_intake_matching/matching/dashboard/unmatched-payments", "method": "GET", "process_time": 4.392602920532227, "taskName": "starlette.middleware.base.BaseHTTPMiddleware.__call__.<locals>.call_next.<locals>.coro"}
{"asctime": "2026-03-03 13:01:16,792", "levelname": "INFO", "message": "HTTP Request: GET http://localhost:8001/api/v1/users/auth/me \"HTTP/1.1 200 OK\"", "url": null, "method": null, "process_time": null, "taskName": "Task-2367"}
{"asctime": "2026-03-03 13:01:18,245", "levelname": "INFO", "message": "HTTP Request: GET http://localhost:8001/api/v1/users/auth/me \"HTTP/1.1 200 OK\"", "url": null, "method": null, "process_time": null, "taskName": "Task-2368"}
{"asctime": "2026-03-03 13:01:18,268", "levelname": "INFO", "message": "HTTP Request: GET http://localhost:8001/api/v1/users/auth/me \"HTTP/1.1 200 OK\"", "url": null, "method": null, "process_time": null, "taskName": "Task-2371"}
{"asctime": "2026-03-03 13:01:21,084", "levelname": "INFO", "message": "HTTP Request: GET http://localhost:8002/api/v1/payment_intake_matching/matching/dashboard/unmatched-invoices \"HTTP/1.1 200 OK\"", "url": null, "method": null, "process_time": null, "taskName": "starlette.middleware.base.BaseHTTPMiddleware.__call__.<locals>.call_next.<locals>.coro"}
{"asctime": "2026-03-03 13:01:21,091", "levelname": "INFO", "message": "", "url": "/api/v1/payment_intake_matching/matching/dashboard/unmatched-invoices", "method": "GET", "process_time": 4.286779880523682, "taskName": "starlette.middleware.base.BaseHTTPMiddleware.__call__.<locals>.call_next.<locals>.coro"}
{"asctime": "2026-03-03 13:01:21,341", "levelname": "INFO", "message": "HTTP Request: GET http://localhost:8002/api/v1/payment_intake_matching/matching/dashboard/recent \"HTTP/1.1 200 OK\"", "url": null, "method": null, "process_time": null, "taskName": "starlette.middleware.base.BaseHTTPMiddleware.__call__.<locals>.call_next.<locals>.coro"}
{"asctime": "2026-03-03 13:01:21,346", "levelname": "INFO", "message": "HTTP Request: GET http://localhost:8002/api/v1/payment_intake_matching/matching/dashboard/unmatched-payments \"HTTP/1.1 200 OK\"", "url": null, "method": null, "process_time": null, "taskName": "starlette.middleware.base.BaseHTTPMiddleware.__call__.<locals>.call_next.<locals>.coro"}
{"asctime": "2026-03-03 13:01:21,353", "levelname": "INFO", "message": "", "url": "/api/v1/payment_intake_matching/matching/dashboard/recent", "method": "GET", "process_time": 3.0882081985473633, "taskName": "starlette.middleware.base.BaseHTTPMiddleware.__call__.<locals>.call_next.<locals>.coro"}
{"asctime": "2026-03-03 13:01:21,363", "levelname": "INFO", "message": "", "url": "/api/v1/payment_intake_matching/matching/dashboard/unmatched-payments", "method": "GET", "process_time": 1.6873760223388672, "taskName": "starlette.middleware.base.BaseHTTPMiddleware.__call__.<locals>.call_next.<locals>.coro"}
{"asctime": "2026-03-03 13:01:21,745", "levelname": "INFO", "message": "HTTP Request: POST http://localhost:8001/api/v1/users/login \"HTTP/1.1 200 OK\"", "url": null, "method": null, "process_time": null, "taskName": "starlette.middleware.base.BaseHTTPMiddleware.__call__.<locals>.call_next.<locals>.coro"}
{"asctime": "2026-03-03 13:01:21,746", "levelname": "INFO", "message": "", "url": "/api/v1/users/login", "method": "POST", "process_time": 6.520610570907593, "taskName": "starlette.middleware.base.BaseHTTPMiddleware.__call__.<locals>.call_next.<locals>.coro"}
{"asctime": "2026-03-03 13:01:27,862", "levelname": "INFO", "message": "HTTP Request: GET http://localhost:8001/api/v1/users/auth/me \"HTTP/1.1 200 OK\"", "url": null, "method": null, "process_time": null, "taskName": "Task-2423"}
{"asctime": "2026-03-03 13:01:27,871", "levelname": "INFO", "message": "HTTP Request: GET http://localhost:8001/api/v1/users/auth/me \"HTTP/1.1 200 OK\"", "url": null, "method": null, "process_time": null, "taskName": "Task-2422"}
{"asctime": "2026-03-03 13:01:28,727", "levelname": "INFO", "message": "HTTP Request: GET http://localhost:8001/api/v1/users/auth/me \"HTTP/1.1 200 OK\"", "url": null, "method": null, "process_time": null, "taskName": "Task-2421"}
{"asctime": "2026-03-03 13:01:30,479", "levelname": "INFO", "message": "HTTP Request: GET http://localhost:8001/api/v1/users/auth/me \"HTTP/1.1 200 OK\"", "url": null, "method": null, "process_time": null, "taskName": "Task-2428"}
{"asctime": "2026-03-03 13:01:31,652", "levelname": "INFO", "message": "HTTP Request: GET http://localhost:8002/api/v1/payment_intake_matching/matching/dashboard/unmatched-payments \"HTTP/1.1 200 OK\"", "url": null, "method": null, "process_time": null, "taskName": "starlette.middleware.base.BaseHTTPMiddleware.__call__.<locals>.call_next.<locals>.coro"}
{"asctime": "2026-03-03 13:01:31,655", "levelname": "INFO", "message": "", "url": "/api/v1/payment_intake_matching/matching/dashboard/unmatched-payments", "method": "GET", "process_time": 3.785496234893799, "taskName": "starlette.middleware.base.BaseHTTPMiddleware.__call__.<locals>.call_next.<locals>.coro"}
{"asctime": "2026-03-03 13:01:32,822", "levelname": "INFO", "message": "HTTP Request: GET http://localhost:8002/api/v1/payment_intake_matching/matching/dashboard/recent \"HTTP/1.1 200 OK\"", "url": null, "method": null, "process_time": null, "taskName": "starlette.middleware.base.BaseHTTPMiddleware.__call__.<locals>.call_next.<locals>.coro"}
{"asctime": "2026-03-03 13:01:32,825", "levelname": "INFO", "message": "HTTP Request: GET http://localhost:8002/api/v1/payment_intake_matching/matching/dashboard/unmatched-invoices \"HTTP/1.1 200 OK\"", "url": null, "method": null, "process_time": null, "taskName": "starlette.middleware.base.BaseHTTPMiddleware.__call__.<locals>.call_next.<locals>.coro"}
{"asctime": "2026-03-03 13:01:32,835", "levelname": "INFO", "message": "", "url": "/api/v1/payment_intake_matching/matching/dashboard/recent", "method": "GET", "process_time": 3.307624578475952, "taskName": "starlette.middleware.base.BaseHTTPMiddleware.__call__.<locals>.call_next.<locals>.coro"}
{"asctime": "2026-03-03 13:01:32,836", "levelname": "INFO", "message": "", "url": "/api/v1/payment_intake_matching/matching/dashboard/unmatched-invoices", "method": "GET", "process_time": 4.109904766082764, "taskName": "starlette.middleware.base.BaseHTTPMiddleware.__call__.<locals>.call_next.<locals>.coro"}
{"asctime": "2026-03-03 13:01:34,992", "levelname": "INFO", "message": "HTTP Request: GET http://localhost:8002/api/v1/payment_intake_matching/matching/dashboard/summary \"HTTP/1.1 200 OK\"", "url": null, "method": null, "process_time": null, "taskName": "starlette.middleware.base.BaseHTTPMiddleware.__call__.<locals>.call_next.<locals>.coro"}
{"asctime": "2026-03-03 13:01:34,999", "levelname": "INFO", "message": "", "url": "/api/v1/payment_intake_matching/matching/dashboard/summary", "method": "GET", "process_time": 4.51647686958313, "taskName": "starlette.middleware.base.BaseHTTPMiddleware.__call__.<locals>.call_next.<locals>.coro"}
{"asctime": "2026-03-03 13:01:35,023", "levelname": "INFO", "message": "HTTP Request: GET http://localhost:8001/api/v1/users/auth/me \"HTTP/1.1 200 OK\"", "url": null, "method": null, "process_time": null, "taskName": "Task-2473"}
{"asctime": "2026-03-03 13:01:36,238", "levelname": "INFO", "message": "HTTP Request: GET http://localhost:8001/api/v1/users/auth/me \"HTTP/1.1 200 OK\"", "url": null, "method": null, "process_time": null, "taskName": "Task-2477"}
{"asctime": "2026-03-03 13:01:37,330", "levelname": "INFO", "message": "HTTP Request: GET http://localhost:8001/api/v1/users/auth/me \"HTTP/1.1 200 OK\"", "url": null, "method": null, "process_time": null, "taskName": "Task-2476"}
{"asctime": "2026-03-03 13:01:38,460", "levelname": "INFO", "message": "HTTP Request: GET http://localhost:8002/api/v1/payment_intake_matching/matching/dashboard/unmatched-payments \"HTTP/1.1 200 OK\"", "url": null, "method": null, "process_time": null, "taskName": "starlette.middleware.base.BaseHTTPMiddleware.__call__.<locals>.call_next.<locals>.coro"}
{"asctime": "2026-03-03 13:01:38,462", "levelname": "INFO", "message": "", "url": "/api/v1/payment_intake_matching/matching/dashboard/unmatched-payments", "method": "GET", "process_time": 3.433232545852661, "taskName": "starlette.middleware.base.BaseHTTPMiddleware.__call__.<locals>.call_next.<locals>.coro"}
{"asctime": "2026-03-03 13:01:38,741", "levelname": "INFO", "message": "HTTP Request: GET http://localhost:8002/api/v1/payment_intake_matching/matching/dashboard/unmatched-invoices \"HTTP/1.1 200 OK\"", "url": null, "method": null, "process_time": null, "taskName": "starlette.middleware.base.BaseHTTPMiddleware.__call__.<locals>.call_next.<locals>.coro"}
{"asctime": "2026-03-03 13:01:38,745", "levelname": "INFO", "message": "HTTP Request: GET http://localhost:8002/api/v1/payment_intake_matching/matching/dashboard/recent \"HTTP/1.1 200 OK\"", "url": null, "method": null, "process_time": null, "taskName": "starlette.middleware.base.BaseHTTPMiddleware.__call__.<locals>.call_next.<locals>.coro"}
{"asctime": "2026-03-03 13:01:38,749", "levelname": "INFO", "message": "", "url": "/api/v1/payment_intake_matching/matching/dashboard/unmatched-invoices", "method": "GET", "process_time": 2.5075864791870117, "taskName": "starlette.middleware.base.BaseHTTPMiddleware.__call__.<locals>.call_next.<locals>.coro"}
{"asctime": "2026-03-03 13:01:38,753", "levelname": "INFO", "message": "", "url": "/api/v1/payment_intake_matching/matching/dashboard/recent", "method": "GET", "process_time": 1.415609359741211, "taskName": "starlette.middleware.base.BaseHTTPMiddleware.__call__.<locals>.call_next.<locals>.coro"}
{"asctime": "2026-03-03 13:02:50,336", "levelname": "INFO", "message": "HTTP Request: GET http://localhost:8001/api/v1/users/auth/me \"HTTP/1.1 200 OK\"", "url": null, "method": null, "process_time": null, "taskName": "Task-2515"}
{"asctime": "2026-03-03 13:02:51,574", "levelname": "INFO", "message": "HTTP Request: GET http://localhost:8001/api/v1/users/auth/me \"HTTP/1.1 200 OK\"", "url": null, "method": null, "process_time": null, "taskName": "starlette.middleware.base.BaseHTTPMiddleware.__call__.<locals>.call_next.<locals>.coro"}
{"asctime": "2026-03-03 13:02:51,580", "levelname": "INFO", "message": "", "url": "/api/v1/users/auth/me", "method": "GET", "process_time": 1.2426862716674805, "taskName": "starlette.middleware.base.BaseHTTPMiddleware.__call__.<locals>.call_next.<locals>.coro"}
{"asctime": "2026-03-03 13:02:56,259", "levelname": "INFO", "message": "HTTP Request: GET http://localhost:8001/api/v1/users/auth/me \"HTTP/1.1 200 OK\"", "url": null, "method": null, "process_time": null, "taskName": "Task-2535"}
{"asctime": "2026-03-03 13:02:56,261", "levelname": "INFO", "message": "HTTP Request: GET http://localhost:8001/api/v1/users/auth/me \"HTTP/1.1 200 OK\"", "url": null, "method": null, "process_time": null, "taskName": "Task-2536"}
{"asctime": "2026-03-03 13:02:57,666", "levelname": "INFO", "message": "HTTP Request: GET http://localhost:8001/api/v1/users/auth/me \"HTTP/1.1 200 OK\"", "url": null, "method": null, "process_time": null, "taskName": "Task-2533"}
{"asctime": "2026-03-03 13:02:57,668", "levelname": "INFO", "message": "HTTP Request: GET http://localhost:8001/api/v1/users/auth/me \"HTTP/1.1 200 OK\"", "url": null, "method": null, "process_time": null, "taskName": "Task-2537"}
{"asctime": "2026-03-03 13:02:59,480", "levelname": "INFO", "message": "HTTP Request: GET http://localhost:8002/api/v1/payment_intake_matching/matching/dashboard/recent \"HTTP/1.1 200 OK\"", "url": null, "method": null, "process_time": null, "taskName": "starlette.middleware.base.BaseHTTPMiddleware.__call__.<locals>.call_next.<locals>.coro"}
{"asctime": "2026-03-03 13:02:59,483", "levelname": "INFO", "message": "HTTP Request: GET http://localhost:8002/api/v1/payment_intake_matching/matching/dashboard/unmatched-invoices \"HTTP/1.1 200 OK\"", "url": null, "method": null, "process_time": null, "taskName": "starlette.middleware.base.BaseHTTPMiddleware.__call__.<locals>.call_next.<locals>.coro"}
{"asctime": "2026-03-03 13:02:59,489", "levelname": "INFO", "message": "HTTP Request: GET http://localhost:8002/api/v1/payment_intake_matching/matching/dashboard/summary \"HTTP/1.1 200 OK\"", "url": null, "method": null, "process_time": null, "taskName": "starlette.middleware.base.BaseHTTPMiddleware.__call__.<locals>.call_next.<locals>.coro"}
{"asctime": "2026-03-03 13:02:59,491", "levelname": "INFO", "message": "", "url": "/api/v1/payment_intake_matching/matching/dashboard/recent", "method": "GET", "process_time": 2.504852533340454, "taskName": "starlette.middleware.base.BaseHTTPMiddleware.__call__.<locals>.call_next.<locals>.coro"}
{"asctime": "2026-03-03 13:02:59,493", "levelname": "INFO", "message": "HTTP Request: GET http://localhost:8002/api/v1/payment_intake_matching/matching/dashboard/unmatched-payments \"HTTP/1.1 200 OK\"", "url": null, "method": null, "process_time": null, "taskName": "starlette.middleware.base.BaseHTTPMiddleware.__call__.<locals>.call_next.<locals>.coro"}
{"asctime": "2026-03-03 13:02:59,495", "levelname": "INFO", "message": "", "url": "/api/v1/payment_intake_matching/matching/dashboard/unmatched-invoices", "method": "GET", "process_time": 3.2337002754211426, "taskName": "starlette.middleware.base.BaseHTTPMiddleware.__call__.<locals>.call_next.<locals>.coro"}
{"asctime": "2026-03-03 13:02:59,500", "levelname": "INFO", "message": "", "url": "/api/v1/payment_intake_matching/matching/dashboard/summary", "method": "GET", "process_time": 1.829118251800537, "taskName": "starlette.middleware.base.BaseHTTPMiddleware.__call__.<locals>.call_next.<locals>.coro"}
{"asctime": "2026-03-03 13:02:59,507", "levelname": "INFO", "message": "", "url": "/api/v1/payment_intake_matching/matching/dashboard/unmatched-payments", "method": "GET", "process_time": 1.8347923755645752, "taskName": "starlette.middleware.base.BaseHTTPMiddleware.__call__.<locals>.call_next.<locals>.coro"}
{"asctime": "2026-03-03 13:03:03,243", "levelname": "INFO", "message": "HTTP Request: GET http://localhost:8001/api/v1/users/auth/me \"HTTP/1.1 200 OK\"", "url": null, "method": null, "process_time": null, "taskName": "Task-2586"}
{"asctime": "2026-03-03 13:03:04,301", "levelname": "INFO", "message": "HTTP Request: GET http://localhost:8001/api/v1/users/auth/me \"HTTP/1.1 200 OK\"", "url": null, "method": null, "process_time": null, "taskName": "Task-2587"}
{"asctime": "2026-03-03 13:03:05,331", "levelname": "INFO", "message": "HTTP Request: GET http://localhost:8001/api/v1/users/auth/me \"HTTP/1.1 200 OK\"", "url": null, "method": null, "process_time": null, "taskName": "Task-2589"}
{"asctime": "2026-03-03 13:03:05,338", "levelname": "INFO", "message": "HTTP Request: GET http://localhost:8001/api/v1/users/auth/me \"HTTP/1.1 200 OK\"", "url": null, "method": null, "process_time": null, "taskName": "Task-2593"}
{"asctime": "2026-03-03 13:03:07,035", "levelname": "INFO", "message": "HTTP Request: GET http://localhost:8002/api/v1/payment_intake_matching/matching/dashboard/unmatched-invoices \"HTTP/1.1 200 OK\"", "url": null, "method": null, "process_time": null, "taskName": "starlette.middleware.base.BaseHTTPMiddleware.__call__.<locals>.call_next.<locals>.coro"}
{"asctime": "2026-03-03 13:03:07,037", "levelname": "INFO", "message": "", "url": "/api/v1/payment_intake_matching/matching/dashboard/unmatched-invoices", "method": "GET", "process_time": 2.732783555984497, "taskName": "starlette.middleware.base.BaseHTTPMiddleware.__call__.<locals>.call_next.<locals>.coro"}
{"asctime": "2026-03-03 13:03:07,040", "levelname": "INFO", "message": "HTTP Request: GET http://localhost:8002/api/v1/payment_intake_matching/matching/dashboard/recent \"HTTP/1.1 200 OK\"", "url": null, "method": null, "process_time": null, "taskName": "starlette.middleware.base.BaseHTTPMiddleware.__call__.<locals>.call_next.<locals>.coro"}
{"asctime": "2026-03-03 13:03:07,043", "levelname": "INFO", "message": "", "url": "/api/v1/payment_intake_matching/matching/dashboard/recent", "method": "GET", "process_time": 3.790712594985962, "taskName": "starlette.middleware.base.BaseHTTPMiddleware.__call__.<locals>.call_next.<locals>.coro"}
{"asctime": "2026-03-03 13:03:07,314", "levelname": "INFO", "message": "HTTP Request: GET http://localhost:8002/api/v1/payment_intake_matching/matching/dashboard/summary \"HTTP/1.1 200 OK\"", "url": null, "method": null, "process_time": null, "taskName": "starlette.middleware.base.BaseHTTPMiddleware.__call__.<locals>.call_next.<locals>.coro"}
{"asctime": "2026-03-03 13:03:07,322", "levelname": "INFO", "message": "", "url": "/api/v1/payment_intake_matching/matching/dashboard/summary", "method": "GET", "process_time": 1.982191801071167, "taskName": "starlette.middleware.base.BaseHTTPMiddleware.__call__.<locals>.call_next.<locals>.coro"}
{"asctime": "2026-03-03 13:03:07,389", "levelname": "INFO", "message": "HTTP Request: GET http://localhost:8002/api/v1/payment_intake_matching/matching/dashboard/unmatched-payments \"HTTP/1.1 200 OK\"", "url": null, "method": null, "process_time": null, "taskName": "starlette.middleware.base.BaseHTTPMiddleware.__call__.<locals>.call_next.<locals>.coro"}
{"asctime": "2026-03-03 13:03:07,395", "levelname": "INFO", "message": "", "url": "/api/v1/payment_intake_matching/matching/dashboard/unmatched-payments", "method": "GET", "process_time": 1.3031914234161377, "taskName": "starlette.middleware.base.BaseHTTPMiddleware.__call__.<locals>.call_next.<locals>.coro"}
{"asctime": "2026-03-03 13:03:35,062", "levelname": "INFO", "message": "HTTP Request: POST http://localhost:8001/api/v1/users/login \"HTTP/1.1 200 OK\"", "url": null, "method": null, "process_time": null, "taskName": "starlette.middleware.base.BaseHTTPMiddleware.__call__.<locals>.call_next.<locals>.coro"}
{"asctime": "2026-03-03 13:03:35,070", "levelname": "INFO", "message": "", "url": "/api/v1/users/login", "method": "POST", "process_time": 2.0622718334198, "taskName": "starlette.middleware.base.BaseHTTPMiddleware.__call__.<locals>.call_next.<locals>.coro"}
{"asctime": "2026-03-03 13:03:41,046", "levelname": "INFO", "message": "HTTP Request: GET http://localhost:8001/api/v1/users/auth/me \"HTTP/1.1 200 OK\"", "url": null, "method": null, "process_time": null, "taskName": "Task-2655"}
{"asctime": "2026-03-03 13:03:42,186", "levelname": "INFO", "message": "HTTP Request: GET http://localhost:8001/api/v1/users/auth/me \"HTTP/1.1 200 OK\"", "url": null, "method": null, "process_time": null, "taskName": "Task-2659"}
{"asctime": "2026-03-03 13:03:42,189", "levelname": "INFO", "message": "HTTP Request: GET http://localhost:8001/api/v1/users/auth/me \"HTTP/1.1 200 OK\"", "url": null, "method": null, "process_time": null, "taskName": "Task-2660"}
{"asctime": "2026-03-03 13:03:45,125", "levelname": "INFO", "message": "HTTP Request: GET http://localhost:8002/api/v1/payment_intake_matching/matching/dashboard/unmatched-invoices \"HTTP/1.1 200 OK\"", "url": null, "method": null, "process_time": null, "taskName": "starlette.middleware.base.BaseHTTPMiddleware.__call__.<locals>.call_next.<locals>.coro"}
{"asctime": "2026-03-03 13:03:45,136", "levelname": "INFO", "message": "", "url": "/api/v1/payment_intake_matching/matching/dashboard/unmatched-invoices", "method": "GET", "process_time": 2.940981864929199, "taskName": "starlette.middleware.base.BaseHTTPMiddleware.__call__.<locals>.call_next.<locals>.coro"}
{"asctime": "2026-03-03 13:03:45,150", "levelname": "INFO", "message": "HTTP Request: GET http://localhost:8002/api/v1/payment_intake_matching/matching/dashboard/unmatched-payments \"HTTP/1.1 200 OK\"", "url": null, "method": null, "process_time": null, "taskName": "starlette.middleware.base.BaseHTTPMiddleware.__call__.<locals>.call_next.<locals>.coro"}
{"asctime": "2026-03-03 13:03:46,385", "levelname": "INFO", "message": "HTTP Request: GET http://localhost:8002/api/v1/payment_intake_matching/matching/dashboard/recent \"HTTP/1.1 200 OK\"", "url": null, "method": null, "process_time": null, "taskName": "starlette.middleware.base.BaseHTTPMiddleware.__call__.<locals>.call_next.<locals>.coro"}
{"asctime": "2026-03-03 13:03:46,389", "levelname": "INFO", "message": "", "url": "/api/v1/payment_intake_matching/matching/dashboard/unmatched-payments", "method": "GET", "process_time": 4.1942548751831055, "taskName": "starlette.middleware.base.BaseHTTPMiddleware.__call__.<locals>.call_next.<locals>.coro"}
{"asctime": "2026-03-03 13:03:46,392", "levelname": "INFO", "message": "", "url": "/api/v1/payment_intake_matching/matching/dashboard/recent", "method": "GET", "process_time": 5.339547157287598, "taskName": "starlette.middleware.base.BaseHTTPMiddleware.__call__.<locals>.call_next.<locals>.coro"}
{"asctime": "2026-03-03 13:03:48,793", "levelname": "INFO", "message": "HTTP Request: GET http://localhost:8001/api/v1/users/auth/me \"HTTP/1.1 200 OK\"", "url": null, "method": null, "process_time": null, "taskName": "Task-2700"}
{"asctime": "2026-03-03 13:03:50,074", "levelname": "INFO", "message": "HTTP Request: GET http://localhost:8001/api/v1/users/auth/me \"HTTP/1.1 200 OK\"", "url": null, "method": null, "process_time": null, "taskName": "Task-2702"}
{"asctime": "2026-03-03 13:03:51,385", "levelname": "INFO", "message": "HTTP Request: GET http://localhost:8001/api/v1/users/auth/me \"HTTP/1.1 200 OK\"", "url": null, "method": null, "process_time": null, "taskName": "Task-2703"}
{"asctime": "2026-03-03 13:03:52,609", "levelname": "INFO", "message": "HTTP Request: GET http://localhost:8002/api/v1/payment_intake_matching/matching/dashboard/unmatched-invoices \"HTTP/1.1 200 OK\"", "url": null, "method": null, "process_time": null, "taskName": "starlette.middleware.base.BaseHTTPMiddleware.__call__.<locals>.call_next.<locals>.coro"}
{"asctime": "2026-03-03 13:03:52,611", "levelname": "INFO", "message": "", "url": "/api/v1/payment_intake_matching/matching/dashboard/unmatched-invoices", "method": "GET", "process_time": 3.816300392150879, "taskName": "starlette.middleware.base.BaseHTTPMiddleware.__call__.<locals>.call_next.<locals>.coro"}
{"asctime": "2026-03-03 13:03:52,874", "levelname": "INFO", "message": "HTTP Request: GET http://localhost:8002/api/v1/payment_intake_matching/matching/dashboard/unmatched-payments \"HTTP/1.1 200 OK\"", "url": null, "method": null, "process_time": null, "taskName": "starlette.middleware.base.BaseHTTPMiddleware.__call__.<locals>.call_next.<locals>.coro"}
{"asctime": "2026-03-03 13:03:52,877", "levelname": "INFO", "message": "", "url": "/api/v1/payment_intake_matching/matching/dashboard/unmatched-payments", "method": "GET", "process_time": 2.7767257690429688, "taskName": "starlette.middleware.base.BaseHTTPMiddleware.__call__.<locals>.call_next.<locals>.coro"}
{"asctime": "2026-03-03 13:03:52,887", "levelname": "INFO", "message": "HTTP Request: GET http://localhost:8002/api/v1/payment_intake_matching/matching/dashboard/recent \"HTTP/1.1 200 OK\"", "url": null, "method": null, "process_time": null, "taskName": "starlette.middleware.base.BaseHTTPMiddleware.__call__.<locals>.call_next.<locals>.coro"}
{"asctime": "2026-03-03 13:03:52,901", "levelname": "INFO", "message": "", "url": "/api/v1/payment_intake_matching/matching/dashboard/recent", "method": "GET", "process_time": 1.5103535652160645, "taskName": "starlette.middleware.base.BaseHTTPMiddleware.__call__.<locals>.call_next.<locals>.coro"}
{"asctime": "2026-03-03 13:05:11,055", "levelname": "INFO", "message": "HTTP Request: GET http://localhost:8001/api/v1/users/auth/me \"HTTP/1.1 200 OK\"", "url": null, "method": null, "process_time": null, "taskName": "Task-2740"}
{"asctime": "2026-03-03 13:05:12,165", "levelname": "INFO", "message": "HTTP Request: GET http://localhost:8001/api/v1/users/auth/me \"HTTP/1.1 200 OK\"", "url": null, "method": null, "process_time": null, "taskName": "starlette.middleware.base.BaseHTTPMiddleware.__call__.<locals>.call_next.<locals>.coro"}
{"asctime": "2026-03-03 13:05:12,167", "levelname": "INFO", "message": "", "url": "/api/v1/users/auth/me", "method": "GET", "process_time": 1.1108510494232178, "taskName": "starlette.middleware.base.BaseHTTPMiddleware.__call__.<locals>.call_next.<locals>.coro"}
{"asctime": "2026-03-03 13:05:13,335", "levelname": "INFO", "message": "HTTP Request: GET http://localhost:8001/api/v1/users/auth/me \"HTTP/1.1 200 OK\"", "url": null, "method": null, "process_time": null, "taskName": "Task-2754"}
{"asctime": "2026-03-03 13:45:02,415", "levelname": "INFO", "message": "HTTP Request: GET http://localhost:8001/api/v1/users/auth/me \"HTTP/1.1 200 OK\"", "url": null, "method": null, "process_time": null, "taskName": "starlette.middleware.base.BaseHTTPMiddleware.__call__.<locals>.call_next.<locals>.coro"}
{"asctime": "2026-03-03 13:45:02,444", "levelname": "INFO", "message": "", "url": "/api/v1/users/auth/me", "method": "GET", "process_time": 2389.1052479743958, "taskName": "starlette.middleware.base.BaseHTTPMiddleware.__call__.<locals>.call_next.<locals>.coro"}
{"asctime": "2026-03-03 13:45:22,239", "levelname": "INFO", "message": "HTTP Request: GET http://localhost:8001/api/v1/users/auth/me \"HTTP/1.1 200 OK\"", "url": null, "method": null, "process_time": null, "taskName": "Task-2768"}
{"asctime": "2026-03-03 13:45:23,701", "levelname": "INFO", "message": "HTTP Request: GET http://localhost:8001/api/v1/users/auth/me \"HTTP/1.1 200 OK\"", "url": null, "method": null, "process_time": null, "taskName": "starlette.middleware.base.BaseHTTPMiddleware.__call__.<locals>.call_next.<locals>.coro"}
{"asctime": "2026-03-03 13:45:23,707", "levelname": "INFO", "message": "", "url": "/api/v1/users/auth/me", "method": "GET", "process_time": 1.4564728736877441, "taskName": "starlette.middleware.base.BaseHTTPMiddleware.__call__.<locals>.call_next.<locals>.coro"}
{"asctime": "2026-03-03 13:45:33,219", "levelname": "INFO", "message": "HTTP Request: GET http://localhost:8001/api/v1/users/auth/me \"HTTP/1.1 200 OK\"", "url": null, "method": null, "process_time": null, "taskName": "Task-2789"}
{"asctime": "2026-03-03 13:45:34,823", "levelname": "INFO", "message": "HTTP Request: GET http://localhost:8001/api/v1/users/auth/me \"HTTP/1.1 200 OK\"", "url": null, "method": null, "process_time": null, "taskName": "Task-2790"}
{"asctime": "2026-03-03 13:45:34,825", "levelname": "INFO", "message": "HTTP Request: GET http://localhost:8001/api/v1/users/auth/me \"HTTP/1.1 200 OK\"", "url": null, "method": null, "process_time": null, "taskName": "Task-2788"}
{"asctime": "2026-03-03 13:45:38,237", "levelname": "INFO", "message": "HTTP Request: GET http://localhost:8002/api/v1/payment_intake_matching/matching/dashboard/unmatched-invoices \"HTTP/1.1 200 OK\"", "url": null, "method": null, "process_time": null, "taskName": "starlette.middleware.base.BaseHTTPMiddleware.__call__.<locals>.call_next.<locals>.coro"}
{"asctime": "2026-03-03 13:45:38,240", "levelname": "INFO", "message": "HTTP Request: GET http://localhost:8002/api/v1/payment_intake_matching/matching/dashboard/recent \"HTTP/1.1 200 OK\"", "url": null, "method": null, "process_time": null, "taskName": "starlette.middleware.base.BaseHTTPMiddleware.__call__.<locals>.call_next.<locals>.coro"}
{"asctime": "2026-03-03 13:45:38,242", "levelname": "INFO", "message": "", "url": "/api/v1/payment_intake_matching/matching/dashboard/unmatched-invoices", "method": "GET", "process_time": 5.0208611488342285, "taskName": "starlette.middleware.base.BaseHTTPMiddleware.__call__.<locals>.call_next.<locals>.coro"}
{"asctime": "2026-03-03 13:45:38,245", "levelname": "INFO", "message": "HTTP Request: GET http://localhost:8002/api/v1/payment_intake_matching/matching/dashboard/unmatched-payments \"HTTP/1.1 200 OK\"", "url": null, "method": null, "process_time": null, "taskName": "starlette.middleware.base.BaseHTTPMiddleware.__call__.<locals>.call_next.<locals>.coro"}
{"asctime": "2026-03-03 13:45:38,247", "levelname": "INFO", "message": "", "url": "/api/v1/payment_intake_matching/matching/dashboard/recent", "method": "GET", "process_time": 3.416679859161377, "taskName": "starlette.middleware.base.BaseHTTPMiddleware.__call__.<locals>.call_next.<locals>.coro"}
{"asctime": "2026-03-03 13:45:38,250", "levelname": "INFO", "message": "", "url": "/api/v1/payment_intake_matching/matching/dashboard/unmatched-payments", "method": "GET", "process_time": 3.420407295227051, "taskName": "starlette.middleware.base.BaseHTTPMiddleware.__call__.<locals>.call_next.<locals>.coro"}
{"asctime": "2026-03-03 13:45:41,288", "levelname": "INFO", "message": "HTTP Request: GET http://localhost:8001/api/v1/users/auth/me \"HTTP/1.1 200 OK\"", "url": null, "method": null, "process_time": null, "taskName": "Task-2831"}
{"asctime": "2026-03-03 13:45:41,875", "levelname": "INFO", "message": "HTTP Request: GET http://localhost:8001/api/v1/users/auth/me \"HTTP/1.1 200 OK\"", "url": null, "method": null, "process_time": null, "taskName": "Task-2833"}
{"asctime": "2026-03-03 13:45:41,876", "levelname": "INFO", "message": "HTTP Request: GET http://localhost:8001/api/v1/users/auth/me \"HTTP/1.1 200 OK\"", "url": null, "method": null, "process_time": null, "taskName": "Task-2832"}
{"asctime": "2026-03-03 13:45:43,278", "levelname": "INFO", "message": "HTTP Request: GET http://localhost:8002/api/v1/payment_intake_matching/matching/dashboard/unmatched-invoices \"HTTP/1.1 200 OK\"", "url": null, "method": null, "process_time": null, "taskName": "starlette.middleware.base.BaseHTTPMiddleware.__call__.<locals>.call_next.<locals>.coro"}
{"asctime": "2026-03-03 13:45:43,280", "levelname": "INFO", "message": "HTTP Request: GET http://localhost:8002/api/v1/payment_intake_matching/matching/dashboard/unmatched-payments \"HTTP/1.1 200 OK\"", "url": null, "method": null, "process_time": null, "taskName": "starlette.middleware.base.BaseHTTPMiddleware.__call__.<locals>.call_next.<locals>.coro"}
{"asctime": "2026-03-03 13:45:43,281", "levelname": "INFO", "message": "HTTP Request: GET http://localhost:8002/api/v1/payment_intake_matching/matching/dashboard/recent \"HTTP/1.1 200 OK\"", "url": null, "method": null, "process_time": null, "taskName": "starlette.middleware.base.BaseHTTPMiddleware.__call__.<locals>.call_next.<locals>.coro"}
{"asctime": "2026-03-03 13:45:43,284", "levelname": "INFO", "message": "", "url": "/api/v1/payment_intake_matching/matching/dashboard/unmatched-invoices", "method": "GET", "process_time": 1.9944062232971191, "taskName": "starlette.middleware.base.BaseHTTPMiddleware.__call__.<locals>.call_next.<locals>.coro"}
{"asctime": "2026-03-03 13:45:43,285", "levelname": "INFO", "message": "", "url": "/api/v1/payment_intake_matching/matching/dashboard/unmatched-payments", "method": "GET", "process_time": 1.4080984592437744, "taskName": "starlette.middleware.base.BaseHTTPMiddleware.__call__.<locals>.call_next.<locals>.coro"}
{"asctime": "2026-03-03 13:45:43,286", "levelname": "INFO", "message": "", "url": "/api/v1/payment_intake_matching/matching/dashboard/recent", "method": "GET", "process_time": 1.4090802669525146, "taskName": "starlette.middleware.base.BaseHTTPMiddleware.__call__.<locals>.call_next.<locals>.coro"}
{"asctime": "2026-03-03 13:45:59,133", "levelname": "INFO", "message": "HTTP Request: POST http://localhost:8001/api/v1/users/login \"HTTP/1.1 200 OK\"", "url": null, "method": null, "process_time": null, "taskName": "starlette.middleware.base.BaseHTTPMiddleware.__call__.<locals>.call_next.<locals>.coro"}
{"asctime": "2026-03-03 13:45:59,152", "levelname": "INFO", "message": "", "url": "/api/v1/users/login", "method": "POST", "process_time": 3.3665404319763184, "taskName": "starlette.middleware.base.BaseHTTPMiddleware.__call__.<locals>.call_next.<locals>.coro"}
{"asctime": "2026-03-03 13:46:09,957", "levelname": "INFO", "message": "HTTP Request: GET http://localhost:8001/api/v1/users/auth/me \"HTTP/1.1 200 OK\"", "url": null, "method": null, "process_time": null, "taskName": "Task-2892"}
{"asctime": "2026-03-03 13:46:09,962", "levelname": "INFO", "message": "HTTP Request: GET http://localhost:8001/api/v1/users/auth/me \"HTTP/1.1 200 OK\"", "url": null, "method": null, "process_time": null, "taskName": "Task-2893"}
{"asctime": "2026-03-03 13:46:11,902", "levelname": "INFO", "message": "HTTP Request: GET http://localhost:8001/api/v1/users/auth/me \"HTTP/1.1 200 OK\"", "url": null, "method": null, "process_time": null, "taskName": "Task-2896"}
{"asctime": "2026-03-03 13:46:11,906", "levelname": "INFO", "message": "HTTP Request: GET http://localhost:8001/api/v1/users/auth/me \"HTTP/1.1 200 OK\"", "url": null, "method": null, "process_time": null, "taskName": "Task-2897"}
{"asctime": "2026-03-03 13:46:15,261", "levelname": "INFO", "message": "HTTP Request: GET http://localhost:8002/api/v1/payment_intake_matching/matching/dashboard/unmatched-invoices \"HTTP/1.1 200 OK\"", "url": null, "method": null, "process_time": null, "taskName": "starlette.middleware.base.BaseHTTPMiddleware.__call__.<locals>.call_next.<locals>.coro"}
{"asctime": "2026-03-03 13:46:15,267", "levelname": "INFO", "message": "", "url": "/api/v1/payment_intake_matching/matching/dashboard/unmatched-invoices", "method": "GET", "process_time": 4.505472660064697, "taskName": "starlette.middleware.base.BaseHTTPMiddleware.__call__.<locals>.call_next.<locals>.coro"}
{"asctime": "2026-03-03 13:46:15,282", "levelname": "INFO", "message": "HTTP Request: GET http://localhost:8002/api/v1/payment_intake_matching/matching/dashboard/unmatched-payments \"HTTP/1.1 200 OK\"", "url": null, "method": null, "process_time": null, "taskName": "starlette.middleware.base.BaseHTTPMiddleware.__call__.<locals>.call_next.<locals>.coro"}
{"asctime": "2026-03-03 13:46:16,588", "levelname": "INFO", "message": "", "url": "/api/v1/payment_intake_matching/matching/dashboard/unmatched-payments", "method": "GET", "process_time": 6.627462387084961, "taskName": "starlette.middleware.base.BaseHTTPMiddleware.__call__.<locals>.call_next.<locals>.coro"}
{"asctime": "2026-03-03 13:46:18,011", "levelname": "INFO", "message": "HTTP Request: GET http://localhost:8001/api/v1/users/auth/me \"HTTP/1.1 200 OK\"", "url": null, "method": null, "process_time": null, "taskName": "Task-2942"}
{"asctime": "2026-03-03 13:46:19,378", "levelname": "INFO", "message": "HTTP Request: GET http://localhost:8002/api/v1/payment_intake_matching/matching/dashboard/recent \"HTTP/1.1 200 OK\"", "url": null, "method": null, "process_time": null, "taskName": "starlette.middleware.base.BaseHTTPMiddleware.__call__.<locals>.call_next.<locals>.coro"}
{"asctime": "2026-03-03 13:46:19,379", "levelname": "INFO", "message": "HTTP Request: GET http://localhost:8002/api/v1/payment_intake_matching/matching/dashboard/summary \"HTTP/1.1 200 OK\"", "url": null, "method": null, "process_time": null, "taskName": "starlette.middleware.base.BaseHTTPMiddleware.__call__.<locals>.call_next.<locals>.coro"}
{"asctime": "2026-03-03 13:46:19,383", "levelname": "INFO", "message": "", "url": "/api/v1/payment_intake_matching/matching/dashboard/recent", "method": "GET", "process_time": 6.100644588470459, "taskName": "starlette.middleware.base.BaseHTTPMiddleware.__call__.<locals>.call_next.<locals>.coro"}
{"asctime": "2026-03-03 13:46:19,384", "levelname": "INFO", "message": "", "url": "/api/v1/payment_intake_matching/matching/dashboard/summary", "method": "GET", "process_time": 7.476338624954224, "taskName": "starlette.middleware.base.BaseHTTPMiddleware.__call__.<locals>.call_next.<locals>.coro"}
{"asctime": "2026-03-03 13:46:19,395", "levelname": "INFO", "message": "HTTP Request: GET http://localhost:8001/api/v1/users/auth/me \"HTTP/1.1 200 OK\"", "url": null, "method": null, "process_time": null, "taskName": "Task-2946"}
{"asctime": "2026-03-03 13:46:20,993", "levelname": "INFO", "message": "HTTP Request: GET http://localhost:8002/api/v1/payment_intake_matching/matching/dashboard/unmatched-invoices \"HTTP/1.1 200 OK\"", "url": null, "method": null, "process_time": null, "taskName": "starlette.middleware.base.BaseHTTPMiddleware.__call__.<locals>.call_next.<locals>.coro"}
{"asctime": "2026-03-03 13:46:20,999", "levelname": "INFO", "message": "", "url": "/api/v1/payment_intake_matching/matching/dashboard/unmatched-invoices", "method": "GET", "process_time": 2.986849784851074, "taskName": "starlette.middleware.base.BaseHTTPMiddleware.__call__.<locals>.call_next.<locals>.coro"}
{"asctime": "2026-03-03 13:46:21,243", "levelname": "INFO", "message": "HTTP Request: GET http://localhost:8002/api/v1/payment_intake_matching/matching/dashboard/unmatched-payments \"HTTP/1.1 200 OK\"", "url": null, "method": null, "process_time": null, "taskName": "starlette.middleware.base.BaseHTTPMiddleware.__call__.<locals>.call_next.<locals>.coro"}
{"asctime": "2026-03-03 13:46:21,245", "levelname": "INFO", "message": "", "url": "/api/v1/payment_intake_matching/matching/dashboard/unmatched-payments", "method": "GET", "process_time": 1.847282886505127, "taskName": "starlette.middleware.base.BaseHTTPMiddleware.__call__.<locals>.call_next.<locals>.coro"}
{"asctime": "2026-03-03 13:46:34,296", "levelname": "INFO", "message": "HTTP Request: GET http://localhost:8001/api/v1/users/auth/me \"HTTP/1.1 200 OK\"", "url": null, "method": null, "process_time": null, "taskName": "Task-2971"}
{"asctime": "2026-03-03 13:46:34,897", "levelname": "INFO", "message": "HTTP Request: GET http://localhost:8001/api/v1/users/auth/me \"HTTP/1.1 200 OK\"", "url": null, "method": null, "process_time": null, "taskName": "Task-2978"}
{"asctime": "2026-03-03 13:46:34,898", "levelname": "INFO", "message": "HTTP Request: GET http://localhost:8001/api/v1/users/auth/me \"HTTP/1.1 200 OK\"", "url": null, "method": null, "process_time": null, "taskName": "Task-2977"}
{"asctime": "2026-03-03 13:46:35,573", "levelname": "INFO", "message": "HTTP Request: GET http://localhost:8001/api/v1/users/auth/me \"HTTP/1.1 200 OK\"", "url": null, "method": null, "process_time": null, "taskName": "Task-2976"}
{"asctime": "2026-03-03 13:46:36,457", "levelname": "INFO", "message": "HTTP Request: GET http://localhost:8002/api/v1/payment_intake_matching/matching/dashboard/summary \"HTTP/1.1 200 OK\"", "url": null, "method": null, "process_time": null, "taskName": "starlette.middleware.base.BaseHTTPMiddleware.__call__.<locals>.call_next.<locals>.coro"}
{"asctime": "2026-03-03 13:46:36,458", "levelname": "INFO", "message": "", "url": "/api/v1/payment_intake_matching/matching/dashboard/summary", "method": "GET", "process_time": 2.1612417697906494, "taskName": "starlette.middleware.base.BaseHTTPMiddleware.__call__.<locals>.call_next.<locals>.coro"}
{"asctime": "2026-03-03 13:46:36,728", "levelname": "INFO", "message": "HTTP Request: GET http://localhost:8002/api/v1/payment_intake_matching/matching/dashboard/unmatched-payments \"HTTP/1.1 200 OK\"", "url": null, "method": null, "process_time": null, "taskName": "starlette.middleware.base.BaseHTTPMiddleware.__call__.<locals>.call_next.<locals>.coro"}
{"asctime": "2026-03-03 13:46:36,731", "levelname": "INFO", "message": "HTTP Request: GET http://localhost:8002/api/v1/payment_intake_matching/matching/dashboard/recent \"HTTP/1.1 200 OK\"", "url": null, "method": null, "process_time": null, "taskName": "starlette.middleware.base.BaseHTTPMiddleware.__call__.<locals>.call_next.<locals>.coro"}
{"asctime": "2026-03-03 13:46:36,733", "levelname": "INFO", "message": "HTTP Request: GET http://localhost:8002/api/v1/payment_intake_matching/matching/dashboard/unmatched-invoices \"HTTP/1.1 200 OK\"", "url": null, "method": null, "process_time": null, "taskName": "starlette.middleware.base.BaseHTTPMiddleware.__call__.<locals>.call_next.<locals>.coro"}
{"asctime": "2026-03-03 13:46:36,735", "levelname": "INFO", "message": "", "url": "/api/v1/payment_intake_matching/matching/dashboard/unmatched-payments", "method": "GET", "process_time": 1.1598761081695557, "taskName": "starlette.middleware.base.BaseHTTPMiddleware.__call__.<locals>.call_next.<locals>.coro"}
{"asctime": "2026-03-03 13:46:36,739", "levelname": "INFO", "message": "", "url": "/api/v1/payment_intake_matching/matching/dashboard/recent", "method": "GET", "process_time": 0.6651957035064697, "taskName": "starlette.middleware.base.BaseHTTPMiddleware.__call__.<locals>.call_next.<locals>.coro"}
{"asctime": "2026-03-03 13:46:36,740", "levelname": "INFO", "message": "", "url": "/api/v1/payment_intake_matching/matching/dashboard/unmatched-invoices", "method": "GET", "process_time": 1.8425135612487793, "taskName": "starlette.middleware.base.BaseHTTPMiddleware.__call__.<locals>.call_next.<locals>.coro"}
{"asctime": "2026-03-03 13:47:10,693", "levelname": "INFO", "message": "HTTP Request: GET http://localhost:8001/api/v1/users/auth/me \"HTTP/1.1 200 OK\"", "url": null, "method": null, "process_time": null, "taskName": "Task-3027"}
{"asctime": "2026-03-03 13:47:11,934", "levelname": "INFO", "message": "HTTP Request: POST http://localhost:8002/api/v1/payment_intake_matching/documents/upload \"HTTP/1.1 422 Unprocessable Entity\"", "url": null, "method": null, "process_time": null, "taskName": "starlette.middleware.base.BaseHTTPMiddleware.__call__.<locals>.call_next.<locals>.coro"}
{"asctime": "2026-03-03 13:47:11,939", "levelname": "INFO", "message": "", "url": "/api/v1/payment_intake_matching/documents/upload", "method": "POST", "process_time": 1.244187593460083, "taskName": "starlette.middleware.base.BaseHTTPMiddleware.__call__.<locals>.call_next.<locals>.coro"}
{"asctime": "2026-03-03 13:52:19,112", "levelname": "INFO", "message": "HTTP Request: GET http://localhost:8001/api/v1/users/auth/me \"HTTP/1.1 200 OK\"", "url": null, "method": null, "process_time": null, "taskName": "Task-3043"}
{"asctime": "2026-03-03 13:52:32,979", "levelname": "INFO", "message": "HTTP Request: GET http://localhost:8001/api/v1/users/auth/me \"HTTP/1.1 200 OK\"", "url": null, "method": null, "process_time": null, "taskName": "Task-3056"}
{"asctime": "2026-03-03 13:52:40,910", "levelname": "INFO", "message": "HTTP Request: GET http://localhost:8001/api/v1/users/auth/me \"HTTP/1.1 200 OK\"", "url": null, "method": null, "process_time": null, "taskName": "Task-3066"}
{"asctime": "2026-03-03 13:52:43,662", "levelname": "INFO", "message": "HTTP Request: GET http://localhost:8001/api/v1/users/auth/me \"HTTP/1.1 200 OK\"", "url": null, "method": null, "process_time": null, "taskName": "starlette.middleware.base.BaseHTTPMiddleware.__call__.<locals>.call_next.<locals>.coro"}
{"asctime": "2026-03-03 13:52:43,679", "levelname": "INFO", "message": "", "url": "/api/v1/users/auth/me", "method": "GET", "process_time": 2.7627453804016113, "taskName": "starlette.middleware.base.BaseHTTPMiddleware.__call__.<locals>.call_next.<locals>.coro"}
{"asctime": "2026-03-03 13:52:53,107", "levelname": "INFO", "message": "HTTP Request: GET http://localhost:8001/api/v1/users/auth/me \"HTTP/1.1 200 OK\"", "url": null, "method": null, "process_time": null, "taskName": "Task-3082"}
{"asctime": "2026-03-03 13:52:57,003", "levelname": "INFO", "message": "HTTP Request: GET http://localhost:8001/api/v1/users/auth/me \"HTTP/1.1 200 OK\"", "url": null, "method": null, "process_time": null, "taskName": "Task-3093"}
{"asctime": "2026-03-03 13:52:57,923", "levelname": "INFO", "message": "HTTP Request: GET http://localhost:8001/api/v1/users/auth/me \"HTTP/1.1 200 OK\"", "url": null, "method": null, "process_time": null, "taskName": "starlette.middleware.base.BaseHTTPMiddleware.__call__.<locals>.call_next.<locals>.coro"}
{"asctime": "2026-03-03 13:52:57,927", "levelname": "INFO", "message": "", "url": "/api/v1/users/auth/me", "method": "GET", "process_time": 4.769503355026245, "taskName": "starlette.middleware.base.BaseHTTPMiddleware.__call__.<locals>.call_next.<locals>.coro"}
{"asctime": "2026-03-03 13:53:21,652", "levelname": "INFO", "message": "HTTP Request: GET http://localhost:8001/api/v1/users/auth/me \"HTTP/1.1 200 OK\"", "url": null, "method": null, "process_time": null, "taskName": "Task-3110"}
{"asctime": "2026-03-03 13:53:23,157", "levelname": "INFO", "message": "HTTP Request: POST http://localhost:8002/api/v1/payment_intake_matching/documents/upload \"HTTP/1.1 422 Unprocessable Entity\"", "url": null, "method": null, "process_time": null, "taskName": "starlette.middleware.base.BaseHTTPMiddleware.__call__.<locals>.call_next.<locals>.coro"}
{"asctime": "2026-03-03 13:53:23,160", "levelname": "INFO", "message": "", "url": "/api/v1/payment_intake_matching/documents/upload", "method": "POST", "process_time": 1.5040936470031738, "taskName": "starlette.middleware.base.BaseHTTPMiddleware.__call__.<locals>.call_next.<locals>.coro"}
{"asctime": "2026-03-03 13:56:06,976", "levelname": "INFO", "message": "HTTP Request: GET http://localhost:8001/api/v1/users/auth/me \"HTTP/1.1 200 OK\"", "url": null, "method": null, "process_time": null, "taskName": "Task-4"}
{"asctime": "2026-03-03 13:56:18,694", "levelname": "INFO", "message": "HTTP Request: GET http://localhost:8001/api/v1/users/auth/me \"HTTP/1.1 200 OK\"", "url": null, "method": null, "process_time": null, "taskName": "Task-18"}
{"asctime": "2026-03-03 13:56:19,883", "levelname": "INFO", "message": "HTTP Request: GET http://localhost:8001/api/v1/users/auth/me \"HTTP/1.1 200 OK\"", "url": null, "method": null, "process_time": null, "taskName": "starlette.middleware.base.BaseHTTPMiddleware.__call__.<locals>.call_next.<locals>.coro"}
{"asctime": "2026-03-03 13:56:19,890", "levelname": "INFO", "message": "", "url": "/api/v1/users/auth/me", "method": "GET", "process_time": 1.1930031776428223, "taskName": "starlette.middleware.base.BaseHTTPMiddleware.__call__.<locals>.call_next.<locals>.coro"}
{"asctime": "2026-03-03 13:56:21,654", "levelname": "INFO", "message": "HTTP Request: GET http://localhost:8001/api/v1/users/auth/me \"HTTP/1.1 200 OK\"", "url": null, "method": null, "process_time": null, "taskName": "Task-31"}
{"asctime": "2026-03-03 13:56:24,664", "levelname": "INFO", "message": "HTTP Request: GET http://localhost:8001/api/v1/users/auth/me \"HTTP/1.1 200 OK\"", "url": null, "method": null, "process_time": null, "taskName": "starlette.middleware.base.BaseHTTPMiddleware.__call__.<locals>.call_next.<locals>.coro"}
{"asctime": "2026-03-03 13:56:24,686", "levelname": "INFO", "message": "", "url": "/api/v1/users/auth/me", "method": "GET", "process_time": 3.028427839279175, "taskName": "starlette.middleware.base.BaseHTTPMiddleware.__call__.<locals>.call_next.<locals>.coro"}
{"asctime": "2026-03-03 13:56:31,244", "levelname": "INFO", "message": "HTTP Request: GET http://localhost:8001/api/v1/users/auth/me \"HTTP/1.1 200 OK\"", "url": null, "method": null, "process_time": null, "taskName": "Task-44"}
{"asctime": "2026-03-03 13:57:18,768", "levelname": "INFO", "message": "HTTP Request: GET http://localhost:8001/api/v1/users/auth/me \"HTTP/1.1 200 OK\"", "url": null, "method": null, "process_time": null, "taskName": "Task-4"}
{"asctime": "2026-03-03 13:57:19,917", "levelname": "INFO", "message": "HTTP Request: GET http://localhost:8001/api/v1/users/auth/me \"HTTP/1.1 200 OK\"", "url": null, "method": null, "process_time": null, "taskName": "starlette.middleware.base.BaseHTTPMiddleware.__call__.<locals>.call_next.<locals>.coro"}
{"asctime": "2026-03-03 13:57:19,919", "levelname": "INFO", "message": "", "url": "/api/v1/users/auth/me", "method": "GET", "process_time": 1.1445441246032715, "taskName": "starlette.middleware.base.BaseHTTPMiddleware.__call__.<locals>.call_next.<locals>.coro"}
{"asctime": "2026-03-03 13:57:21,676", "levelname": "INFO", "message": "HTTP Request: GET http://localhost:8001/api/v1/users/auth/me \"HTTP/1.1 200 OK\"", "url": null, "method": null, "process_time": null, "taskName": "Task-18"}
{"asctime": "2026-03-03 13:57:25,836", "levelname": "INFO", "message": "HTTP Request: GET http://localhost:8001/api/v1/users/auth/me \"HTTP/1.1 200 OK\"", "url": null, "method": null, "process_time": null, "taskName": "starlette.middleware.base.BaseHTTPMiddleware.__call__.<locals>.call_next.<locals>.coro"}
{"asctime": "2026-03-03 13:57:25,840", "levelname": "INFO", "message": "", "url": "/api/v1/users/auth/me", "method": "GET", "process_time": 4.1625261306762695, "taskName": "starlette.middleware.base.BaseHTTPMiddleware.__call__.<locals>.call_next.<locals>.coro"}
{"asctime": "2026-03-03 13:57:32,734", "levelname": "INFO", "message": "HTTP Request: GET http://localhost:8001/api/v1/users/auth/me \"HTTP/1.1 200 OK\"", "url": null, "method": null, "process_time": null, "taskName": "Task-31"}
{"asctime": "2026-03-03 13:59:55,911", "levelname": "INFO", "message": "HTTP Request: GET http://localhost:8001/api/v1/users/auth/me \"HTTP/1.1 200 OK\"", "url": null, "method": null, "process_time": null, "taskName": "Task-4"}
{"asctime": "2026-03-03 13:59:57,098", "levelname": "INFO", "message": "HTTP Request: GET http://localhost:8001/api/v1/users/auth/me \"HTTP/1.1 200 OK\"", "url": null, "method": null, "process_time": null, "taskName": "starlette.middleware.base.BaseHTTPMiddleware.__call__.<locals>.call_next.<locals>.coro"}
{"asctime": "2026-03-03 13:59:57,102", "levelname": "INFO", "message": "", "url": "/api/v1/users/auth/me", "method": "GET", "process_time": 1.186025619506836, "taskName": "starlette.middleware.base.BaseHTTPMiddleware.__call__.<locals>.call_next.<locals>.coro"}
{"asctime": "2026-03-03 13:59:58,337", "levelname": "INFO", "message": "HTTP Request: GET http://localhost:8001/api/v1/users/auth/me \"HTTP/1.1 200 OK\"", "url": null, "method": null, "process_time": null, "taskName": "Task-18"}
{"asctime": "2026-03-03 13:59:59,461", "levelname": "INFO", "message": "HTTP Request: GET http://localhost:8001/api/v1/users/auth/me \"HTTP/1.1 200 OK\"", "url": null, "method": null, "process_time": null, "taskName": "starlette.middleware.base.BaseHTTPMiddleware.__call__.<locals>.call_next.<locals>.coro"}
{"asctime": "2026-03-03 13:59:59,462", "levelname": "INFO", "message": "", "url": "/api/v1/users/auth/me", "method": "GET", "process_time": 1.1192805767059326, "taskName": "starlette.middleware.base.BaseHTTPMiddleware.__call__.<locals>.call_next.<locals>.coro"}
{"asctime": "2026-03-03 14:00:07,174", "levelname": "INFO", "message": "HTTP Request: GET http://localhost:8001/api/v1/users/auth/me \"HTTP/1.1 200 OK\"", "url": null, "method": null, "process_time": null, "taskName": "Task-31"}
{"asctime": "2026-03-03 14:03:53,160", "levelname": "INFO", "message": "HTTP Request: GET http://localhost:8001/api/v1/users/auth/me \"HTTP/1.1 200 OK\"", "url": null, "method": null, "process_time": null, "taskName": "Task-45"}
{"asctime": "2026-03-03 14:30:11,925", "levelname": "INFO", "message": "HTTP Request: GET http://localhost:8001/api/v1/users/auth/me \"HTTP/1.1 200 OK\"", "url": null, "method": null, "process_time": null, "taskName": "Task-4"}
{"asctime": "2026-03-03 14:30:13,103", "levelname": "INFO", "message": "HTTP Request: GET http://localhost:8001/api/v1/users/auth/me \"HTTP/1.1 200 OK\"", "url": null, "method": null, "process_time": null, "taskName": "starlette.middleware.base.BaseHTTPMiddleware.__call__.<locals>.call_next.<locals>.coro"}
{"asctime": "2026-03-03 14:30:13,129", "levelname": "INFO", "message": "", "url": "/api/v1/users/auth/me", "method": "GET", "process_time": 1.1991937160491943, "taskName": "starlette.middleware.base.BaseHTTPMiddleware.__call__.<locals>.call_next.<locals>.coro"}
{"asctime": "2026-03-03 14:30:15,473", "levelname": "INFO", "message": "HTTP Request: GET http://localhost:8001/api/v1/users/auth/me \"HTTP/1.1 200 OK\"", "url": null, "method": null, "process_time": null, "taskName": "Task-18"}
{"asctime": "2026-03-03 14:30:17,793", "levelname": "INFO", "message": "HTTP Request: GET http://localhost:8001/api/v1/users/auth/me \"HTTP/1.1 200 OK\"", "url": null, "method": null, "process_time": null, "taskName": "starlette.middleware.base.BaseHTTPMiddleware.__call__.<locals>.call_next.<locals>.coro"}
{"asctime": "2026-03-03 14:30:17,795", "levelname": "INFO", "message": "", "url": "/api/v1/users/auth/me", "method": "GET", "process_time": 2.3101320266723633, "taskName": "starlette.middleware.base.BaseHTTPMiddleware.__call__.<locals>.call_next.<locals>.coro"}
{"asctime": "2026-03-03 14:30:49,793", "levelname": "INFO", "message": "HTTP Request: GET http://localhost:8001/api/v1/users/auth/me \"HTTP/1.1 200 OK\"", "url": null, "method": null, "process_time": null, "taskName": "Task-31"}
{"asctime": "2026-03-03 14:37:39,227", "levelname": "INFO", "message": "HTTP Request: GET http://localhost:8001/api/v1/users/auth/me \"HTTP/1.1 200 OK\"", "url": null, "method": null, "process_time": null, "taskName": "Task-4"}
{"asctime": "2026-03-03 14:37:41,040", "levelname": "INFO", "message": "HTTP Request: GET http://localhost:8001/api/v1/users/auth/me \"HTTP/1.1 200 OK\"", "url": null, "method": null, "process_time": null, "taskName": "starlette.middleware.base.BaseHTTPMiddleware.__call__.<locals>.call_next.<locals>.coro"}
{"asctime": "2026-03-03 14:37:41,042", "levelname": "INFO", "message": "", "url": "/api/v1/users/auth/me", "method": "GET", "process_time": 1.8085341453552246, "taskName": "starlette.middleware.base.BaseHTTPMiddleware.__call__.<locals>.call_next.<locals>.coro"}
{"asctime": "2026-03-03 14:37:42,632", "levelname": "INFO", "message": "HTTP Request: GET http://localhost:8001/api/v1/users/auth/me \"HTTP/1.1 200 OK\"", "url": null, "method": null, "process_time": null, "taskName": "Task-18"}
{"asctime": "2026-03-03 14:37:44,024", "levelname": "INFO", "message": "HTTP Request: GET http://localhost:8001/api/v1/users/auth/me \"HTTP/1.1 200 OK\"", "url": null, "method": null, "process_time": null, "taskName": "starlette.middleware.base.BaseHTTPMiddleware.__call__.<locals>.call_next.<locals>.coro"}
{"asctime": "2026-03-03 14:37:44,156", "levelname": "INFO", "message": "", "url": "/api/v1/users/auth/me", "method": "GET", "process_time": 1.5228009223937988, "taskName": "starlette.middleware.base.BaseHTTPMiddleware.__call__.<locals>.call_next.<locals>.coro"}
{"asctime": "2026-03-03 14:37:53,404", "levelname": "INFO", "message": "HTTP Request: GET http://localhost:8001/api/v1/users/auth/me \"HTTP/1.1 200 OK\"", "url": null, "method": null, "process_time": null, "taskName": "Task-31"}
{"asctime": "2026-03-03 14:38:30,918", "levelname": "INFO", "message": "HTTP Request: GET http://localhost:8001/api/v1/users/auth/me \"HTTP/1.1 200 OK\"", "url": null, "method": null, "process_time": null, "taskName": "Task-45"}
{"asctime": "2026-03-03 14:42:20,962", "levelname": "INFO", "message": "HTTP Request: GET http://localhost:8001/api/v1/users/auth/me \"HTTP/1.1 200 OK\"", "url": null, "method": null, "process_time": null, "taskName": "Task-4"}
{"asctime": "2026-03-03 14:43:01,276", "levelname": "INFO", "message": "HTTP Request: GET http://localhost:8001/api/v1/users/auth/me \"HTTP/1.1 200 OK\"", "url": null, "method": null, "process_time": null, "taskName": "Task-18"}
{"asctime": "2026-03-03 14:43:02,318", "levelname": "INFO", "message": "HTTP Request: GET http://localhost:8001/api/v1/users/auth/me \"HTTP/1.1 200 OK\"", "url": null, "method": null, "process_time": null, "taskName": "starlette.middleware.base.BaseHTTPMiddleware.__call__.<locals>.call_next.<locals>.coro"}
{"asctime": "2026-03-03 14:43:02,320", "levelname": "INFO", "message": "", "url": "/api/v1/users/auth/me", "method": "GET", "process_time": 1.0370433330535889, "taskName": "starlette.middleware.base.BaseHTTPMiddleware.__call__.<locals>.call_next.<locals>.coro"}
{"asctime": "2026-03-03 14:43:03,770", "levelname": "INFO", "message": "HTTP Request: GET http://localhost:8001/api/v1/users/auth/me \"HTTP/1.1 200 OK\"", "url": null, "method": null, "process_time": null, "taskName": "Task-31"}
{"asctime": "2026-03-03 14:43:06,564", "levelname": "INFO", "message": "HTTP Request: GET http://localhost:8001/api/v1/users/auth/me \"HTTP/1.1 200 OK\"", "url": null, "method": null, "process_time": null, "taskName": "starlette.middleware.base.BaseHTTPMiddleware.__call__.<locals>.call_next.<locals>.coro"}
{"asctime": "2026-03-03 14:43:06,567", "levelname": "INFO", "message": "", "url": "/api/v1/users/auth/me", "method": "GET", "process_time": 2.7944529056549072, "taskName": "starlette.middleware.base.BaseHTTPMiddleware.__call__.<locals>.call_next.<locals>.coro"}
{"asctime": "2026-03-03 14:43:15,553", "levelname": "INFO", "message": "HTTP Request: GET http://localhost:8001/api/v1/users/auth/me \"HTTP/1.1 200 OK\"", "url": null, "method": null, "process_time": null, "taskName": "Task-45"}
{"asctime": "2026-03-03 14:53:14,491", "levelname": "INFO", "message": "HTTP Request: GET http://localhost:8001/api/v1/users/auth/me \"HTTP/1.1 200 OK\"", "url": null, "method": null, "process_time": null, "taskName": "Task-8"}
{"asctime": "2026-03-03 14:53:15,339", "levelname": "INFO", "message": "HTTP Request: GET http://localhost:8001/api/v1/users/auth/me \"HTTP/1.1 200 OK\"", "url": null, "method": null, "process_time": null, "taskName": "Task-9"}
{"asctime": "2026-03-03 14:53:15,340", "levelname": "INFO", "message": "HTTP Request: GET http://localhost:8001/api/v1/users/auth/me \"HTTP/1.1 200 OK\"", "url": null, "method": null, "process_time": null, "taskName": "Task-10"}
{"asctime": "2026-03-03 14:53:15,342", "levelname": "INFO", "message": "HTTP Request: GET http://localhost:8001/api/v1/users/auth/me \"HTTP/1.1 200 OK\"", "url": null, "method": null, "process_time": null, "taskName": "Task-7"}
{"asctime": "2026-03-03 14:53:18,505", "levelname": "INFO", "message": "HTTP Request: GET http://localhost:8002/api/v1/payment_intake_matching/matching/dashboard/unmatched-payments \"HTTP/1.1 200 OK\"", "url": null, "method": null, "process_time": null, "taskName": "starlette.middleware.base.BaseHTTPMiddleware.__call__.<locals>.call_next.<locals>.coro"}
{"asctime": "2026-03-03 14:53:18,515", "levelname": "INFO", "message": "", "url": "/api/v1/payment_intake_matching/matching/dashboard/unmatched-payments", "method": "GET", "process_time": 4.01884388923645, "taskName": "Task-8"}
{"asctime": "2026-03-03 14:53:19,778", "levelname": "INFO", "message": "HTTP Request: GET http://localhost:8002/api/v1/payment_intake_matching/matching/dashboard/unmatched-invoices \"HTTP/1.1 200 OK\"", "url": null, "method": null, "process_time": null, "taskName": "starlette.middleware.base.BaseHTTPMiddleware.__call__.<locals>.call_next.<locals>.coro"}
{"asctime": "2026-03-03 14:53:19,781", "levelname": "INFO", "message": "HTTP Request: GET http://localhost:8002/api/v1/payment_intake_matching/matching/dashboard/summary \"HTTP/1.1 200 OK\"", "url": null, "method": null, "process_time": null, "taskName": "starlette.middleware.base.BaseHTTPMiddleware.__call__.<locals>.call_next.<locals>.coro"}
{"asctime": "2026-03-03 14:53:19,782", "levelname": "INFO", "message": "HTTP Request: GET http://localhost:8002/api/v1/payment_intake_matching/matching/dashboard/recent?limit=10 \"HTTP/1.1 200 OK\"", "url": null, "method": null, "process_time": null, "taskName": "starlette.middleware.base.BaseHTTPMiddleware.__call__.<locals>.call_next.<locals>.coro"}
{"asctime": "2026-03-03 14:53:19,786", "levelname": "INFO", "message": "", "url": "/api/v1/payment_intake_matching/matching/dashboard/unmatched-invoices", "method": "GET", "process_time": 4.437711477279663, "taskName": "Task-9"}
{"asctime": "2026-03-03 14:53:19,787", "levelname": "INFO", "message": "", "url": "/api/v1/payment_intake_matching/matching/dashboard/summary", "method": "GET", "process_time": 4.438710927963257, "taskName": "Task-7"}
{"asctime": "2026-03-03 14:53:19,788", "levelname": "INFO", "message": "", "url": "/api/v1/payment_intake_matching/matching/dashboard/recent", "method": "GET", "process_time": 4.439713716506958, "taskName": "Task-10"}
{"asctime": "2026-03-03 14:53:22,420", "levelname": "INFO", "message": "HTTP Request: GET http://localhost:8001/api/v1/users/auth/me \"HTTP/1.1 200 OK\"", "url": null, "method": null, "process_time": null, "taskName": "Task-44"}
{"asctime": "2026-03-03 14:53:23,355", "levelname": "INFO", "message": "HTTP Request: GET http://localhost:8001/api/v1/users/auth/me \"HTTP/1.1 200 OK\"", "url": null, "method": null, "process_time": null, "taskName": "Task-46"}
{"asctime": "2026-03-03 14:53:24,341", "levelname": "INFO", "message": "HTTP Request: GET http://localhost:8001/api/v1/users/auth/me \"HTTP/1.1 200 OK\"", "url": null, "method": null, "process_time": null, "taskName": "Task-47"}
{"asctime": "2026-03-03 14:53:24,345", "levelname": "INFO", "message": "HTTP Request: GET http://localhost:8001/api/v1/users/auth/me \"HTTP/1.1 200 OK\"", "url": null, "method": null, "process_time": null, "taskName": "Task-49"}
{"asctime": "2026-03-03 14:53:26,045", "levelname": "INFO", "message": "HTTP Request: GET http://localhost:8002/api/v1/payment_intake_matching/matching/dashboard/unmatched-payments \"HTTP/1.1 200 OK\"", "url": null, "method": null, "process_time": null, "taskName": "starlette.middleware.base.BaseHTTPMiddleware.__call__.<locals>.call_next.<locals>.coro"}
{"asctime": "2026-03-03 14:53:26,047", "levelname": "INFO", "message": "", "url": "/api/v1/payment_intake_matching/matching/dashboard/unmatched-payments", "method": "GET", "process_time": 3.6255366802215576, "taskName": "Task-44"}
{"asctime": "2026-03-03 14:53:26,267", "levelname": "INFO", "message": "HTTP Request: GET http://localhost:8002/api/v1/payment_intake_matching/matching/dashboard/unmatched-invoices \"HTTP/1.1 200 OK\"", "url": null, "method": null, "process_time": null, "taskName": "starlette.middleware.base.BaseHTTPMiddleware.__call__.<locals>.call_next.<locals>.coro"}
{"asctime": "2026-03-03 14:53:26,269", "levelname": "INFO", "message": "", "url": "/api/v1/payment_intake_matching/matching/dashboard/unmatched-invoices", "method": "GET", "process_time": 2.910682439804077, "taskName": "Task-46"}
{"asctime": "2026-03-03 14:53:26,318", "levelname": "INFO", "message": "HTTP Request: GET http://localhost:8002/api/v1/payment_intake_matching/matching/dashboard/summary \"HTTP/1.1 200 OK\"", "url": null, "method": null, "process_time": null, "taskName": "starlette.middleware.base.BaseHTTPMiddleware.__call__.<locals>.call_next.<locals>.coro"}
{"asctime": "2026-03-03 14:53:26,320", "levelname": "INFO", "message": "HTTP Request: GET http://localhost:8002/api/v1/payment_intake_matching/matching/dashboard/recent?limit=10 \"HTTP/1.1 200 OK\"", "url": null, "method": null, "process_time": null, "taskName": "starlette.middleware.base.BaseHTTPMiddleware.__call__.<locals>.call_next.<locals>.coro"}
{"asctime": "2026-03-03 14:53:26,321", "levelname": "INFO", "message": "", "url": "/api/v1/payment_intake_matching/matching/dashboard/summary", "method": "GET", "process_time": 1.9703195095062256, "taskName": "Task-47"}
{"asctime": "2026-03-03 14:53:26,324", "levelname": "INFO", "message": "", "url": "/api/v1/payment_intake_matching/matching/dashboard/recent", "method": "GET", "process_time": 1.9733326435089111, "taskName": "Task-49"}
{"asctime": "2026-03-03 14:53:39,054", "levelname": "INFO", "message": "HTTP Request: GET http://localhost:8001/api/v1/users/auth/me \"HTTP/1.1 200 OK\"", "url": null, "method": null, "process_time": null, "taskName": "Task-81"}
{"asctime": "2026-03-03 14:53:40,286", "levelname": "INFO", "message": "HTTP Request: GET http://localhost:8002/api/v1/payment_intake_matching/aging/reminders \"HTTP/1.1 200 OK\"", "url": null, "method": null, "process_time": null, "taskName": "starlette.middleware.base.BaseHTTPMiddleware.__call__.<locals>.call_next.<locals>.coro"}
{"asctime": "2026-03-03 14:53:40,289", "levelname": "INFO", "message": "", "url": "/api/v1/payment_intake_matching/aging/reminders", "method": "GET", "process_time": 1.2205018997192383, "taskName": "Task-81"}
{"asctime": "2026-03-03 14:53:41,466", "levelname": "INFO", "message": "HTTP Request: GET http://localhost:8001/api/v1/users/auth/me \"HTTP/1.1 200 OK\"", "url": null, "method": null, "process_time": null, "taskName": "Task-90"}
{"asctime": "2026-03-03 14:53:42,598", "levelname": "INFO", "message": "HTTP Request: GET http://localhost:8002/api/v1/payment_intake_matching/aging/reminders \"HTTP/1.1 200 OK\"", "url": null, "method": null, "process_time": null, "taskName": "starlette.middleware.base.BaseHTTPMiddleware.__call__.<locals>.call_next.<locals>.coro"}
{"asctime": "2026-03-03 14:53:42,602", "levelname": "INFO", "message": "", "url": "/api/v1/payment_intake_matching/aging/reminders", "method": "GET", "process_time": 1.1345643997192383, "taskName": "Task-90"}
{"asctime": "2026-03-03 14:53:56,981", "levelname": "INFO", "message": "HTTP Request: GET http://localhost:8001/api/v1/users/auth/me \"HTTP/1.1 200 OK\"", "url": null, "method": null, "process_time": null, "taskName": "Task-100"}
{"asctime": "2026-03-03 14:53:58,176", "levelname": "INFO", "message": "HTTP Request: GET http://localhost:8002/api/v1/payment_intake_matching/documents/ \"HTTP/1.1 200 OK\"", "url": null, "method": null, "process_time": null, "taskName": "starlette.middleware.base.BaseHTTPMiddleware.__call__.<locals>.call_next.<locals>.coro"}
{"asctime": "2026-03-03 14:53:58,180", "levelname": "INFO", "message": "", "url": "/api/v1/payment_intake_matching/documents/", "method": "GET", "process_time": 1.1965527534484863, "taskName": "Task-100"}
{"asctime": "2026-03-03 14:54:05,392", "levelname": "INFO", "message": "HTTP Request: GET http://localhost:8001/api/v1/users/auth/me \"HTTP/1.1 200 OK\"", "url": null, "method": null, "process_time": null, "taskName": "Task-119"}
{"asctime": "2026-03-03 14:54:06,226", "levelname": "INFO", "message": "HTTP Request: GET http://localhost:8001/api/v1/users/auth/me \"HTTP/1.1 200 OK\"", "url": null, "method": null, "process_time": null, "taskName": "Task-120"}
{"asctime": "2026-03-03 14:54:06,229", "levelname": "INFO", "message": "HTTP Request: GET http://localhost:8001/api/v1/users/auth/me \"HTTP/1.1 200 OK\"", "url": null, "method": null, "process_time": null, "taskName": "Task-118"}
{"asctime": "2026-03-03 14:54:06,231", "levelname": "INFO", "message": "HTTP Request: GET http://localhost:8001/api/v1/users/auth/me \"HTTP/1.1 200 OK\"", "url": null, "method": null, "process_time": null, "taskName": "Task-117"}
{"asctime": "2026-03-03 14:54:10,670", "levelname": "INFO", "message": "HTTP Request: GET http://localhost:8002/api/v1/payment_intake_matching/documents/6/payments \"HTTP/1.1 200 OK\"", "url": null, "method": null, "process_time": null, "taskName": "starlette.middleware.base.BaseHTTPMiddleware.__call__.<locals>.call_next.<locals>.coro"}
{"asctime": "2026-03-03 14:54:10,672", "levelname": "INFO", "message": "", "url": "/api/v1/payment_intake_matching/documents/6/payments", "method": "GET", "process_time": 4.437504291534424, "taskName": "Task-120"}
{"asctime": "2026-03-03 14:54:10,674", "levelname": "INFO", "message": "HTTP Request: GET http://localhost:8002/api/v1/payment_intake_matching/documents/10/payments \"HTTP/1.1 200 OK\"", "url": null, "method": null, "process_time": null, "taskName": "starlette.middleware.base.BaseHTTPMiddleware.__call__.<locals>.call_next.<locals>.coro"}
{"asctime": "2026-03-03 14:54:10,682", "levelname": "INFO", "message": "HTTP Request: GET http://localhost:8002/api/v1/payment_intake_matching/documents/3/payments \"HTTP/1.1 200 OK\"", "url": null, "method": null, "process_time": null, "taskName": "starlette.middleware.base.BaseHTTPMiddleware.__call__.<locals>.call_next.<locals>.coro"}
{"asctime": "2026-03-03 14:54:11,574", "levelname": "INFO", "message": "", "url": "/api/v1/payment_intake_matching/documents/10/payments", "method": "GET", "process_time": 6.1790547370910645, "taskName": "Task-119"}
{"asctime": "2026-03-03 14:54:11,576", "levelname": "INFO", "message": "", "url": "/api/v1/payment_intake_matching/documents/3/payments", "method": "GET", "process_time": 5.341797351837158, "taskName": "Task-118"}
{"asctime": "2026-03-03 14:54:11,606", "levelname": "INFO", "message": "HTTP Request: GET http://localhost:8001/api/v1/users/auth/me \"HTTP/1.1 200 OK\"", "url": null, "method": null, "process_time": null, "taskName": "Task-154"}
{"asctime": "2026-03-03 14:54:12,506", "levelname": "INFO", "message": "HTTP Request: GET http://localhost:8002/api/v1/payment_intake_matching/documents/8/payments \"HTTP/1.1 200 OK\"", "url": null, "method": null, "process_time": null, "taskName": "starlette.middleware.base.BaseHTTPMiddleware.__call__.<locals>.call_next.<locals>.coro"}
{"asctime": "2026-03-03 14:54:12,507", "levelname": "INFO", "message": "HTTP Request: GET http://localhost:8001/api/v1/users/auth/me \"HTTP/1.1 200 OK\"", "url": null, "method": null, "process_time": null, "taskName": "Task-153"}
{"asctime": "2026-03-03 14:54:13,397", "levelname": "INFO", "message": "", "url": "/api/v1/payment_intake_matching/documents/8/payments", "method": "GET", "process_time": 7.163004159927368, "taskName": "Task-117"}
{"asctime": "2026-03-03 14:54:13,420", "levelname": "INFO", "message": "HTTP Request: GET http://localhost:8001/api/v1/users/auth/me \"HTTP/1.1 200 OK\"", "url": null, "method": null, "process_time": null, "taskName": "Task-163"}
{"asctime": "2026-03-03 14:54:14,287", "levelname": "INFO", "message": "HTTP Request: GET http://localhost:8002/api/v1/payment_intake_matching/documents/14/payments \"HTTP/1.1 200 OK\"", "url": null, "method": null, "process_time": null, "taskName": "starlette.middleware.base.BaseHTTPMiddleware.__call__.<locals>.call_next.<locals>.coro"}
{"asctime": "2026-03-03 14:54:14,290", "levelname": "INFO", "message": "HTTP Request: GET http://localhost:8002/api/v1/payment_intake_matching/documents/15/payments \"HTTP/1.1 200 OK\"", "url": null, "method": null, "process_time": null, "taskName": "starlette.middleware.base.BaseHTTPMiddleware.__call__.<locals>.call_next.<locals>.coro"}
{"asctime": "2026-03-03 14:54:14,291", "levelname": "INFO", "message": "", "url": "/api/v1/payment_intake_matching/documents/14/payments", "method": "GET", "process_time": 1.7770881652832031, "taskName": "Task-153"}
{"asctime": "2026-03-03 14:54:14,296", "levelname": "INFO", "message": "", "url": "/api/v1/payment_intake_matching/documents/15/payments", "method": "GET", "process_time": 2.687429428100586, "taskName": "Task-154"}
{"asctime": "2026-03-03 14:54:14,570", "levelname": "INFO", "message": "HTTP Request: GET http://localhost:8002/api/v1/payment_intake_matching/documents/ \"HTTP/1.1 200 OK\"", "url": null, "method": null, "process_time": null, "taskName": "starlette.middleware.base.BaseHTTPMiddleware.__call__.<locals>.call_next.<locals>.coro"}
{"asctime": "2026-03-03 14:54:14,572", "levelname": "INFO", "message": "", "url": "/api/v1/payment_intake_matching/documents/", "method": "GET", "process_time": 1.1508710384368896, "taskName": "Task-163"}
{"asctime": "2026-03-03 14:54:20,982", "levelname": "INFO", "message": "HTTP Request: GET http://localhost:8001/api/v1/users/auth/me \"HTTP/1.1 200 OK\"", "url": null, "method": null, "process_time": null, "taskName": "Task-192"}
{"asctime": "2026-03-03 14:54:21,865", "levelname": "INFO", "message": "HTTP Request: GET http://localhost:8001/api/v1/users/auth/me \"HTTP/1.1 200 OK\"", "url": null, "method": null, "process_time": null, "taskName": "Task-190"}
{"asctime": "2026-03-03 14:54:21,866", "levelname": "INFO", "message": "HTTP Request: GET http://localhost:8001/api/v1/users/auth/me \"HTTP/1.1 200 OK\"", "url": null, "method": null, "process_time": null, "taskName": "Task-188"}
{"asctime": "2026-03-03 14:54:21,867", "levelname": "INFO", "message": "HTTP Request: GET http://localhost:8001/api/v1/users/auth/me \"HTTP/1.1 200 OK\"", "url": null, "method": null, "process_time": null, "taskName": "Task-191"}
{"asctime": "2026-03-03 14:54:21,868", "levelname": "INFO", "message": "HTTP Request: GET http://localhost:8001/api/v1/users/auth/me \"HTTP/1.1 200 OK\"", "url": null, "method": null, "process_time": null, "taskName": "Task-189"}
{"asctime": "2026-03-03 14:54:26,109", "levelname": "INFO", "message": "HTTP Request: GET http://localhost:8002/api/v1/payment_intake_matching/documents/10/payments \"HTTP/1.1 200 OK\"", "url": null, "method": null, "process_time": null, "taskName": "starlette.middleware.base.BaseHTTPMiddleware.__call__.<locals>.call_next.<locals>.coro"}
{"asctime": "2026-03-03 14:54:26,112", "levelname": "INFO", "message": "", "url": "/api/v1/payment_intake_matching/documents/10/payments", "method": "GET", "process_time": 5.128427028656006, "taskName": "Task-192"}
{"asctime": "2026-03-03 14:54:27,038", "levelname": "INFO", "message": "HTTP Request: GET http://localhost:8001/api/v1/users/auth/me \"HTTP/1.1 200 OK\"", "url": null, "method": null, "process_time": null, "taskName": "Task-228"}
{"asctime": "2026-03-03 14:54:27,992", "levelname": "INFO", "message": "HTTP Request: GET http://localhost:8002/api/v1/payment_intake_matching/documents/2/payments \"HTTP/1.1 200 OK\"", "url": null, "method": null, "process_time": null, "taskName": "starlette.middleware.base.BaseHTTPMiddleware.__call__.<locals>.call_next.<locals>.coro"}
{"asctime": "2026-03-03 14:54:27,999", "levelname": "INFO", "message": "HTTP Request: GET http://localhost:8002/api/v1/payment_intake_matching/documents/6/payments \"HTTP/1.1 200 OK\"", "url": null, "method": null, "process_time": null, "taskName": "starlette.middleware.base.BaseHTTPMiddleware.__call__.<locals>.call_next.<locals>.coro"}
{"asctime": "2026-03-03 14:54:28,005", "levelname": "INFO", "message": "HTTP Request: GET http://localhost:8002/api/v1/payment_intake_matching/documents/8/payments \"HTTP/1.1 200 OK\"", "url": null, "method": null, "process_time": null, "taskName": "starlette.middleware.base.BaseHTTPMiddleware.__call__.<locals>.call_next.<locals>.coro"}
{"asctime": "2026-03-03 14:54:28,009", "levelname": "INFO", "message": "HTTP Request: GET http://localhost:8002/api/v1/payment_intake_matching/documents/3/payments \"HTTP/1.1 200 OK\"", "url": null, "method": null, "process_time": null, "taskName": "starlette.middleware.base.BaseHTTPMiddleware.__call__.<locals>.call_next.<locals>.coro"}
{"asctime": "2026-03-03 14:54:28,028", "levelname": "INFO", "message": "", "url": "/api/v1/payment_intake_matching/documents/2/payments", "method": "GET", "process_time": 6.15582537651062, "taskName": "Task-190"}
{"asctime": "2026-03-03 14:54:28,031", "levelname": "INFO", "message": "", "url": "/api/v1/payment_intake_matching/documents/6/payments", "method": "GET", "process_time": 6.158067464828491, "taskName": "Task-188"}
{"asctime": "2026-03-03 14:54:28,032", "levelname": "INFO", "message": "", "url": "/api/v1/payment_intake_matching/documents/8/payments", "method": "GET", "process_time": 6.159438371658325, "taskName": "Task-191"}
{"asctime": "2026-03-03 14:54:28,034", "levelname": "INFO", "message": "", "url": "/api/v1/payment_intake_matching/documents/3/payments", "method": "GET", "process_time": 6.1615540981292725, "taskName": "Task-189"}
{"asctime": "2026-03-03 14:54:31,997", "levelname": "INFO", "message": "HTTP Request: GET http://localhost:8001/api/v1/users/auth/me \"HTTP/1.1 200 OK\"", "url": null, "method": null, "process_time": null, "taskName": "Task-235"}
{"asctime": "2026-03-03 14:54:32,820", "levelname": "INFO", "message": "HTTP Request: GET http://localhost:8002/api/v1/payment_intake_matching/documents/12/payments \"HTTP/1.1 200 OK\"", "url": null, "method": null, "process_time": null, "taskName": "starlette.middleware.base.BaseHTTPMiddleware.__call__.<locals>.call_next.<locals>.coro"}
{"asctime": "2026-03-03 14:54:32,833", "levelname": "INFO", "message": "", "url": "/api/v1/payment_intake_matching/documents/12/payments", "method": "GET", "process_time": 5.792461395263672, "taskName": "Task-228"}
{"asctime": "2026-03-03 14:54:32,840", "levelname": "INFO", "message": "HTTP Request: GET http://localhost:8001/api/v1/users/auth/me \"HTTP/1.1 200 OK\"", "url": null, "method": null, "process_time": null, "taskName": "Task-249"}
{"asctime": "2026-03-03 14:54:33,731", "levelname": "INFO", "message": "HTTP Request: GET http://localhost:8001/api/v1/users/auth/me \"HTTP/1.1 200 OK\"", "url": null, "method": null, "process_time": null, "taskName": "Task-250"}
{"asctime": "2026-03-03 14:54:33,732", "levelname": "INFO", "message": "HTTP Request: GET http://localhost:8001/api/v1/users/auth/me \"HTTP/1.1 200 OK\"", "url": null, "method": null, "process_time": null, "taskName": "Task-248"}
{"asctime": "2026-03-03 14:54:33,734", "levelname": "INFO", "message": "HTTP Request: GET http://localhost:8001/api/v1/users/auth/me \"HTTP/1.1 200 OK\"", "url": null, "method": null, "process_time": null, "taskName": "Task-251"}
{"asctime": "2026-03-03 14:54:36,505", "levelname": "INFO", "message": "HTTP Request: GET http://localhost:8001/api/v1/users/auth/me \"HTTP/1.1 200 OK\"", "url": null, "method": null, "process_time": null, "taskName": "starlette.middleware.base.BaseHTTPMiddleware.__call__.<locals>.call_next.<locals>.coro"}
{"asctime": "2026-03-03 14:54:36,511", "levelname": "INFO", "message": "", "url": "/api/v1/users/auth/me", "method": "GET", "process_time": 2.7748818397521973, "taskName": "Task-251"}
{"asctime": "2026-03-03 14:54:37,771", "levelname": "INFO", "message": "HTTP Request: GET http://localhost:8001/api/v1/users/auth/me \"HTTP/1.1 200 OK\"", "url": null, "method": null, "process_time": null, "taskName": "Task-279"}
{"asctime": "2026-03-03 14:54:38,919", "levelname": "INFO", "message": "HTTP Request: GET http://localhost:8001/api/v1/users/auth/me \"HTTP/1.1 200 OK\"", "url": null, "method": null, "process_time": null, "taskName": "starlette.middleware.base.BaseHTTPMiddleware.__call__.<locals>.call_next.<locals>.coro"}
{"asctime": "2026-03-03 14:54:38,922", "levelname": "INFO", "message": "", "url": "/api/v1/users/auth/me", "method": "GET", "process_time": 1.149010419845581, "taskName": "Task-279"}
{"asctime": "2026-03-03 14:54:48,576", "levelname": "INFO", "message": "HTTP Request: GET http://localhost:8001/api/v1/users/auth/me \"HTTP/1.1 200 OK\"", "url": null, "method": null, "process_time": null, "taskName": "Task-289"}
{"asctime": "2026-03-03 14:58:02,886", "levelname": "INFO", "message": "HTTP Request: GET http://localhost:8001/api/v1/users/auth/me \"HTTP/1.1 200 OK\"", "url": null, "method": null, "process_time": null, "taskName": "Task-4"}
{"asctime": "2026-03-03 15:00:41,911", "levelname": "INFO", "message": "HTTP Request: GET http://localhost:8001/api/v1/users/auth/me \"HTTP/1.1 200 OK\"", "url": null, "method": null, "process_time": null, "taskName": "Task-4"}
{"asctime": "2026-03-03 15:02:23,190", "levelname": "INFO", "message": "HTTP Request: GET http://localhost:8001/api/v1/users/auth/me \"HTTP/1.1 200 OK\"", "url": null, "method": null, "process_time": null, "taskName": "Task-4"}
{"asctime": "2026-03-03 15:04:15,635", "levelname": "INFO", "message": "HTTP Request: GET http://localhost:8001/api/v1/users/auth/me \"HTTP/1.1 200 OK\"", "url": null, "method": null, "process_time": null, "taskName": "Task-4"}
{"asctime": "2026-03-03 15:08:30,249", "levelname": "INFO", "message": "HTTP Request: GET http://localhost:8001/api/v1/users/auth/me \"HTTP/1.1 200 OK\"", "url": null, "method": null, "process_time": null, "taskName": "Task-4"}
{"asctime": "2026-03-03 15:08:31,542", "levelname": "INFO", "message": "HTTP Request: POST http://localhost:8002/api/v1/payment_intake_matching/documents/upload \"HTTP/1.1 422 Unprocessable Entity\"", "url": null, "method": null, "process_time": null, "taskName": "starlette.middleware.base.BaseHTTPMiddleware.__call__.<locals>.call_next.<locals>.coro"}
{"asctime": "2026-03-03 15:08:31,544", "levelname": "INFO", "message": "", "url": "/api/v1/payment_intake_matching/documents/upload", "method": "POST", "process_time": 1.2902817726135254, "taskName": "Task-4"}
{"asctime": "2026-03-03 15:09:38,074", "levelname": "INFO", "message": "HTTP Request: GET http://localhost:8001/api/v1/users/auth/me \"HTTP/1.1 200 OK\"", "url": null, "method": null, "process_time": null, "taskName": "Task-15"}
{"asctime": "2026-03-03 15:09:40,633", "levelname": "INFO", "message": "HTTP Request: POST http://localhost:8002/api/v1/payment_intake_matching/documents/upload \"HTTP/1.1 422 Unprocessable Entity\"", "url": null, "method": null, "process_time": null, "taskName": "starlette.middleware.base.BaseHTTPMiddleware.__call__.<locals>.call_next.<locals>.coro"}
{"asctime": "2026-03-03 15:09:40,636", "levelname": "INFO", "message": "", "url": "/api/v1/payment_intake_matching/documents/upload", "method": "POST", "process_time": 2.5583319664001465, "taskName": "Task-15"}
{"asctime": "2026-03-03 15:13:20,669", "levelname": "INFO", "message": "HTTP Request: GET http://localhost:8001/api/v1/users/auth/me \"HTTP/1.1 200 OK\"", "url": null, "method": null, "process_time": null, "taskName": "Task-4"}
{"asctime": "2026-03-03 15:14:01,445", "levelname": "INFO", "message": "HTTP Request: POST http://localhost:8002/api/v1/payment_intake_matching/documents/upload?document_type=INVOICE \"HTTP/1.1 500 Internal Server Error\"", "url": null, "method": null, "process_time": null, "taskName": "starlette.middleware.base.BaseHTTPMiddleware.__call__.<locals>.call_next.<locals>.coro"}
{"asctime": "2026-03-03 15:14:01,450", "levelname": "INFO", "message": "", "url": "/api/v1/payment_intake_matching/documents/upload", "method": "POST", "process_time": 40.77765893936157, "taskName": "Task-4"}
{"asctime": "2026-03-03 15:15:56,074", "levelname": "INFO", "message": "HTTP Request: GET http://localhost:8001/api/v1/users/auth/me \"HTTP/1.1 200 OK\"", "url": null, "method": null, "process_time": null, "taskName": "Task-15"}
{"asctime": "2026-03-03 15:16:15,200", "levelname": "INFO", "message": "HTTP Request: GET http://localhost:8001/api/v1/users/auth/me \"HTTP/1.1 200 OK\"", "url": null, "method": null, "process_time": null, "taskName": "Task-25"}
{"asctime": "2026-03-03 15:16:55,911", "levelname": "INFO", "message": "HTTP Request: POST http://localhost:8002/api/v1/payment_intake_matching/documents/upload?document_type=INVOICE \"HTTP/1.1 500 Internal Server Error\"", "url": null, "method": null, "process_time": null, "taskName": "starlette.middleware.base.BaseHTTPMiddleware.__call__.<locals>.call_next.<locals>.coro"}
{"asctime": "2026-03-03 15:16:55,916", "levelname": "INFO", "message": "", "url": "/api/v1/payment_intake_matching/documents/upload", "method": "POST", "process_time": 40.7103955745697, "taskName": "Task-25"}
{"asctime": "2026-03-03 15:19:21,711", "levelname": "INFO", "message": "HTTP Request: GET http://localhost:8001/api/v1/users/auth/me \"HTTP/1.1 200 OK\"", "url": null, "method": null, "process_time": null, "taskName": "Task-35"}
{"asctime": "2026-03-03 15:19:23,284", "levelname": "INFO", "message": "HTTP Request: GET http://localhost:8001/api/v1/users/auth/me \"HTTP/1.1 200 OK\"", "url": null, "method": null, "process_time": null, "taskName": "starlette.middleware.base.BaseHTTPMiddleware.__call__.<locals>.call_next.<locals>.coro"}
{"asctime": "2026-03-03 15:19:23,290", "levelname": "INFO", "message": "", "url": "/api/v1/users/auth/me", "method": "GET", "process_time": 1.56996488571167, "taskName": "Task-35"}
{"asctime": "2026-03-03 15:19:30,794", "levelname": "INFO", "message": "HTTP Request: GET http://localhost:8001/api/v1/users/auth/me \"HTTP/1.1 200 OK\"", "url": null, "method": null, "process_time": null, "taskName": "Task-45"}
{"asctime": "2026-03-03 15:19:32,092", "levelname": "INFO", "message": "HTTP Request: GET http://localhost:8001/api/v1/users/auth/me \"HTTP/1.1 200 OK\"", "url": null, "method": null, "process_time": null, "taskName": "starlette.middleware.base.BaseHTTPMiddleware.__call__.<locals>.call_next.<locals>.coro"}
{"asctime": "2026-03-03 15:19:32,096", "levelname": "INFO", "message": "", "url": "/api/v1/users/auth/me", "method": "GET", "process_time": 1.2979886531829834, "taskName": "Task-45"}
{"asctime": "2026-03-03 15:19:41,827", "levelname": "INFO", "message": "HTTP Request: GET http://localhost:8001/api/v1/users/auth/me \"HTTP/1.1 200 OK\"", "url": null, "method": null, "process_time": null, "taskName": "Task-54"}
{"asctime": "2026-03-03 15:19:56,475", "levelname": "INFO", "message": "HTTP Request: POST http://localhost:8002/api/v1/payment_intake_matching/documents/upload?document_type=INVOICE \"HTTP/1.1 500 Internal Server Error\"", "url": null, "method": null, "process_time": null, "taskName": "starlette.middleware.base.BaseHTTPMiddleware.__call__.<locals>.call_next.<locals>.coro"}
{"asctime": "2026-03-03 15:19:56,477", "levelname": "INFO", "message": "", "url": "/api/v1/payment_intake_matching/documents/upload", "method": "POST", "process_time": 14.64176607131958, "taskName": "Task-54"}
{"asctime": "2026-03-03 15:20:33,388", "levelname": "INFO", "message": "HTTP Request: GET http://localhost:8001/api/v1/users/auth/me \"HTTP/1.1 200 OK\"", "url": null, "method": null, "process_time": null, "taskName": "Task-64"}
{"asctime": "2026-03-03 15:20:37,296", "levelname": "INFO", "message": "HTTP Request: POST http://localhost:8002/api/v1/payment_intake_matching/documents/upload?document_type=INVOICE \"HTTP/1.1 500 Internal Server Error\"", "url": null, "method": null, "process_time": null, "taskName": "starlette.middleware.base.BaseHTTPMiddleware.__call__.<locals>.call_next.<locals>.coro"}
{"asctime": "2026-03-03 15:20:37,300", "levelname": "INFO", "message": "", "url": "/api/v1/payment_intake_matching/documents/upload", "method": "POST", "process_time": 3.910057783126831, "taskName": "Task-64"}
{"asctime": "2026-03-03 15:21:50,801", "levelname": "INFO", "message": "HTTP Request: GET http://localhost:8001/api/v1/users/auth/me \"HTTP/1.1 200 OK\"", "url": null, "method": null, "process_time": null, "taskName": "Task-4"}
{"asctime": "2026-03-03 15:21:54,866", "levelname": "INFO", "message": "HTTP Request: POST http://localhost:8002/api/v1/payment_intake_matching/documents/upload?document_type=INVOICE \"HTTP/1.1 200 OK\"", "url": null, "method": null, "process_time": null, "taskName": "starlette.middleware.base.BaseHTTPMiddleware.__call__.<locals>.call_next.<locals>.coro"}
{"asctime": "2026-03-03 15:21:54,870", "levelname": "INFO", "message": "", "url": "/api/v1/payment_intake_matching/documents/upload", "method": "POST", "process_time": 4.065021991729736, "taskName": "Task-4"}
{"asctime": "2026-03-03 15:21:57,015", "levelname": "INFO", "message": "HTTP Request: GET http://localhost:8001/api/v1/users/auth/me \"HTTP/1.1 200 OK\"", "url": null, "method": null, "process_time": null, "taskName": "Task-14"}
{"asctime": "2026-03-03 15:21:58,205", "levelname": "INFO", "message": "HTTP Request: GET http://localhost:8002/api/v1/payment_intake_matching/documents/1/invoices \"HTTP/1.1 200 OK\"", "url": null, "method": null, "process_time": null, "taskName": "starlette.middleware.base.BaseHTTPMiddleware.__call__.<locals>.call_next.<locals>.coro"}
{"asctime": "2026-03-03 15:21:58,208", "levelname": "INFO", "message": "", "url": "/api/v1/payment_intake_matching/documents/1/invoices", "method": "GET", "process_time": 1.186516523361206, "taskName": "Task-14"}
{"asctime": "2026-03-03 15:22:10,376", "levelname": "INFO", "message": "HTTP Request: GET http://localhost:8001/api/v1/users/auth/me \"HTTP/1.1 200 OK\"", "url": null, "method": null, "process_time": null, "taskName": "Task-23"}
{"asctime": "2026-03-03 15:22:11,555", "levelname": "INFO", "message": "HTTP Request: GET http://localhost:8002/api/v1/payment_intake_matching/matching/dashboard/recent?limit=200 \"HTTP/1.1 200 OK\"", "url": null, "method": null, "process_time": null, "taskName": "starlette.middleware.base.BaseHTTPMiddleware.__call__.<locals>.call_next.<locals>.coro"}
{"asctime": "2026-03-03 15:22:11,559", "levelname": "INFO", "message": "", "url": "/api/v1/payment_intake_matching/matching/dashboard/recent", "method": "GET", "process_time": 1.180316686630249, "taskName": "Task-23"}
{"asctime": "2026-03-03 15:22:12,874", "levelname": "INFO", "message": "HTTP Request: GET http://localhost:8001/api/v1/users/auth/me \"HTTP/1.1 200 OK\"", "url": null, "method": null, "process_time": null, "taskName": "Task-32"}
{"asctime": "2026-03-03 15:22:14,017", "levelname": "INFO", "message": "HTTP Request: GET http://localhost:8002/api/v1/payment_intake_matching/matching/dashboard/recent?limit=200 \"HTTP/1.1 200 OK\"", "url": null, "method": null, "process_time": null, "taskName": "starlette.middleware.base.BaseHTTPMiddleware.__call__.<locals>.call_next.<locals>.coro"}
{"asctime": "2026-03-03 15:22:14,023", "levelname": "INFO", "message": "", "url": "/api/v1/payment_intake_matching/matching/dashboard/recent", "method": "GET", "process_time": 1.1447138786315918, "taskName": "Task-32"}
{"asctime": "2026-03-03 15:22:33,010", "levelname": "INFO", "message": "HTTP Request: GET http://localhost:8001/api/v1/users/auth/me \"HTTP/1.1 200 OK\"", "url": null, "method": null, "process_time": null, "taskName": "Task-42"}
{"asctime": "2026-03-03 15:22:37,283", "levelname": "INFO", "message": "HTTP Request: POST http://localhost:8002/api/v1/payment_intake_matching/documents/upload?document_type=PAYMENT \"HTTP/1.1 200 OK\"", "url": null, "method": null, "process_time": null, "taskName": "starlette.middleware.base.BaseHTTPMiddleware.__call__.<locals>.call_next.<locals>.coro"}
{"asctime": "2026-03-03 15:22:37,287", "levelname": "INFO", "message": "", "url": "/api/v1/payment_intake_matching/documents/upload", "method": "POST", "process_time": 4.273027420043945, "taskName": "Task-42"}
{"asctime": "2026-03-03 15:22:38,781", "levelname": "INFO", "message": "HTTP Request: GET http://localhost:8001/api/v1/users/auth/me \"HTTP/1.1 200 OK\"", "url": null, "method": null, "process_time": null, "taskName": "Task-52"}
{"asctime": "2026-03-03 15:22:39,952", "levelname": "INFO", "message": "HTTP Request: GET http://localhost:8002/api/v1/payment_intake_matching/documents/2/payments \"HTTP/1.1 200 OK\"", "url": null, "method": null, "process_time": null, "taskName": "starlette.middleware.base.BaseHTTPMiddleware.__call__.<locals>.call_next.<locals>.coro"}
{"asctime": "2026-03-03 15:22:39,955", "levelname": "INFO", "message": "", "url": "/api/v1/payment_intake_matching/documents/2/payments", "method": "GET", "process_time": 1.1683039665222168, "taskName": "Task-52"}
{"asctime": "2026-03-03 15:22:45,463", "levelname": "INFO", "message": "HTTP Request: GET http://localhost:8001/api/v1/users/auth/me \"HTTP/1.1 200 OK\"", "url": null, "method": null, "process_time": null, "taskName": "Task-61"}
{"asctime": "2026-03-03 15:22:46,625", "levelname": "INFO", "message": "HTTP Request: GET http://localhost:8002/api/v1/payment_intake_matching/matching/dashboard/recent?limit=200 \"HTTP/1.1 200 OK\"", "url": null, "method": null, "process_time": null, "taskName": "starlette.middleware.base.BaseHTTPMiddleware.__call__.<locals>.call_next.<locals>.coro"}
{"asctime": "2026-03-03 15:22:46,628", "levelname": "INFO", "message": "", "url": "/api/v1/payment_intake_matching/matching/dashboard/recent", "method": "GET", "process_time": 1.1601371765136719, "taskName": "Task-61"}
{"asctime": "2026-03-03 15:22:49,469", "levelname": "INFO", "message": "HTTP Request: GET http://localhost:8001/api/v1/users/auth/me \"HTTP/1.1 200 OK\"", "url": null, "method": null, "process_time": null, "taskName": "Task-70"}
{"asctime": "2026-03-03 15:22:50,677", "levelname": "INFO", "message": "HTTP Request: GET http://localhost:8002/api/v1/payment_intake_matching/matching/dashboard/recent?limit=200 \"HTTP/1.1 200 OK\"", "url": null, "method": null, "process_time": null, "taskName": "starlette.middleware.base.BaseHTTPMiddleware.__call__.<locals>.call_next.<locals>.coro"}
{"asctime": "2026-03-03 15:22:50,679", "levelname": "INFO", "message": "", "url": "/api/v1/payment_intake_matching/matching/dashboard/recent", "method": "GET", "process_time": 1.2087318897247314, "taskName": "Task-70"}
{"asctime": "2026-03-03 15:22:56,442", "levelname": "INFO", "message": "HTTP Request: GET http://localhost:8001/api/v1/users/auth/me \"HTTP/1.1 200 OK\"", "url": null, "method": null, "process_time": null, "taskName": "Task-79"}
{"asctime": "2026-03-03 15:22:57,447", "levelname": "INFO", "message": "HTTP Request: GET http://localhost:8001/api/v1/users/auth/me \"HTTP/1.1 200 OK\"", "url": null, "method": null, "process_time": null, "taskName": "Task-85"}
{"asctime": "2026-03-03 15:22:58,665", "levelname": "INFO", "message": "HTTP Request: GET http://localhost:8001/api/v1/users/auth/me \"HTTP/1.1 200 OK\"", "url": null, "method": null, "process_time": null, "taskName": "Task-80"}
{"asctime": "2026-03-03 15:22:58,677", "levelname": "INFO", "message": "HTTP Request: GET http://localhost:8001/api/v1/users/auth/me \"HTTP/1.1 200 OK\"", "url": null, "method": null, "process_time": null, "taskName": "Task-84"}
{"asctime": "2026-03-03 15:23:01,428", "levelname": "INFO", "message": "HTTP Request: GET http://localhost:8002/api/v1/payment_intake_matching/matching/dashboard/recent?limit=10 \"HTTP/1.1 200 OK\"", "url": null, "method": null, "process_time": null, "taskName": "starlette.middleware.base.BaseHTTPMiddleware.__call__.<locals>.call_next.<locals>.coro"}
{"asctime": "2026-03-03 15:23:01,431", "levelname": "INFO", "message": "", "url": "/api/v1/payment_intake_matching/matching/dashboard/recent", "method": "GET", "process_time": 4.987406969070435, "taskName": "Task-79"}
{"asctime": "2026-03-03 15:23:02,438", "levelname": "INFO", "message": "HTTP Request: GET http://localhost:8002/api/v1/payment_intake_matching/matching/dashboard/unmatched-invoices \"HTTP/1.1 200 OK\"", "url": null, "method": null, "process_time": null, "taskName": "starlette.middleware.base.BaseHTTPMiddleware.__call__.<locals>.call_next.<locals>.coro"}
{"asctime": "2026-03-03 15:23:02,441", "levelname": "INFO", "message": "", "url": "/api/v1/payment_intake_matching/matching/dashboard/unmatched-invoices", "method": "GET", "process_time": 4.982308387756348, "taskName": "Task-85"}
{"asctime": "2026-03-03 15:23:03,664", "levelname": "INFO", "message": "HTTP Request: GET http://localhost:8002/api/v1/payment_intake_matching/matching/dashboard/unmatched-payments \"HTTP/1.1 200 OK\"", "url": null, "method": null, "process_time": null, "taskName": "starlette.middleware.base.BaseHTTPMiddleware.__call__.<locals>.call_next.<locals>.coro"}
{"asctime": "2026-03-03 15:23:03,667", "levelname": "INFO", "message": "HTTP Request: GET http://localhost:8002/api/v1/payment_intake_matching/matching/dashboard/summary \"HTTP/1.1 200 OK\"", "url": null, "method": null, "process_time": null, "taskName": "starlette.middleware.base.BaseHTTPMiddleware.__call__.<locals>.call_next.<locals>.coro"}
{"asctime": "2026-03-03 15:23:03,673", "levelname": "INFO", "message": "", "url": "/api/v1/payment_intake_matching/matching/dashboard/unmatched-payments", "method": "GET", "process_time": 4.979383945465088, "taskName": "Task-84"}
{"asctime": "2026-03-03 15:23:03,674", "levelname": "INFO", "message": "", "url": "/api/v1/payment_intake_matching/matching/dashboard/summary", "method": "GET", "process_time": 4.983917713165283, "taskName": "Task-80"}
{"asctime": "2026-03-03 15:23:05,534", "levelname": "INFO", "message": "HTTP Request: GET http://localhost:8001/api/v1/users/auth/me \"HTTP/1.1 200 OK\"", "url": null, "method": null, "process_time": null, "taskName": "Task-114"}
{"asctime": "2026-03-03 15:23:06,641", "levelname": "INFO", "message": "HTTP Request: GET http://localhost:8001/api/v1/users/auth/me \"HTTP/1.1 200 OK\"", "url": null, "method": null, "process_time": null, "taskName": "Task-119"}
{"asctime": "2026-03-03 15:23:07,857", "levelname": "INFO", "message": "HTTP Request: GET http://localhost:8001/api/v1/users/auth/me \"HTTP/1.1 200 OK\"", "url": null, "method": null, "process_time": null, "taskName": "Task-124"}
{"asctime": "2026-03-03 15:23:07,859", "levelname": "INFO", "message": "HTTP Request: GET http://localhost:8001/api/v1/users/auth/me \"HTTP/1.1 200 OK\"", "url": null, "method": null, "process_time": null, "taskName": "Task-122"}
{"asctime": "2026-03-03 15:23:09,595", "levelname": "INFO", "message": "HTTP Request: GET http://localhost:8002/api/v1/payment_intake_matching/matching/dashboard/recent?limit=10 \"HTTP/1.1 200 OK\"", "url": null, "method": null, "process_time": null, "taskName": "starlette.middleware.base.BaseHTTPMiddleware.__call__.<locals>.call_next.<locals>.coro"}
{"asctime": "2026-03-03 15:23:09,604", "levelname": "INFO", "message": "", "url": "/api/v1/payment_intake_matching/matching/dashboard/recent", "method": "GET", "process_time": 4.0659074783325195, "taskName": "Task-114"}
{"asctime": "2026-03-03 15:23:09,613", "levelname": "INFO", "message": "HTTP Request: GET http://localhost:8002/api/v1/payment_intake_matching/matching/dashboard/unmatched-invoices \"HTTP/1.1 200 OK\"", "url": null, "method": null, "process_time": null, "taskName": "starlette.middleware.base.BaseHTTPMiddleware.__call__.<locals>.call_next.<locals>.coro"}
{"asctime": "2026-03-03 15:23:09,621", "levelname": "INFO", "message": "", "url": "/api/v1/payment_intake_matching/matching/dashboard/unmatched-invoices", "method": "GET", "process_time": 2.9587018489837646, "taskName": "Task-119"}
{"asctime": "2026-03-03 15:23:09,882", "levelname": "INFO", "message": "HTTP Request: GET http://localhost:8002/api/v1/payment_intake_matching/matching/dashboard/summary \"HTTP/1.1 200 OK\"", "url": null, "method": null, "process_time": null, "taskName": "starlette.middleware.base.BaseHTTPMiddleware.__call__.<locals>.call_next.<locals>.coro"}
{"asctime": "2026-03-03 15:23:09,887", "levelname": "INFO", "message": "HTTP Request: GET http://localhost:8002/api/v1/payment_intake_matching/matching/dashboard/unmatched-payments \"HTTP/1.1 200 OK\"", "url": null, "method": null, "process_time": null, "taskName": "starlette.middleware.base.BaseHTTPMiddleware.__call__.<locals>.call_next.<locals>.coro"}
{"asctime": "2026-03-03 15:23:09,889", "levelname": "INFO", "message": "", "url": "/api/v1/payment_intake_matching/matching/dashboard/unmatched-payments", "method": "GET", "process_time": 1.1586689949035645, "taskName": "Task-122"}
{"asctime": "2026-03-03 15:23:09,891", "levelname": "INFO", "message": "", "url": "/api/v1/payment_intake_matching/matching/dashboard/summary", "method": "GET", "process_time": 2.0284183025360107, "taskName": "Task-124"}
{"asctime": "2026-03-03 15:23:20,140", "levelname": "INFO", "message": "HTTP Request: GET http://localhost:8001/api/v1/users/auth/me \"HTTP/1.1 200 OK\"", "url": null, "method": null, "process_time": null, "taskName": "Task-154"}
{"asctime": "2026-03-03 15:23:21,335", "levelname": "INFO", "message": "HTTP Request: GET http://localhost:8002/api/v1/payment_intake_matching/documents/ \"HTTP/1.1 200 OK\"", "url": null, "method": null, "process_time": null, "taskName": "starlette.middleware.base.BaseHTTPMiddleware.__call__.<locals>.call_next.<locals>.coro"}
{"asctime": "2026-03-03 15:23:21,338", "levelname": "INFO", "message": "", "url": "/api/v1/payment_intake_matching/documents/", "method": "GET", "process_time": 1.1940162181854248, "taskName": "Task-154"}
{"asctime": "2026-03-03 15:23:23,561", "levelname": "INFO", "message": "HTTP Request: GET http://localhost:8001/api/v1/users/auth/me \"HTTP/1.1 200 OK\"", "url": null, "method": null, "process_time": null, "taskName": "Task-165"}
{"asctime": "2026-03-03 15:23:24,457", "levelname": "INFO", "message": "HTTP Request: GET http://localhost:8001/api/v1/users/auth/me \"HTTP/1.1 200 OK\"", "url": null, "method": null, "process_time": null, "taskName": "Task-163"}
{"asctime": "2026-03-03 15:23:25,652", "levelname": "INFO", "message": "HTTP Request: GET http://localhost:8002/api/v1/payment_intake_matching/documents/2/payments \"HTTP/1.1 200 OK\"", "url": null, "method": null, "process_time": null, "taskName": "starlette.middleware.base.BaseHTTPMiddleware.__call__.<locals>.call_next.<locals>.coro"}
{"asctime": "2026-03-03 15:23:25,655", "levelname": "INFO", "message": "", "url": "/api/v1/payment_intake_matching/documents/2/payments", "method": "GET", "process_time": 2.092414617538452, "taskName": "Task-165"}
{"asctime": "2026-03-03 15:23:25,657", "levelname": "INFO", "message": "HTTP Request: GET http://localhost:8002/api/v1/payment_intake_matching/documents/ \"HTTP/1.1 200 OK\"", "url": null, "method": null, "process_time": null, "taskName": "starlette.middleware.base.BaseHTTPMiddleware.__call__.<locals>.call_next.<locals>.coro"}
{"asctime": "2026-03-03 15:23:25,672", "levelname": "INFO", "message": "", "url": "/api/v1/payment_intake_matching/documents/", "method": "GET", "process_time": 1.212228536605835, "taskName": "Task-163"}
{"asctime": "2026-03-03 15:23:27,044", "levelname": "INFO", "message": "HTTP Request: GET http://localhost:8001/api/v1/users/auth/me \"HTTP/1.1 200 OK\"", "url": null, "method": null, "process_time": null, "taskName": "Task-182"}
{"asctime": "2026-03-03 15:23:28,257", "levelname": "INFO", "message": "HTTP Request: GET http://localhost:8002/api/v1/payment_intake_matching/documents/2/payments \"HTTP/1.1 200 OK\"", "url": null, "method": null, "process_time": null, "taskName": "starlette.middleware.base.BaseHTTPMiddleware.__call__.<locals>.call_next.<locals>.coro"}
{"asctime": "2026-03-03 15:23:28,260", "levelname": "INFO", "message": "", "url": "/api/v1/payment_intake_matching/documents/2/payments", "method": "GET", "process_time": 1.2136356830596924, "taskName": "Task-182"}
{"asctime": "2026-03-03 15:23:43,354", "levelname": "INFO", "message": "HTTP Request: GET http://localhost:8001/api/v1/users/auth/me \"HTTP/1.1 200 OK\"", "url": null, "method": null, "process_time": null, "taskName": "Task-192"}
{"asctime": "2026-03-03 15:23:44,571", "levelname": "INFO", "message": "HTTP Request: GET http://localhost:8002/api/v1/payment_intake_matching/documents/ \"HTTP/1.1 200 OK\"", "url": null, "method": null, "process_time": null, "taskName": "starlette.middleware.base.BaseHTTPMiddleware.__call__.<locals>.call_next.<locals>.coro"}
{"asctime": "2026-03-03 15:23:44,574", "levelname": "INFO", "message": "", "url": "/api/v1/payment_intake_matching/documents/", "method": "GET", "process_time": 1.2173714637756348, "taskName": "Task-192"}
{"asctime": "2026-03-03 15:23:46,812", "levelname": "INFO", "message": "HTTP Request: GET http://localhost:8001/api/v1/users/auth/me \"HTTP/1.1 200 OK\"", "url": null, "method": null, "process_time": null, "taskName": "Task-202"}
{"asctime": "2026-03-03 15:23:47,710", "levelname": "INFO", "message": "HTTP Request: GET http://localhost:8001/api/v1/users/auth/me \"HTTP/1.1 200 OK\"", "url": null, "method": null, "process_time": null, "taskName": "Task-203"}
{"asctime": "2026-03-03 15:23:49,045", "levelname": "INFO", "message": "HTTP Request: GET http://localhost:8002/api/v1/payment_intake_matching/documents/ \"HTTP/1.1 200 OK\"", "url": null, "method": null, "process_time": null, "taskName": "starlette.middleware.base.BaseHTTPMiddleware.__call__.<locals>.call_next.<locals>.coro"}
{"asctime": "2026-03-03 15:23:49,048", "levelname": "INFO", "message": "", "url": "/api/v1/payment_intake_matching/documents/", "method": "GET", "process_time": 2.234278678894043, "taskName": "Task-202"}
{"asctime": "2026-03-03 15:23:49,054", "levelname": "INFO", "message": "HTTP Request: GET http://localhost:8002/api/v1/payment_intake_matching/documents/1/invoices \"HTTP/1.1 200 OK\"", "url": null, "method": null, "process_time": null, "taskName": "starlette.middleware.base.BaseHTTPMiddleware.__call__.<locals>.call_next.<locals>.coro"}
{"asctime": "2026-03-03 15:23:49,072", "levelname": "INFO", "message": "", "url": "/api/v1/payment_intake_matching/documents/1/invoices", "method": "GET", "process_time": 1.3589801788330078, "taskName": "Task-203"}
{"asctime": "2026-03-03 15:23:50,437", "levelname": "INFO", "message": "HTTP Request: GET http://localhost:8001/api/v1/users/auth/me \"HTTP/1.1 200 OK\"", "url": null, "method": null, "process_time": null, "taskName": "Task-220"}
{"asctime": "2026-03-03 15:23:51,643", "levelname": "INFO", "message": "HTTP Request: GET http://localhost:8002/api/v1/payment_intake_matching/documents/1/invoices \"HTTP/1.1 200 OK\"", "url": null, "method": null, "process_time": null, "taskName": "starlette.middleware.base.BaseHTTPMiddleware.__call__.<locals>.call_next.<locals>.coro"}
{"asctime": "2026-03-03 15:23:51,646", "levelname": "INFO", "message": "", "url": "/api/v1/payment_intake_matching/documents/1/invoices", "method": "GET", "process_time": 1.202833652496338, "taskName": "Task-220"}
{"asctime": "2026-03-03 15:24:04,683", "levelname": "INFO", "message": "HTTP Request: GET http://localhost:8001/api/v1/users/auth/me \"HTTP/1.1 200 OK\"", "url": null, "method": null, "process_time": null, "taskName": "Task-230"}
{"asctime": "2026-03-03 15:24:05,908", "levelname": "INFO", "message": "HTTP Request: GET http://localhost:8002/api/v1/payment_intake_matching/aging/reminders \"HTTP/1.1 200 OK\"", "url": null, "method": null, "process_time": null, "taskName": "starlette.middleware.base.BaseHTTPMiddleware.__call__.<locals>.call_next.<locals>.coro"}
{"asctime": "2026-03-03 15:24:05,911", "levelname": "INFO", "message": "", "url": "/api/v1/payment_intake_matching/aging/reminders", "method": "GET", "process_time": 1.2232930660247803, "taskName": "Task-230"}
{"asctime": "2026-03-03 15:24:09,119", "levelname": "INFO", "message": "HTTP Request: GET http://localhost:8001/api/v1/users/auth/me \"HTTP/1.1 200 OK\"", "url": null, "method": null, "process_time": null, "taskName": "Task-240"}
{"asctime": "2026-03-03 15:24:11,412", "levelname": "INFO", "message": "HTTP Request: GET http://localhost:8002/api/v1/payment_intake_matching/aging/reminders \"HTTP/1.1 200 OK\"", "url": null, "method": null, "process_time": null, "taskName": "starlette.middleware.base.BaseHTTPMiddleware.__call__.<locals>.call_next.<locals>.coro"}
{"asctime": "2026-03-03 15:24:11,417", "levelname": "INFO", "message": "", "url": "/api/v1/payment_intake_matching/aging/reminders", "method": "GET", "process_time": 2.235485076904297, "taskName": "Task-240"}
{"asctime": "2026-03-03 15:24:17,509", "levelname": "INFO", "message": "HTTP Request: GET http://localhost:8001/api/v1/users/auth/me \"HTTP/1.1 200 OK\"", "url": null, "method": null, "process_time": null, "taskName": "Task-249"}
{"asctime": "2026-03-03 15:24:18,742", "levelname": "INFO", "message": "HTTP Request: POST http://localhost:8002/api/v1/payment_intake_matching/aging/run \"HTTP/1.1 200 OK\"", "url": null, "method": null, "process_time": null, "taskName": "starlette.middleware.base.BaseHTTPMiddleware.__call__.<locals>.call_next.<locals>.coro"}
{"asctime": "2026-03-03 15:24:18,745", "levelname": "INFO", "message": "", "url": "/api/v1/payment_intake_matching/aging/run", "method": "POST", "process_time": 1.2331180572509766, "taskName": "Task-249"}
{"asctime": "2026-03-03 15:24:20,013", "levelname": "INFO", "message": "HTTP Request: GET http://localhost:8001/api/v1/users/auth/me \"HTTP/1.1 200 OK\"", "url": null, "method": null, "process_time": null, "taskName": "Task-258"}
{"asctime": "2026-03-03 15:24:21,213", "levelname": "INFO", "message": "HTTP Request: GET http://localhost:8002/api/v1/payment_intake_matching/aging/reminders \"HTTP/1.1 200 OK\"", "url": null, "method": null, "process_time": null, "taskName": "starlette.middleware.base.BaseHTTPMiddleware.__call__.<locals>.call_next.<locals>.coro"}
{"asctime": "2026-03-03 15:24:21,220", "levelname": "INFO", "message": "", "url": "/api/v1/payment_intake_matching/aging/reminders", "method": "GET", "process_time": 1.1945102214813232, "taskName": "Task-258"}
{"asctime": "2026-03-03 15:24:37,559", "levelname": "INFO", "message": "HTTP Request: GET http://localhost:8001/api/v1/users/auth/me \"HTTP/1.1 200 OK\"", "url": null, "method": null, "process_time": null, "taskName": "Task-267"}
{"asctime": "2026-03-03 15:24:38,356", "levelname": "INFO", "message": "HTTP Request: GET http://localhost:8001/api/v1/users/auth/me \"HTTP/1.1 200 OK\"", "url": null, "method": null, "process_time": null, "taskName": "Task-273"}
{"asctime": "2026-03-03 15:24:39,189", "levelname": "INFO", "message": "HTTP Request: GET http://localhost:8001/api/v1/users/auth/me \"HTTP/1.1 200 OK\"", "url": null, "method": null, "process_time": null, "taskName": "Task-272"}
{"asctime": "2026-03-03 15:24:39,191", "levelname": "INFO", "message": "HTTP Request: GET http://localhost:8001/api/v1/users/auth/me \"HTTP/1.1 200 OK\"", "url": null, "method": null, "process_time": null, "taskName": "Task-274"}
{"asctime": "2026-03-03 15:24:40,813", "levelname": "INFO", "message": "HTTP Request: GET http://localhost:8002/api/v1/payment_intake_matching/matching/dashboard/summary \"HTTP/1.1 200 OK\"", "url": null, "method": null, "process_time": null, "taskName": "starlette.middleware.base.BaseHTTPMiddleware.__call__.<locals>.call_next.<locals>.coro"}
{"asctime": "2026-03-03 15:24:40,815", "levelname": "INFO", "message": "", "url": "/api/v1/payment_intake_matching/matching/dashboard/summary", "method": "GET", "process_time": 3.2525854110717773, "taskName": "Task-267"}
{"asctime": "2026-03-03 15:24:41,846", "levelname": "INFO", "message": "HTTP Request: GET http://localhost:8002/api/v1/payment_intake_matching/matching/dashboard/unmatched-invoices \"HTTP/1.1 200 OK\"", "url": null, "method": null, "process_time": null, "taskName": "starlette.middleware.base.BaseHTTPMiddleware.__call__.<locals>.call_next.<locals>.coro"}
{"asctime": "2026-03-03 15:24:41,857", "levelname": "INFO", "message": "", "url": "/api/v1/payment_intake_matching/matching/dashboard/unmatched-invoices", "method": "GET", "process_time": 2.6602377891540527, "taskName": "Task-274"}
{"asctime": "2026-03-03 15:24:41,859", "levelname": "INFO", "message": "HTTP Request: GET http://localhost:8002/api/v1/payment_intake_matching/matching/dashboard/unmatched-payments \"HTTP/1.1 200 OK\"", "url": null, "method": null, "process_time": null, "taskName": "starlette.middleware.base.BaseHTTPMiddleware.__call__.<locals>.call_next.<locals>.coro"}
{"asctime": "2026-03-03 15:24:41,862", "levelname": "INFO", "message": "HTTP Request: GET http://localhost:8002/api/v1/payment_intake_matching/matching/dashboard/recent?limit=10 \"HTTP/1.1 200 OK\"", "url": null, "method": null, "process_time": null, "taskName": "starlette.middleware.base.BaseHTTPMiddleware.__call__.<locals>.call_next.<locals>.coro"}
{"asctime": "2026-03-03 15:24:42,943", "levelname": "INFO", "message": "", "url": "/api/v1/payment_intake_matching/matching/dashboard/unmatched-payments", "method": "GET", "process_time": 4.584142208099365, "taskName": "Task-273"}
{"asctime": "2026-03-03 15:24:42,945", "levelname": "INFO", "message": "", "url": "/api/v1/payment_intake_matching/matching/dashboard/recent", "method": "GET", "process_time": 3.7495808601379395, "taskName": "Task-272"}
{"asctime": "2026-03-03 15:24:44,594", "levelname": "INFO", "message": "HTTP Request: GET http://localhost:8001/api/v1/users/auth/me \"HTTP/1.1 200 OK\"", "url": null, "method": null, "process_time": null, "taskName": "Task-303"}
{"asctime": "2026-03-03 15:24:45,458", "levelname": "INFO", "message": "HTTP Request: GET http://localhost:8001/api/v1/users/auth/me \"HTTP/1.1 200 OK\"", "url": null, "method": null, "process_time": null, "taskName": "Task-308"}
{"asctime": "2026-03-03 15:24:46,252", "levelname": "INFO", "message": "HTTP Request: GET http://localhost:8001/api/v1/users/auth/me \"HTTP/1.1 200 OK\"", "url": null, "method": null, "process_time": null, "taskName": "Task-312"}
{"asctime": "2026-03-03 15:24:47,130", "levelname": "INFO", "message": "HTTP Request: GET http://localhost:8001/api/v1/users/auth/me \"HTTP/1.1 200 OK\"", "url": null, "method": null, "process_time": null, "taskName": "Task-313"}
{"asctime": "2026-03-03 15:24:47,975", "levelname": "INFO", "message": "HTTP Request: GET http://localhost:8002/api/v1/payment_intake_matching/matching/dashboard/summary \"HTTP/1.1 200 OK\"", "url": null, "method": null, "process_time": null, "taskName": "starlette.middleware.base.BaseHTTPMiddleware.__call__.<locals>.call_next.<locals>.coro"}
{"asctime": "2026-03-03 15:24:47,980", "levelname": "INFO", "message": "HTTP Request: GET http://localhost:8002/api/v1/payment_intake_matching/matching/dashboard/unmatched-invoices \"HTTP/1.1 200 OK\"", "url": null, "method": null, "process_time": null, "taskName": "starlette.middleware.base.BaseHTTPMiddleware.__call__.<locals>.call_next.<locals>.coro"}
{"asctime": "2026-03-03 15:24:47,982", "levelname": "INFO", "message": "", "url": "/api/v1/payment_intake_matching/matching/dashboard/summary", "method": "GET", "process_time": 3.3843886852264404, "taskName": "Task-303"}
{"asctime": "2026-03-03 15:24:47,995", "levelname": "INFO", "message": "", "url": "/api/v1/payment_intake_matching/matching/dashboard/unmatched-invoices", "method": "GET", "process_time": 2.531371593475342, "taskName": "Task-308"}
{"asctime": "2026-03-03 15:24:48,214", "levelname": "INFO", "message": "HTTP Request: GET http://localhost:8002/api/v1/payment_intake_matching/matching/dashboard/unmatched-payments \"HTTP/1.1 200 OK\"", "url": null, "method": null, "process_time": null, "taskName": "starlette.middleware.base.BaseHTTPMiddleware.__call__.<locals>.call_next.<locals>.coro"}
{"asctime": "2026-03-03 15:24:48,219", "levelname": "INFO", "message": "", "url": "/api/v1/payment_intake_matching/matching/dashboard/unmatched-payments", "method": "GET", "process_time": 1.960742712020874, "taskName": "Task-312"}
{"asctime": "2026-03-03 15:24:48,246", "levelname": "INFO", "message": "HTTP Request: GET http://localhost:8002/api/v1/payment_intake_matching/matching/dashboard/recent?limit=10 \"HTTP/1.1 200 OK\"", "url": null, "method": null, "process_time": null, "taskName": "starlette.middleware.base.BaseHTTPMiddleware.__call__.<locals>.call_next.<locals>.coro"}
{"asctime": "2026-03-03 15:24:48,253", "levelname": "INFO", "message": "", "url": "/api/v1/payment_intake_matching/matching/dashboard/recent", "method": "GET", "process_time": 1.1160085201263428, "taskName": "Task-313"}
{"asctime": "2026-03-03 15:24:58,656", "levelname": "INFO", "message": "HTTP Request: GET http://localhost:8001/api/v1/users/auth/me \"HTTP/1.1 200 OK\"", "url": null, "method": null, "process_time": null, "taskName": "Task-344"}
{"asctime": "2026-03-03 15:24:59,806", "levelname": "INFO", "message": "HTTP Request: GET http://localhost:8002/api/v1/payment_intake_matching/aging/reminders \"HTTP/1.1 200 OK\"", "url": null, "method": null, "process_time": null, "taskName": "starlette.middleware.base.BaseHTTPMiddleware.__call__.<locals>.call_next.<locals>.coro"}
{"asctime": "2026-03-03 15:24:59,808", "levelname": "INFO", "message": "", "url": "/api/v1/payment_intake_matching/aging/reminders", "method": "GET", "process_time": 1.1499412059783936, "taskName": "Task-344"}
{"asctime": "2026-03-03 15:25:01,096", "levelname": "INFO", "message": "HTTP Request: GET http://localhost:8001/api/v1/users/auth/me \"HTTP/1.1 200 OK\"", "url": null, "method": null, "process_time": null, "taskName": "Task-354"}
{"asctime": "2026-03-03 15:25:02,292", "levelname": "INFO", "message": "HTTP Request: GET http://localhost:8002/api/v1/payment_intake_matching/aging/reminders \"HTTP/1.1 200 OK\"", "url": null, "method": null, "process_time": null, "taskName": "starlette.middleware.base.BaseHTTPMiddleware.__call__.<locals>.call_next.<locals>.coro"}
{"asctime": "2026-03-03 15:25:02,294", "levelname": "INFO", "message": "", "url": "/api/v1/payment_intake_matching/aging/reminders", "method": "GET", "process_time": 1.1962354183197021, "taskName": "Task-354"}
{"asctime": "2026-03-03 15:25:12,558", "levelname": "INFO", "message": "HTTP Request: GET http://localhost:8001/api/v1/users/auth/me \"HTTP/1.1 200 OK\"", "url": null, "method": null, "process_time": null, "taskName": "Task-363"}
{"asctime": "2026-03-03 15:25:13,777", "levelname": "INFO", "message": "HTTP Request: GET http://localhost:8002/api/v1/payment_intake_matching/documents/ \"HTTP/1.1 200 OK\"", "url": null, "method": null, "process_time": null, "taskName": "starlette.middleware.base.BaseHTTPMiddleware.__call__.<locals>.call_next.<locals>.coro"}
{"asctime": "2026-03-03 15:25:13,780", "levelname": "INFO", "message": "", "url": "/api/v1/payment_intake_matching/documents/", "method": "GET", "process_time": 1.2193260192871094, "taskName": "Task-363"}
{"asctime": "2026-03-03 15:25:16,049", "levelname": "INFO", "message": "HTTP Request: GET http://localhost:8001/api/v1/users/auth/me \"HTTP/1.1 200 OK\"", "url": null, "method": null, "process_time": null, "taskName": "Task-372"}
{"asctime": "2026-03-03 15:25:17,178", "levelname": "INFO", "message": "HTTP Request: GET http://localhost:8001/api/v1/users/auth/me \"HTTP/1.1 200 OK\"", "url": null, "method": null, "process_time": null, "taskName": "Task-374"}
{"asctime": "2026-03-03 15:25:18,518", "levelname": "INFO", "message": "HTTP Request: GET http://localhost:8002/api/v1/payment_intake_matching/documents/2/payments \"HTTP/1.1 200 OK\"", "url": null, "method": null, "process_time": null, "taskName": "starlette.middleware.base.BaseHTTPMiddleware.__call__.<locals>.call_next.<locals>.coro"}
{"asctime": "2026-03-03 15:25:18,522", "levelname": "INFO", "message": "HTTP Request: GET http://localhost:8002/api/v1/payment_intake_matching/documents/ \"HTTP/1.1 200 OK\"", "url": null, "method": null, "process_time": null, "taskName": "starlette.middleware.base.BaseHTTPMiddleware.__call__.<locals>.call_next.<locals>.coro"}
{"asctime": "2026-03-03 15:25:18,525", "levelname": "INFO", "message": "", "url": "/api/v1/payment_intake_matching/documents/2/payments", "method": "GET", "process_time": 1.3429076671600342, "taskName": "Task-374"}
{"asctime": "2026-03-03 15:25:18,538", "levelname": "INFO", "message": "", "url": "/api/v1/payment_intake_matching/documents/", "method": "GET", "process_time": 2.4833881855010986, "taskName": "Task-372"}
{"asctime": "2026-03-03 15:25:20,254", "levelname": "INFO", "message": "HTTP Request: GET http://localhost:8001/api/v1/users/auth/me \"HTTP/1.1 200 OK\"", "url": null, "method": null, "process_time": null, "taskName": "Task-391"}
{"asctime": "2026-03-03 15:25:21,653", "levelname": "INFO", "message": "HTTP Request: GET http://localhost:8002/api/v1/payment_intake_matching/documents/2/payments \"HTTP/1.1 200 OK\"", "url": null, "method": null, "process_time": null, "taskName": "starlette.middleware.base.BaseHTTPMiddleware.__call__.<locals>.call_next.<locals>.coro"}
{"asctime": "2026-03-03 15:25:21,654", "levelname": "INFO", "message": "", "url": "/api/v1/payment_intake_matching/documents/2/payments", "method": "GET", "process_time": 1.3975334167480469, "taskName": "Task-391"}
{"asctime": "2026-03-03 15:25:56,474", "levelname": "INFO", "message": "HTTP Request: GET http://localhost:8001/api/v1/users/auth/me \"HTTP/1.1 200 OK\"", "url": null, "method": null, "process_time": null, "taskName": "Task-401"}
{"asctime": "2026-03-03 15:25:57,713", "levelname": "INFO", "message": "HTTP Request: GET http://localhost:8002/api/v1/payment_intake_matching/documents/ \"HTTP/1.1 200 OK\"", "url": null, "method": null, "process_time": null, "taskName": "starlette.middleware.base.BaseHTTPMiddleware.__call__.<locals>.call_next.<locals>.coro"}
{"asctime": "2026-03-03 15:25:57,715", "levelname": "INFO", "message": "", "url": "/api/v1/payment_intake_matching/documents/", "method": "GET", "process_time": 1.2389764785766602, "taskName": "Task-401"}
{"asctime": "2026-03-03 15:25:59,908", "levelname": "INFO", "message": "HTTP Request: GET http://localhost:8001/api/v1/users/auth/me \"HTTP/1.1 200 OK\"", "url": null, "method": null, "process_time": null, "taskName": "Task-411"}
{"asctime": "2026-03-03 15:26:00,868", "levelname": "INFO", "message": "HTTP Request: GET http://localhost:8001/api/v1/users/auth/me \"HTTP/1.1 200 OK\"", "url": null, "method": null, "process_time": null, "taskName": "Task-412"}
{"asctime": "2026-03-03 15:26:02,055", "levelname": "INFO", "message": "HTTP Request: GET http://localhost:8002/api/v1/payment_intake_matching/documents/1/invoices \"HTTP/1.1 200 OK\"", "url": null, "method": null, "process_time": null, "taskName": "starlette.middleware.base.BaseHTTPMiddleware.__call__.<locals>.call_next.<locals>.coro"}
{"asctime": "2026-03-03 15:26:02,058", "levelname": "INFO", "message": "HTTP Request: GET http://localhost:8002/api/v1/payment_intake_matching/documents/ \"HTTP/1.1 200 OK\"", "url": null, "method": null, "process_time": null, "taskName": "starlette.middleware.base.BaseHTTPMiddleware.__call__.<locals>.call_next.<locals>.coro"}
{"asctime": "2026-03-03 15:26:02,059", "levelname": "INFO", "message": "", "url": "/api/v1/payment_intake_matching/documents/1/invoices", "method": "GET", "process_time": 1.1869909763336182, "taskName": "Task-412"}
{"asctime": "2026-03-03 15:26:02,080", "levelname": "INFO", "message": "", "url": "/api/v1/payment_intake_matching/documents/", "method": "GET", "process_time": 2.169024705886841, "taskName": "Task-411"}
{"asctime": "2026-03-03 15:26:03,651", "levelname": "INFO", "message": "HTTP Request: GET http://localhost:8001/api/v1/users/auth/me \"HTTP/1.1 200 OK\"", "url": null, "method": null, "process_time": null, "taskName": "Task-429"}
{"asctime": "2026-03-03 15:26:04,872", "levelname": "INFO", "message": "HTTP Request: GET http://localhost:8002/api/v1/payment_intake_matching/documents/1/invoices \"HTTP/1.1 200 OK\"", "url": null, "method": null, "process_time": null, "taskName": "starlette.middleware.base.BaseHTTPMiddleware.__call__.<locals>.call_next.<locals>.coro"}
{"asctime": "2026-03-03 15:26:04,876", "levelname": "INFO", "message": "", "url": "/api/v1/payment_intake_matching/documents/1/invoices", "method": "GET", "process_time": 1.2201390266418457, "taskName": "Task-429"}
{"asctime": "2026-03-03 15:26:14,659", "levelname": "INFO", "message": "HTTP Request: GET http://localhost:8001/api/v1/users/auth/me \"HTTP/1.1 200 OK\"", "url": null, "method": null, "process_time": null, "taskName": "Task-439"}
{"asctime": "2026-03-03 15:26:15,848", "levelname": "INFO", "message": "HTTP Request: GET http://localhost:8002/api/v1/payment_intake_matching/documents/ \"HTTP/1.1 200 OK\"", "url": null, "method": null, "process_time": null, "taskName": "starlette.middleware.base.BaseHTTPMiddleware.__call__.<locals>.call_next.<locals>.coro"}
{"asctime": "2026-03-03 15:26:15,853", "levelname": "INFO", "message": "", "url": "/api/v1/payment_intake_matching/documents/", "method": "GET", "process_time": 1.1919763088226318, "taskName": "Task-439"}
{"asctime": "2026-03-03 15:26:17,992", "levelname": "INFO", "message": "HTTP Request: GET http://localhost:8001/api/v1/users/auth/me \"HTTP/1.1 200 OK\"", "url": null, "method": null, "process_time": null, "taskName": "Task-450"}
{"asctime": "2026-03-03 15:26:18,851", "levelname": "INFO", "message": "HTTP Request: GET http://localhost:8001/api/v1/users/auth/me \"HTTP/1.1 200 OK\"", "url": null, "method": null, "process_time": null, "taskName": "Task-449"}
{"asctime": "2026-03-03 15:26:19,957", "levelname": "INFO", "message": "HTTP Request: GET http://localhost:8002/api/v1/payment_intake_matching/documents/ \"HTTP/1.1 200 OK\"", "url": null, "method": null, "process_time": null, "taskName": "starlette.middleware.base.BaseHTTPMiddleware.__call__.<locals>.call_next.<locals>.coro"}
{"asctime": "2026-03-03 15:26:19,961", "levelname": "INFO", "message": "HTTP Request: GET http://localhost:8002/api/v1/payment_intake_matching/documents/2/payments \"HTTP/1.1 200 OK\"", "url": null, "method": null, "process_time": null, "taskName": "starlette.middleware.base.BaseHTTPMiddleware.__call__.<locals>.call_next.<locals>.coro"}
{"asctime": "2026-03-03 15:26:19,963", "levelname": "INFO", "message": "", "url": "/api/v1/payment_intake_matching/documents/", "method": "GET", "process_time": 1.1083834171295166, "taskName": "Task-449"}
{"asctime": "2026-03-03 15:26:19,977", "levelname": "INFO", "message": "", "url": "/api/v1/payment_intake_matching/documents/2/payments", "method": "GET", "process_time": 1.9835312366485596, "taskName": "Task-450"}
{"asctime": "2026-03-03 15:26:21,278", "levelname": "INFO", "message": "HTTP Request: GET http://localhost:8001/api/v1/users/auth/me \"HTTP/1.1 200 OK\"", "url": null, "method": null, "process_time": null, "taskName": "Task-467"}
{"asctime": "2026-03-03 15:26:22,439", "levelname": "INFO", "message": "HTTP Request: GET http://localhost:8002/api/v1/payment_intake_matching/documents/2/payments \"HTTP/1.1 200 OK\"", "url": null, "method": null, "process_time": null, "taskName": "starlette.middleware.base.BaseHTTPMiddleware.__call__.<locals>.call_next.<locals>.coro"}
{"asctime": "2026-03-03 15:26:22,444", "levelname": "INFO", "message": "", "url": "/api/v1/payment_intake_matching/documents/2/payments", "method": "GET", "process_time": 1.1626315116882324, "taskName": "Task-467"}
{"asctime": "2026-03-03 15:26:47,439", "levelname": "INFO", "message": "HTTP Request: GET http://localhost:8001/api/v1/users/auth/me \"HTTP/1.1 200 OK\"", "url": null, "method": null, "process_time": null, "taskName": "Task-477"}
{"asctime": "2026-03-03 15:26:48,564", "levelname": "INFO", "message": "HTTP Request: GET http://localhost:8002/api/v1/payment_intake_matching/matching/dashboard/recent?limit=200 \"HTTP/1.1 200 OK\"", "url": null, "method": null, "process_time": null, "taskName": "starlette.middleware.base.BaseHTTPMiddleware.__call__.<locals>.call_next.<locals>.coro"}
{"asctime": "2026-03-03 15:26:48,569", "levelname": "INFO", "message": "", "url": "/api/v1/payment_intake_matching/matching/dashboard/recent", "method": "GET", "process_time": 1.1273553371429443, "taskName": "Task-477"}
{"asctime": "2026-03-03 15:26:49,875", "levelname": "INFO", "message": "HTTP Request: GET http://localhost:8001/api/v1/users/auth/me \"HTTP/1.1 200 OK\"", "url": null, "method": null, "process_time": null, "taskName": "Task-487"}
{"asctime": "2026-03-03 15:26:51,053", "levelname": "INFO", "message": "HTTP Request: GET http://localhost:8002/api/v1/payment_intake_matching/matching/dashboard/recent?limit=200 \"HTTP/1.1 200 OK\"", "url": null, "method": null, "process_time": null, "taskName": "starlette.middleware.base.BaseHTTPMiddleware.__call__.<locals>.call_next.<locals>.coro"}
{"asctime": "2026-03-03 15:26:51,056", "levelname": "INFO", "message": "", "url": "/api/v1/payment_intake_matching/matching/dashboard/recent", "method": "GET", "process_time": 1.17872953414917, "taskName": "Task-487"}
{"asctime": "2026-03-03 15:27:00,342", "levelname": "INFO", "message": "HTTP Request: GET http://localhost:8001/api/v1/users/auth/me \"HTTP/1.1 200 OK\"", "url": null, "method": null, "process_time": null, "taskName": "Task-496"}
{"asctime": "2026-03-03 15:27:01,227", "levelname": "INFO", "message": "HTTP Request: GET http://localhost:8001/api/v1/users/auth/me \"HTTP/1.1 200 OK\"", "url": null, "method": null, "process_time": null, "taskName": "Task-500"}
{"asctime": "2026-03-03 15:27:02,118", "levelname": "INFO", "message": "HTTP Request: GET http://localhost:8001/api/v1/users/auth/me \"HTTP/1.1 200 OK\"", "url": null, "method": null, "process_time": null, "taskName": "Task-501"}
{"asctime": "2026-03-03 15:27:02,119", "levelname": "INFO", "message": "HTTP Request: GET http://localhost:8001/api/v1/users/auth/me \"HTTP/1.1 200 OK\"", "url": null, "method": null, "process_time": null, "taskName": "Task-502"}
{"asctime": "2026-03-03 15:27:03,959", "levelname": "INFO", "message": "HTTP Request: GET http://localhost:8002/api/v1/payment_intake_matching/matching/dashboard/summary \"HTTP/1.1 200 OK\"", "url": null, "method": null, "process_time": null, "taskName": "starlette.middleware.base.BaseHTTPMiddleware.__call__.<locals>.call_next.<locals>.coro"}
{"asctime": "2026-03-03 15:27:03,963", "levelname": "INFO", "message": "", "url": "/api/v1/payment_intake_matching/matching/dashboard/summary", "method": "GET", "process_time": 3.617769479751587, "taskName": "Task-496"}
{"asctime": "2026-03-03 15:27:05,114", "levelname": "INFO", "message": "HTTP Request: GET http://localhost:8002/api/v1/payment_intake_matching/matching/dashboard/unmatched-invoices \"HTTP/1.1 200 OK\"", "url": null, "method": null, "process_time": null, "taskName": "starlette.middleware.base.BaseHTTPMiddleware.__call__.<locals>.call_next.<locals>.coro"}
{"asctime": "2026-03-03 15:27:05,120", "levelname": "INFO", "message": "HTTP Request: GET http://localhost:8002/api/v1/payment_intake_matching/matching/dashboard/unmatched-payments \"HTTP/1.1 200 OK\"", "url": null, "method": null, "process_time": null, "taskName": "starlette.middleware.base.BaseHTTPMiddleware.__call__.<locals>.call_next.<locals>.coro"}
{"asctime": "2026-03-03 15:27:05,123", "levelname": "INFO", "message": "", "url": "/api/v1/payment_intake_matching/matching/dashboard/unmatched-invoices", "method": "GET", "process_time": 2.998990058898926, "taskName": "Task-501"}
{"asctime": "2026-03-03 15:27:05,126", "levelname": "INFO", "message": "HTTP Request: GET http://localhost:8002/api/v1/payment_intake_matching/matching/dashboard/recent?limit=10 \"HTTP/1.1 200 OK\"", "url": null, "method": null, "process_time": null, "taskName": "starlette.middleware.base.BaseHTTPMiddleware.__call__.<locals>.call_next.<locals>.coro"}
{"asctime": "2026-03-03 15:27:05,129", "levelname": "INFO", "message": "", "url": "/api/v1/payment_intake_matching/matching/dashboard/unmatched-payments", "method": "GET", "process_time": 3.003727912902832, "taskName": "Task-502"}
{"asctime": "2026-03-03 15:27:05,977", "levelname": "INFO", "message": "", "url": "/api/v1/payment_intake_matching/matching/dashboard/recent", "method": "GET", "process_time": 4.748605489730835, "taskName": "Task-500"}
{"asctime": "2026-03-03 15:27:07,789", "levelname": "INFO", "message": "HTTP Request: GET http://localhost:8001/api/v1/users/auth/me \"HTTP/1.1 200 OK\"", "url": null, "method": null, "process_time": null, "taskName": "Task-532"}
{"asctime": "2026-03-03 15:27:08,752", "levelname": "INFO", "message": "HTTP Request: GET http://localhost:8001/api/v1/users/auth/me \"HTTP/1.1 200 OK\"", "url": null, "method": null, "process_time": null, "taskName": "Task-538"}
{"asctime": "2026-03-03 15:27:09,593", "levelname": "INFO", "message": "HTTP Request: GET http://localhost:8001/api/v1/users/auth/me \"HTTP/1.1 200 OK\"", "url": null, "method": null, "process_time": null, "taskName": "Task-539"}
{"asctime": "2026-03-03 15:27:10,852", "levelname": "INFO", "message": "HTTP Request: GET http://localhost:8001/api/v1/users/auth/me \"HTTP/1.1 200 OK\"", "url": null, "method": null, "process_time": null, "taskName": "Task-541"}
{"asctime": "2026-03-03 15:27:11,725", "levelname": "INFO", "message": "HTTP Request: GET http://localhost:8002/api/v1/payment_intake_matching/matching/dashboard/unmatched-invoices \"HTTP/1.1 200 OK\"", "url": null, "method": null, "process_time": null, "taskName": "starlette.middleware.base.BaseHTTPMiddleware.__call__.<locals>.call_next.<locals>.coro"}
{"asctime": "2026-03-03 15:27:11,728", "levelname": "INFO", "message": "HTTP Request: GET http://localhost:8002/api/v1/payment_intake_matching/matching/dashboard/summary \"HTTP/1.1 200 OK\"", "url": null, "method": null, "process_time": null, "taskName": "starlette.middleware.base.BaseHTTPMiddleware.__call__.<locals>.call_next.<locals>.coro"}
{"asctime": "2026-03-03 15:27:11,729", "levelname": "INFO", "message": "", "url": "/api/v1/payment_intake_matching/matching/dashboard/unmatched-invoices", "method": "GET", "process_time": 2.966019868850708, "taskName": "Task-538"}
{"asctime": "2026-03-03 15:27:11,738", "levelname": "INFO", "message": "", "url": "/api/v1/payment_intake_matching/matching/dashboard/summary", "method": "GET", "process_time": 3.9445810317993164, "taskName": "Task-532"}
{"asctime": "2026-03-03 15:27:11,995", "levelname": "INFO", "message": "HTTP Request: GET http://localhost:8002/api/v1/payment_intake_matching/matching/dashboard/recent?limit=10 \"HTTP/1.1 200 OK\"", "url": null, "method": null, "process_time": null, "taskName": "starlette.middleware.base.BaseHTTPMiddleware.__call__.<locals>.call_next.<locals>.coro"}
{"asctime": "2026-03-03 15:27:11,999", "levelname": "INFO", "message": "", "url": "/api/v1/payment_intake_matching/matching/dashboard/recent", "method": "GET", "process_time": 1.141237735748291, "taskName": "Task-541"}
{"asctime": "2026-03-03 15:27:12,009", "levelname": "INFO", "message": "HTTP Request: GET http://localhost:8002/api/v1/payment_intake_matching/matching/dashboard/unmatched-payments \"HTTP/1.1 200 OK\"", "url": null, "method": null, "process_time": null, "taskName": "starlette.middleware.base.BaseHTTPMiddleware.__call__.<locals>.call_next.<locals>.coro"}
{"asctime": "2026-03-03 15:27:12,029", "levelname": "INFO", "message": "", "url": "/api/v1/payment_intake_matching/matching/dashboard/unmatched-payments", "method": "GET", "process_time": 2.431399345397949, "taskName": "Task-539"}
{"asctime": "2026-03-03 15:27:21,574", "levelname": "INFO", "message": "HTTP Request: GET http://localhost:8001/api/v1/users/auth/me \"HTTP/1.1 200 OK\"", "url": null, "method": null, "process_time": null, "taskName": "Task-573"}
{"asctime": "2026-03-03 15:27:22,743", "levelname": "INFO", "message": "HTTP Request: GET http://localhost:8002/api/v1/payment_intake_matching/aging/reminders \"HTTP/1.1 200 OK\"", "url": null, "method": null, "process_time": null, "taskName": "starlette.middleware.base.BaseHTTPMiddleware.__call__.<locals>.call_next.<locals>.coro"}
{"asctime": "2026-03-03 15:27:22,746", "levelname": "INFO", "message": "", "url": "/api/v1/payment_intake_matching/aging/reminders", "method": "GET", "process_time": 1.168518304824829, "taskName": "Task-573"}
{"asctime": "2026-03-03 15:27:24,097", "levelname": "INFO", "message": "HTTP Request: GET http://localhost:8001/api/v1/users/auth/me \"HTTP/1.1 200 OK\"", "url": null, "method": null, "process_time": null, "taskName": "Task-583"}
{"asctime": "2026-03-03 15:27:25,297", "levelname": "INFO", "message": "HTTP Request: GET http://localhost:8002/api/v1/payment_intake_matching/aging/reminders \"HTTP/1.1 200 OK\"", "url": null, "method": null, "process_time": null, "taskName": "starlette.middleware.base.BaseHTTPMiddleware.__call__.<locals>.call_next.<locals>.coro"}
{"asctime": "2026-03-03 15:27:25,305", "levelname": "INFO", "message": "", "url": "/api/v1/payment_intake_matching/aging/reminders", "method": "GET", "process_time": 1.2025680541992188, "taskName": "Task-583"}
{"asctime": "2026-03-03 15:27:45,870", "levelname": "INFO", "message": "HTTP Request: GET http://localhost:8001/api/v1/users/auth/me \"HTTP/1.1 200 OK\"", "url": null, "method": null, "process_time": null, "taskName": "Task-592"}
{"asctime": "2026-03-03 15:27:50,592", "levelname": "INFO", "message": "HTTP Request: GET http://localhost:8001/api/v1/users/auth/me \"HTTP/1.1 200 OK\"", "url": null, "method": null, "process_time": null, "taskName": "Task-598"}
{"asctime": "2026-03-03 15:27:51,634", "levelname": "INFO", "message": "HTTP Request: GET http://localhost:8001/api/v1/users/auth/me \"HTTP/1.1 200 OK\"", "url": null, "method": null, "process_time": null, "taskName": "Task-596"}
{"asctime": "2026-03-03 15:27:51,636", "levelname": "INFO", "message": "HTTP Request: GET http://localhost:8001/api/v1/users/auth/me \"HTTP/1.1 200 OK\"", "url": null, "method": null, "process_time": null, "taskName": "Task-597"}
{"asctime": "2026-03-03 15:27:53,277", "levelname": "INFO", "message": "HTTP Request: GET http://localhost:8002/api/v1/payment_intake_matching/matching/dashboard/summary \"HTTP/1.1 200 OK\"", "url": null, "method": null, "process_time": null, "taskName": "starlette.middleware.base.BaseHTTPMiddleware.__call__.<locals>.call_next.<locals>.coro"}
{"asctime": "2026-03-03 15:27:53,280", "levelname": "INFO", "message": "", "url": "/api/v1/payment_intake_matching/matching/dashboard/summary", "method": "GET", "process_time": 7.406705379486084, "taskName": "Task-592"}
{"asctime": "2026-03-03 15:27:54,381", "levelname": "INFO", "message": "HTTP Request: GET http://localhost:8002/api/v1/payment_intake_matching/matching/dashboard/unmatched-payments \"HTTP/1.1 200 OK\"", "url": null, "method": null, "process_time": null, "taskName": "starlette.middleware.base.BaseHTTPMiddleware.__call__.<locals>.call_next.<locals>.coro"}
{"asctime": "2026-03-03 15:27:54,415", "levelname": "INFO", "message": "", "url": "/api/v1/payment_intake_matching/matching/dashboard/unmatched-payments", "method": "GET", "process_time": 3.8189871311187744, "taskName": "Task-598"}
{"asctime": "2026-03-03 15:27:54,433", "levelname": "INFO", "message": "HTTP Request: GET http://localhost:8002/api/v1/payment_intake_matching/matching/dashboard/unmatched-invoices \"HTTP/1.1 200 OK\"", "url": null, "method": null, "process_time": null, "taskName": "starlette.middleware.base.BaseHTTPMiddleware.__call__.<locals>.call_next.<locals>.coro"}
{"asctime": "2026-03-03 15:27:54,526", "levelname": "INFO", "message": "HTTP Request: GET http://localhost:8002/api/v1/payment_intake_matching/matching/dashboard/recent?limit=10 \"HTTP/1.1 200 OK\"", "url": null, "method": null, "process_time": null, "taskName": "starlette.middleware.base.BaseHTTPMiddleware.__call__.<locals>.call_next.<locals>.coro"}
{"asctime": "2026-03-03 15:27:55,407", "levelname": "INFO", "message": "", "url": "/api/v1/payment_intake_matching/matching/dashboard/unmatched-invoices", "method": "GET", "process_time": 3.767298698425293, "taskName": "Task-596"}
{"asctime": "2026-03-03 15:27:55,410", "levelname": "INFO", "message": "", "url": "/api/v1/payment_intake_matching/matching/dashboard/recent", "method": "GET", "process_time": 3.762638807296753, "taskName": "Task-597"}
{"asctime": "2026-03-03 15:27:57,117", "levelname": "INFO", "message": "HTTP Request: GET http://localhost:8001/api/v1/users/auth/me \"HTTP/1.1 200 OK\"", "url": null, "method": null, "process_time": null, "taskName": "Task-628"}
{"asctime": "2026-03-03 15:27:57,996", "levelname": "INFO", "message": "HTTP Request: GET http://localhost:8001/api/v1/users/auth/me \"HTTP/1.1 200 OK\"", "url": null, "method": null, "process_time": null, "taskName": "Task-634"}
{"asctime": "2026-03-03 15:27:58,835", "levelname": "INFO", "message": "HTTP Request: GET http://localhost:8001/api/v1/users/auth/me \"HTTP/1.1 200 OK\"", "url": null, "method": null, "process_time": null, "taskName": "Task-638"}
{"asctime": "2026-03-03 15:27:59,703", "levelname": "INFO", "message": "HTTP Request: GET http://localhost:8001/api/v1/users/auth/me \"HTTP/1.1 200 OK\"", "url": null, "method": null, "process_time": null, "taskName": "Task-637"}
{"asctime": "2026-03-03 15:28:00,532", "levelname": "INFO", "message": "HTTP Request: GET http://localhost:8002/api/v1/payment_intake_matching/matching/dashboard/unmatched-payments \"HTTP/1.1 200 OK\"", "url": null, "method": null, "process_time": null, "taskName": "starlette.middleware.base.BaseHTTPMiddleware.__call__.<locals>.call_next.<locals>.coro"}
{"asctime": "2026-03-03 15:28:00,536", "levelname": "INFO", "message": "", "url": "/api/v1/payment_intake_matching/matching/dashboard/unmatched-payments", "method": "GET", "process_time": 2.5302908420562744, "taskName": "Task-634"}
{"asctime": "2026-03-03 15:28:00,542", "levelname": "INFO", "message": "HTTP Request: GET http://localhost:8002/api/v1/payment_intake_matching/matching/dashboard/summary \"HTTP/1.1 200 OK\"", "url": null, "method": null, "process_time": null, "taskName": "starlette.middleware.base.BaseHTTPMiddleware.__call__.<locals>.call_next.<locals>.coro"}
{"asctime": "2026-03-03 15:28:00,573", "levelname": "INFO", "message": "", "url": "/api/v1/payment_intake_matching/matching/dashboard/summary", "method": "GET", "process_time": 3.4516584873199463, "taskName": "Task-628"}
{"asctime": "2026-03-03 15:28:00,791", "levelname": "INFO", "message": "HTTP Request: GET http://localhost:8002/api/v1/payment_intake_matching/matching/dashboard/recent?limit=10 \"HTTP/1.1 200 OK\"", "url": null, "method": null, "process_time": null, "taskName": "starlette.middleware.base.BaseHTTPMiddleware.__call__.<locals>.call_next.<locals>.coro"}
{"asctime": "2026-03-03 15:28:00,794", "levelname": "INFO", "message": "HTTP Request: GET http://localhost:8002/api/v1/payment_intake_matching/matching/dashboard/unmatched-invoices \"HTTP/1.1 200 OK\"", "url": null, "method": null, "process_time": null, "taskName": "starlette.middleware.base.BaseHTTPMiddleware.__call__.<locals>.call_next.<locals>.coro"}
{"asctime": "2026-03-03 15:28:00,796", "levelname": "INFO", "message": "", "url": "/api/v1/payment_intake_matching/matching/dashboard/recent", "method": "GET", "process_time": 1.949413776397705, "taskName": "Task-638"}
{"asctime": "2026-03-03 15:28:00,804", "levelname": "INFO", "message": "", "url": "/api/v1/payment_intake_matching/matching/dashboard/unmatched-invoices", "method": "GET", "process_time": 1.0945613384246826, "taskName": "Task-637"}
{"asctime": "2026-03-03 15:28:45,117", "levelname": "INFO", "message": "HTTP Request: GET http://localhost:8001/api/v1/users/auth/me \"HTTP/1.1 200 OK\"", "url": null, "method": null, "process_time": null, "taskName": "Task-669"}
{"asctime": "2026-03-03 15:28:45,966", "levelname": "INFO", "message": "HTTP Request: GET http://localhost:8001/api/v1/users/auth/me \"HTTP/1.1 200 OK\"", "url": null, "method": null, "process_time": null, "taskName": "Task-676"}
{"asctime": "2026-03-03 15:28:46,805", "levelname": "INFO", "message": "HTTP Request: GET http://localhost:8001/api/v1/users/auth/me \"HTTP/1.1 200 OK\"", "url": null, "method": null, "process_time": null, "taskName": "Task-674"}
{"asctime": "2026-03-03 15:28:46,807", "levelname": "INFO", "message": "HTTP Request: GET http://localhost:8001/api/v1/users/auth/me \"HTTP/1.1 200 OK\"", "url": null, "method": null, "process_time": null, "taskName": "Task-675"}
{"asctime": "2026-03-03 15:28:48,500", "levelname": "INFO", "message": "HTTP Request: GET http://localhost:8002/api/v1/payment_intake_matching/matching/dashboard/summary \"HTTP/1.1 200 OK\"", "url": null, "method": null, "process_time": null, "taskName": "starlette.middleware.base.BaseHTTPMiddleware.__call__.<locals>.call_next.<locals>.coro"}
{"asctime": "2026-03-03 15:28:48,503", "levelname": "INFO", "message": "", "url": "/api/v1/payment_intake_matching/matching/dashboard/summary", "method": "GET", "process_time": 3.3843653202056885, "taskName": "Task-669"}
{"asctime": "2026-03-03 15:28:48,787", "levelname": "INFO", "message": "HTTP Request: GET http://localhost:8002/api/v1/payment_intake_matching/matching/dashboard/unmatched-invoices \"HTTP/1.1 200 OK\"", "url": null, "method": null, "process_time": null, "taskName": "starlette.middleware.base.BaseHTTPMiddleware.__call__.<locals>.call_next.<locals>.coro"}
{"asctime": "2026-03-03 15:28:48,790", "levelname": "INFO", "message": "HTTP Request: GET http://localhost:8002/api/v1/payment_intake_matching/matching/dashboard/recent?limit=10 \"HTTP/1.1 200 OK\"", "url": null, "method": null, "process_time": null, "taskName": "starlette.middleware.base.BaseHTTPMiddleware.__call__.<locals>.call_next.<locals>.coro"}
{"asctime": "2026-03-03 15:28:48,793", "levelname": "INFO", "message": "HTTP Request: GET http://localhost:8002/api/v1/payment_intake_matching/matching/dashboard/unmatched-payments \"HTTP/1.1 200 OK\"", "url": null, "method": null, "process_time": null, "taskName": "starlette.middleware.base.BaseHTTPMiddleware.__call__.<locals>.call_next.<locals>.coro"}
{"asctime": "2026-03-03 15:28:48,794", "levelname": "INFO", "message": "", "url": "/api/v1/payment_intake_matching/matching/dashboard/unmatched-invoices", "method": "GET", "process_time": 2.8235151767730713, "taskName": "Task-676"}
{"asctime": "2026-03-03 15:28:48,806", "levelname": "INFO", "message": "", "url": "/api/v1/payment_intake_matching/matching/dashboard/recent", "method": "GET", "process_time": 1.9818446636199951, "taskName": "Task-675"}
{"asctime": "2026-03-03 15:28:48,808", "levelname": "INFO", "message": "", "url": "/api/v1/payment_intake_matching/matching/dashboard/unmatched-payments", "method": "GET", "process_time": 1.9906713962554932, "taskName": "Task-674"}
{"asctime": "2026-03-03 15:29:46,188", "levelname": "INFO", "message": "HTTP Request: GET http://localhost:8001/api/v1/users/auth/me \"HTTP/1.1 200 OK\"", "url": null, "method": null, "process_time": null, "taskName": "Task-714"}
{"asctime": "2026-03-03 15:29:47,014", "levelname": "INFO", "message": "HTTP Request: GET http://localhost:8001/api/v1/users/auth/me \"HTTP/1.1 200 OK\"", "url": null, "method": null, "process_time": null, "taskName": "Task-716"}
{"asctime": "2026-03-03 15:29:47,017", "levelname": "INFO", "message": "HTTP Request: GET http://localhost:8001/api/v1/users/auth/me \"HTTP/1.1 200 OK\"", "url": null, "method": null, "process_time": null, "taskName": "Task-712"}
{"asctime": "2026-03-03 15:29:47,019", "levelname": "INFO", "message": "HTTP Request: GET http://localhost:8001/api/v1/users/auth/me \"HTTP/1.1 200 OK\"", "url": null, "method": null, "process_time": null, "taskName": "Task-715"}
{"asctime": "2026-03-03 15:29:49,849", "levelname": "INFO", "message": "HTTP Request: GET http://localhost:8002/api/v1/payment_intake_matching/matching/dashboard/unmatched-invoices \"HTTP/1.1 200 OK\"", "url": null, "method": null, "process_time": null, "taskName": "starlette.middleware.base.BaseHTTPMiddleware.__call__.<locals>.call_next.<locals>.coro"}
{"asctime": "2026-03-03 15:29:49,854", "levelname": "INFO", "message": "", "url": "/api/v1/payment_intake_matching/matching/dashboard/unmatched-invoices", "method": "GET", "process_time": 3.661656379699707, "taskName": "Task-714"}
{"asctime": "2026-03-03 15:29:49,865", "levelname": "INFO", "message": "HTTP Request: GET http://localhost:8002/api/v1/payment_intake_matching/matching/dashboard/summary \"HTTP/1.1 200 OK\"", "url": null, "method": null, "process_time": null, "taskName": "starlette.middleware.base.BaseHTTPMiddleware.__call__.<locals>.call_next.<locals>.coro"}
{"asctime": "2026-03-03 15:29:49,915", "levelname": "INFO", "message": "HTTP Request: GET http://localhost:8002/api/v1/payment_intake_matching/matching/dashboard/recent?limit=10 \"HTTP/1.1 200 OK\"", "url": null, "method": null, "process_time": null, "taskName": "starlette.middleware.base.BaseHTTPMiddleware.__call__.<locals>.call_next.<locals>.coro"}
{"asctime": "2026-03-03 15:29:49,920", "levelname": "INFO", "message": "", "url": "/api/v1/payment_intake_matching/matching/dashboard/summary", "method": "GET", "process_time": 2.8950259685516357, "taskName": "Task-712"}
{"asctime": "2026-03-03 15:29:49,932", "levelname": "INFO", "message": "", "url": "/api/v1/payment_intake_matching/matching/dashboard/recent", "method": "GET", "process_time": 2.905034303665161, "taskName": "Task-715"}
{"asctime": "2026-03-03 15:29:49,938", "levelname": "INFO", "message": "HTTP Request: GET http://localhost:8002/api/v1/payment_intake_matching/matching/dashboard/unmatched-payments \"HTTP/1.1 200 OK\"", "url": null, "method": null, "process_time": null, "taskName": "starlette.middleware.base.BaseHTTPMiddleware.__call__.<locals>.call_next.<locals>.coro"}
{"asctime": "2026-03-03 15:29:50,061", "levelname": "INFO", "message": "", "url": "/api/v1/payment_intake_matching/matching/dashboard/unmatched-payments", "method": "GET", "process_time": 3.0392978191375732, "taskName": "Task-716"}
{"asctime": "2026-03-03 15:30:46,099", "levelname": "INFO", "message": "HTTP Request: GET http://localhost:8001/api/v1/users/auth/me \"HTTP/1.1 200 OK\"", "url": null, "method": null, "process_time": null, "taskName": "Task-756"}
{"asctime": "2026-03-03 15:30:46,918", "levelname": "INFO", "message": "HTTP Request: GET http://localhost:8001/api/v1/users/auth/me \"HTTP/1.1 200 OK\"", "url": null, "method": null, "process_time": null, "taskName": "Task-754"}
{"asctime": "2026-03-03 15:30:46,921", "levelname": "INFO", "message": "HTTP Request: GET http://localhost:8001/api/v1/users/auth/me \"HTTP/1.1 200 OK\"", "url": null, "method": null, "process_time": null, "taskName": "Task-755"}
{"asctime": "2026-03-03 15:30:46,923", "levelname": "INFO", "message": "HTTP Request: GET http://localhost:8001/api/v1/users/auth/me \"HTTP/1.1 200 OK\"", "url": null, "method": null, "process_time": null, "taskName": "Task-753"}
{"asctime": "2026-03-03 15:30:49,765", "levelname": "INFO", "message": "HTTP Request: GET http://localhost:8002/api/v1/payment_intake_matching/matching/dashboard/unmatched-payments \"HTTP/1.1 200 OK\"", "url": null, "method": null, "process_time": null, "taskName": "starlette.middleware.base.BaseHTTPMiddleware.__call__.<locals>.call_next.<locals>.coro"}
{"asctime": "2026-03-03 15:30:49,784", "levelname": "INFO", "message": "", "url": "/api/v1/payment_intake_matching/matching/dashboard/unmatched-payments", "method": "GET", "process_time": 3.6804282665252686, "taskName": "Task-756"}
{"asctime": "2026-03-03 15:30:49,853", "levelname": "INFO", "message": "HTTP Request: GET http://localhost:8002/api/v1/payment_intake_matching/matching/dashboard/recent?limit=10 \"HTTP/1.1 200 OK\"", "url": null, "method": null, "process_time": null, "taskName": "starlette.middleware.base.BaseHTTPMiddleware.__call__.<locals>.call_next.<locals>.coro"}
{"asctime": "2026-03-03 15:30:49,856", "levelname": "INFO", "message": "HTTP Request: GET http://localhost:8002/api/v1/payment_intake_matching/matching/dashboard/summary \"HTTP/1.1 200 OK\"", "url": null, "method": null, "process_time": null, "taskName": "starlette.middleware.base.BaseHTTPMiddleware.__call__.<locals>.call_next.<locals>.coro"}
{"asctime": "2026-03-03 15:30:49,862", "levelname": "INFO", "message": "HTTP Request: GET http://localhost:8002/api/v1/payment_intake_matching/matching/dashboard/unmatched-invoices \"HTTP/1.1 200 OK\"", "url": null, "method": null, "process_time": null, "taskName": "starlette.middleware.base.BaseHTTPMiddleware.__call__.<locals>.call_next.<locals>.coro"}
{"asctime": "2026-03-03 15:30:49,864", "levelname": "INFO", "message": "", "url": "/api/v1/payment_intake_matching/matching/dashboard/recent", "method": "GET", "process_time": 2.923647880554199, "taskName": "Task-754"}
{"asctime": "2026-03-03 15:30:49,872", "levelname": "INFO", "message": "", "url": "/api/v1/payment_intake_matching/matching/dashboard/summary", "method": "GET", "process_time": 2.9301698207855225, "taskName": "Task-753"}
{"asctime": "2026-03-03 15:30:49,875", "levelname": "INFO", "message": "", "url": "/api/v1/payment_intake_matching/matching/dashboard/unmatched-invoices", "method": "GET", "process_time": 2.934236764907837, "taskName": "Task-755"}
{"asctime": "2026-03-03 15:31:48,197", "levelname": "INFO", "message": "HTTP Request: GET http://localhost:8001/api/v1/users/auth/me \"HTTP/1.1 200 OK\"", "url": null, "method": null, "process_time": null, "taskName": "Task-794"}
{"asctime": "2026-03-03 15:31:49,185", "levelname": "INFO", "message": "HTTP Request: GET http://localhost:8001/api/v1/users/auth/me \"HTTP/1.1 200 OK\"", "url": null, "method": null, "process_time": null, "taskName": "Task-790"}
{"asctime": "2026-03-03 15:31:49,187", "levelname": "INFO", "message": "HTTP Request: GET http://localhost:8001/api/v1/users/auth/me \"HTTP/1.1 200 OK\"", "url": null, "method": null, "process_time": null, "taskName": "Task-795"}
{"asctime": "2026-03-03 15:31:49,188", "levelname": "INFO", "message": "HTTP Request: GET http://localhost:8001/api/v1/users/auth/me \"HTTP/1.1 200 OK\"", "url": null, "method": null, "process_time": null, "taskName": "Task-796"}
{"asctime": "2026-03-03 15:31:50,494", "levelname": "INFO", "message": "HTTP Request: GET http://localhost:8002/api/v1/payment_intake_matching/matching/dashboard/unmatched-invoices \"HTTP/1.1 200 OK\"", "url": null, "method": null, "process_time": null, "taskName": "starlette.middleware.base.BaseHTTPMiddleware.__call__.<locals>.call_next.<locals>.coro"}
{"asctime": "2026-03-03 15:31:50,497", "levelname": "INFO", "message": "HTTP Request: GET http://localhost:8002/api/v1/payment_intake_matching/matching/dashboard/summary \"HTTP/1.1 200 OK\"", "url": null, "method": null, "process_time": null, "taskName": "starlette.middleware.base.BaseHTTPMiddleware.__call__.<locals>.call_next.<locals>.coro"}
{"asctime": "2026-03-03 15:31:50,499", "levelname": "INFO", "message": "", "url": "/api/v1/payment_intake_matching/matching/dashboard/unmatched-invoices", "method": "GET", "process_time": 1.0016024112701416, "taskName": "Task-796"}
{"asctime": "2026-03-03 15:31:50,500", "levelname": "INFO", "message": "HTTP Request: GET http://localhost:8002/api/v1/payment_intake_matching/matching/dashboard/recent?limit=10 \"HTTP/1.1 200 OK\"", "url": null, "method": null, "process_time": null, "taskName": "starlette.middleware.base.BaseHTTPMiddleware.__call__.<locals>.call_next.<locals>.coro"}
{"asctime": "2026-03-03 15:31:50,502", "levelname": "INFO", "message": "HTTP Request: GET http://localhost:8002/api/v1/payment_intake_matching/matching/dashboard/unmatched-payments \"HTTP/1.1 200 OK\"", "url": null, "method": null, "process_time": null, "taskName": "starlette.middleware.base.BaseHTTPMiddleware.__call__.<locals>.call_next.<locals>.coro"}
{"asctime": "2026-03-03 15:31:50,503", "levelname": "INFO", "message": "", "url": "/api/v1/payment_intake_matching/matching/dashboard/summary", "method": "GET", "process_time": 1.3163731098175049, "taskName": "Task-790"}
{"asctime": "2026-03-03 15:31:50,506", "levelname": "INFO", "message": "", "url": "/api/v1/payment_intake_matching/matching/dashboard/recent", "method": "GET", "process_time": 2.303173542022705, "taskName": "Task-794"}
{"asctime": "2026-03-03 15:31:50,506", "levelname": "INFO", "message": "", "url": "/api/v1/payment_intake_matching/matching/dashboard/unmatched-payments", "method": "GET", "process_time": 1.0107147693634033, "taskName": "Task-795"}
{"asctime": "2026-03-03 15:32:46,183", "levelname": "INFO", "message": "HTTP Request: GET http://localhost:8001/api/v1/users/auth/me \"HTTP/1.1 200 OK\"", "url": null, "method": null, "process_time": null, "taskName": "Task-836"}
{"asctime": "2026-03-03 15:32:47,062", "levelname": "INFO", "message": "HTTP Request: GET http://localhost:8001/api/v1/users/auth/me \"HTTP/1.1 200 OK\"", "url": null, "method": null, "process_time": null, "taskName": "Task-835"}
{"asctime": "2026-03-03 15:32:47,063", "levelname": "INFO", "message": "HTTP Request: GET http://localhost:8001/api/v1/users/auth/me \"HTTP/1.1 200 OK\"", "url": null, "method": null, "process_time": null, "taskName": "Task-833"}
{"asctime": "2026-03-03 15:32:47,065", "levelname": "INFO", "message": "HTTP Request: GET http://localhost:8001/api/v1/users/auth/me \"HTTP/1.1 200 OK\"", "url": null, "method": null, "process_time": null, "taskName": "Task-834"}
{"asctime": "2026-03-03 15:32:49,823", "levelname": "INFO", "message": "HTTP Request: GET http://localhost:8002/api/v1/payment_intake_matching/matching/dashboard/recent?limit=10 \"HTTP/1.1 200 OK\"", "url": null, "method": null, "process_time": null, "taskName": "starlette.middleware.base.BaseHTTPMiddleware.__call__.<locals>.call_next.<locals>.coro"}
{"asctime": "2026-03-03 15:32:49,828", "levelname": "INFO", "message": "HTTP Request: GET http://localhost:8002/api/v1/payment_intake_matching/matching/dashboard/summary \"HTTP/1.1 200 OK\"", "url": null, "method": null, "process_time": null, "taskName": "starlette.middleware.base.BaseHTTPMiddleware.__call__.<locals>.call_next.<locals>.coro"}
{"asctime": "2026-03-03 15:32:49,831", "levelname": "INFO", "message": "HTTP Request: GET http://localhost:8002/api/v1/payment_intake_matching/matching/dashboard/unmatched-invoices \"HTTP/1.1 200 OK\"", "url": null, "method": null, "process_time": null, "taskName": "starlette.middleware.base.BaseHTTPMiddleware.__call__.<locals>.call_next.<locals>.coro"}
{"asctime": "2026-03-03 15:32:49,833", "levelname": "INFO", "message": "", "url": "/api/v1/payment_intake_matching/matching/dashboard/recent", "method": "GET", "process_time": 2.7646491527557373, "taskName": "Task-835"}
{"asctime": "2026-03-03 15:32:49,848", "levelname": "INFO", "message": "HTTP Request: GET http://localhost:8002/api/v1/payment_intake_matching/matching/dashboard/unmatched-payments \"HTTP/1.1 200 OK\"", "url": null, "method": null, "process_time": null, "taskName": "starlette.middleware.base.BaseHTTPMiddleware.__call__.<locals>.call_next.<locals>.coro"}
{"asctime": "2026-03-03 15:32:49,853", "levelname": "INFO", "message": "", "url": "/api/v1/payment_intake_matching/matching/dashboard/summary", "method": "GET", "process_time": 2.7810418605804443, "taskName": "Task-833"}
{"asctime": "2026-03-03 15:32:49,857", "levelname": "INFO", "message": "", "url": "/api/v1/payment_intake_matching/matching/dashboard/unmatched-invoices", "method": "GET", "process_time": 3.6693127155303955, "taskName": "Task-836"}
{"asctime": "2026-03-03 15:32:49,864", "levelname": "INFO", "message": "", "url": "/api/v1/payment_intake_matching/matching/dashboard/unmatched-payments", "method": "GET", "process_time": 2.7897746562957764, "taskName": "Task-834"}
{"asctime": "2026-03-03 15:33:47,159", "levelname": "INFO", "message": "HTTP Request: GET http://localhost:8001/api/v1/users/auth/me \"HTTP/1.1 200 OK\"", "url": null, "method": null, "process_time": null, "taskName": "Task-870"}
{"asctime": "2026-03-03 15:33:48,077", "levelname": "INFO", "message": "HTTP Request: GET http://localhost:8001/api/v1/users/auth/me \"HTTP/1.1 200 OK\"", "url": null, "method": null, "process_time": null, "taskName": "Task-874"}
{"asctime": "2026-03-03 15:33:48,081", "levelname": "INFO", "message": "HTTP Request: GET http://localhost:8001/api/v1/users/auth/me \"HTTP/1.1 200 OK\"", "url": null, "method": null, "process_time": null, "taskName": "Task-876"}
{"asctime": "2026-03-03 15:33:48,081", "levelname": "INFO", "message": "HTTP Request: GET http://localhost:8001/api/v1/users/auth/me \"HTTP/1.1 200 OK\"", "url": null, "method": null, "process_time": null, "taskName": "Task-875"}
{"asctime": "2026-03-03 15:33:51,082", "levelname": "INFO", "message": "HTTP Request: GET http://localhost:8002/api/v1/payment_intake_matching/matching/dashboard/unmatched-invoices \"HTTP/1.1 200 OK\"", "url": null, "method": null, "process_time": null, "taskName": "starlette.middleware.base.BaseHTTPMiddleware.__call__.<locals>.call_next.<locals>.coro"}
{"asctime": "2026-03-03 15:33:51,085", "levelname": "INFO", "message": "", "url": "/api/v1/payment_intake_matching/matching/dashboard/unmatched-invoices", "method": "GET", "process_time": 3.000988483428955, "taskName": "Task-876"}
{"asctime": "2026-03-03 15:33:51,088", "levelname": "INFO", "message": "HTTP Request: GET http://localhost:8002/api/v1/payment_intake_matching/matching/dashboard/unmatched-payments \"HTTP/1.1 200 OK\"", "url": null, "method": null, "process_time": null, "taskName": "starlette.middleware.base.BaseHTTPMiddleware.__call__.<locals>.call_next.<locals>.coro"}
{"asctime": "2026-03-03 15:33:51,090", "levelname": "INFO", "message": "HTTP Request: GET http://localhost:8002/api/v1/payment_intake_matching/matching/dashboard/summary \"HTTP/1.1 200 OK\"", "url": null, "method": null, "process_time": null, "taskName": "starlette.middleware.base.BaseHTTPMiddleware.__call__.<locals>.call_next.<locals>.coro"}
{"asctime": "2026-03-03 15:33:51,091", "levelname": "INFO", "message": "HTTP Request: GET http://localhost:8002/api/v1/payment_intake_matching/matching/dashboard/recent?limit=10 \"HTTP/1.1 200 OK\"", "url": null, "method": null, "process_time": null, "taskName": "starlette.middleware.base.BaseHTTPMiddleware.__call__.<locals>.call_next.<locals>.coro"}
{"asctime": "2026-03-03 15:33:51,094", "levelname": "INFO", "message": "", "url": "/api/v1/payment_intake_matching/matching/dashboard/unmatched-payments", "method": "GET", "process_time": 3.0100901126861572, "taskName": "Task-875"}
{"asctime": "2026-03-03 15:33:51,100", "levelname": "INFO", "message": "", "url": "/api/v1/payment_intake_matching/matching/dashboard/summary", "method": "GET", "process_time": 3.932884454727173, "taskName": "Task-870"}
{"asctime": "2026-03-03 15:33:51,107", "levelname": "INFO", "message": "", "url": "/api/v1/payment_intake_matching/matching/dashboard/recent", "method": "GET", "process_time": 3.022782325744629, "taskName": "Task-874"}
{"asctime": "2026-03-03 15:35:25,996", "levelname": "INFO", "message": "HTTP Request: GET http://localhost:8001/api/v1/users/auth/me \"HTTP/1.1 200 OK\"", "url": null, "method": null, "process_time": null, "taskName": "Task-913"}
{"asctime": "2026-03-03 15:35:26,854", "levelname": "INFO", "message": "HTTP Request: GET http://localhost:8001/api/v1/users/auth/me \"HTTP/1.1 200 OK\"", "url": null, "method": null, "process_time": null, "taskName": "Task-915"}
{"asctime": "2026-03-03 15:35:27,663", "levelname": "INFO", "message": "HTTP Request: GET http://localhost:8001/api/v1/users/auth/me \"HTTP/1.1 200 OK\"", "url": null, "method": null, "process_time": null, "taskName": "Task-914"}
{"asctime": "2026-03-03 15:35:27,666", "levelname": "INFO", "message": "HTTP Request: GET http://localhost:8001/api/v1/users/auth/me \"HTTP/1.1 200 OK\"", "url": null, "method": null, "process_time": null, "taskName": "Task-916"}
{"asctime": "2026-03-03 15:35:29,365", "levelname": "INFO", "message": "HTTP Request: GET http://localhost:8002/api/v1/payment_intake_matching/matching/dashboard/summary \"HTTP/1.1 200 OK\"", "url": null, "method": null, "process_time": null, "taskName": "starlette.middleware.base.BaseHTTPMiddleware.__call__.<locals>.call_next.<locals>.coro"}
{"asctime": "2026-03-03 15:35:29,368", "levelname": "INFO", "message": "", "url": "/api/v1/payment_intake_matching/matching/dashboard/summary", "method": "GET", "process_time": 3.369457483291626, "taskName": "Task-913"}
{"asctime": "2026-03-03 15:35:29,617", "levelname": "INFO", "message": "HTTP Request: GET http://localhost:8002/api/v1/payment_intake_matching/matching/dashboard/recent?limit=10 \"HTTP/1.1 200 OK\"", "url": null, "method": null, "process_time": null, "taskName": "starlette.middleware.base.BaseHTTPMiddleware.__call__.<locals>.call_next.<locals>.coro"}
{"asctime": "2026-03-03 15:35:29,619", "levelname": "INFO", "message": "HTTP Request: GET http://localhost:8002/api/v1/payment_intake_matching/matching/dashboard/unmatched-payments \"HTTP/1.1 200 OK\"", "url": null, "method": null, "process_time": null, "taskName": "starlette.middleware.base.BaseHTTPMiddleware.__call__.<locals>.call_next.<locals>.coro"}
{"asctime": "2026-03-03 15:35:29,623", "levelname": "INFO", "message": "HTTP Request: GET http://localhost:8002/api/v1/payment_intake_matching/matching/dashboard/unmatched-invoices \"HTTP/1.1 200 OK\"", "url": null, "method": null, "process_time": null, "taskName": "starlette.middleware.base.BaseHTTPMiddleware.__call__.<locals>.call_next.<locals>.coro"}
{"asctime": "2026-03-03 15:35:29,625", "levelname": "INFO", "message": "", "url": "/api/v1/payment_intake_matching/matching/dashboard/recent", "method": "GET", "process_time": 1.9527881145477295, "taskName": "Task-914"}
{"asctime": "2026-03-03 15:35:29,635", "levelname": "INFO", "message": "", "url": "/api/v1/payment_intake_matching/matching/dashboard/unmatched-payments", "method": "GET", "process_time": 1.958796501159668, "taskName": "Task-916"}
{"asctime": "2026-03-03 15:35:29,640", "levelname": "INFO", "message": "", "url": "/api/v1/payment_intake_matching/matching/dashboard/unmatched-invoices", "method": "GET", "process_time": 2.7842798233032227, "taskName": "Task-915"}
{"asctime": "2026-03-03 15:36:26,991", "levelname": "INFO", "message": "HTTP Request: GET http://localhost:8001/api/v1/users/auth/me \"HTTP/1.1 200 OK\"", "url": null, "method": null, "process_time": null, "taskName": "Task-956"}
{"asctime": "2026-03-03 15:36:27,812", "levelname": "INFO", "message": "HTTP Request: GET http://localhost:8001/api/v1/users/auth/me \"HTTP/1.1 200 OK\"", "url": null, "method": null, "process_time": null, "taskName": "Task-957"}
{"asctime": "2026-03-03 15:36:27,812", "levelname": "INFO", "message": "HTTP Request: GET http://localhost:8001/api/v1/users/auth/me \"HTTP/1.1 200 OK\"", "url": null, "method": null, "process_time": null, "taskName": "Task-955"}
{"asctime": "2026-03-03 15:36:27,812", "levelname": "INFO", "message": "HTTP Request: GET http://localhost:8001/api/v1/users/auth/me \"HTTP/1.1 200 OK\"", "url": null, "method": null, "process_time": null, "taskName": "Task-954"}
{"asctime": "2026-03-03 15:36:30,398", "levelname": "INFO", "message": "HTTP Request: GET http://localhost:8002/api/v1/payment_intake_matching/matching/dashboard/unmatched-invoices \"HTTP/1.1 200 OK\"", "url": null, "method": null, "process_time": null, "taskName": "starlette.middleware.base.BaseHTTPMiddleware.__call__.<locals>.call_next.<locals>.coro"}
{"asctime": "2026-03-03 15:36:30,414", "levelname": "INFO", "message": "HTTP Request: GET http://localhost:8002/api/v1/payment_intake_matching/matching/dashboard/recent?limit=10 \"HTTP/1.1 200 OK\"", "url": null, "method": null, "process_time": null, "taskName": "starlette.middleware.base.BaseHTTPMiddleware.__call__.<locals>.call_next.<locals>.coro"}
{"asctime": "2026-03-03 15:36:30,424", "levelname": "INFO", "message": "HTTP Request: GET http://localhost:8002/api/v1/payment_intake_matching/matching/dashboard/summary \"HTTP/1.1 200 OK\"", "url": null, "method": null, "process_time": null, "taskName": "starlette.middleware.base.BaseHTTPMiddleware.__call__.<locals>.call_next.<locals>.coro"}
{"asctime": "2026-03-03 15:36:30,426", "levelname": "INFO", "message": "HTTP Request: GET http://localhost:8002/api/v1/payment_intake_matching/matching/dashboard/unmatched-payments \"HTTP/1.1 200 OK\"", "url": null, "method": null, "process_time": null, "taskName": "starlette.middleware.base.BaseHTTPMiddleware.__call__.<locals>.call_next.<locals>.coro"}
{"asctime": "2026-03-03 15:36:30,427", "levelname": "INFO", "message": "", "url": "/api/v1/payment_intake_matching/matching/dashboard/unmatched-invoices", "method": "GET", "process_time": 2.610036849975586, "taskName": "Task-957"}
{"asctime": "2026-03-03 15:36:30,428", "levelname": "INFO", "message": "", "url": "/api/v1/payment_intake_matching/matching/dashboard/recent", "method": "GET", "process_time": 2.60947585105896, "taskName": "Task-955"}
{"asctime": "2026-03-03 15:36:30,434", "levelname": "INFO", "message": "", "url": "/api/v1/payment_intake_matching/matching/dashboard/summary", "method": "GET", "process_time": 2.6158347129821777, "taskName": "Task-954"}
{"asctime": "2026-03-03 15:36:30,437", "levelname": "INFO", "message": "", "url": "/api/v1/payment_intake_matching/matching/dashboard/unmatched-payments", "method": "GET", "process_time": 3.422740936279297, "taskName": "Task-956"}
{"asctime": "2026-03-03 15:37:26,533", "levelname": "INFO", "message": "HTTP Request: GET http://localhost:8001/api/v1/users/auth/me \"HTTP/1.1 200 OK\"", "url": null, "method": null, "process_time": null, "taskName": "Task-991"}
{"asctime": "2026-03-03 15:37:27,178", "levelname": "INFO", "message": "HTTP Request: GET http://localhost:8001/api/v1/users/auth/me \"HTTP/1.1 200 OK\"", "url": null, "method": null, "process_time": null, "taskName": "Task-996"}
{"asctime": "2026-03-03 15:37:27,592", "levelname": "INFO", "message": "HTTP Request: GET http://localhost:8001/api/v1/users/auth/me \"HTTP/1.1 200 OK\"", "url": null, "method": null, "process_time": null, "taskName": "Task-997"}
{"asctime": "2026-03-03 15:37:27,594", "levelname": "INFO", "message": "HTTP Request: GET http://localhost:8001/api/v1/users/auth/me \"HTTP/1.1 200 OK\"", "url": null, "method": null, "process_time": null, "taskName": "Task-995"}
{"asctime": "2026-03-03 15:37:28,290", "levelname": "INFO", "message": "HTTP Request: GET http://localhost:8002/api/v1/payment_intake_matching/matching/dashboard/summary \"HTTP/1.1 200 OK\"", "url": null, "method": null, "process_time": null, "taskName": "starlette.middleware.base.BaseHTTPMiddleware.__call__.<locals>.call_next.<locals>.coro"}
{"asctime": "2026-03-03 15:37:28,291", "levelname": "INFO", "message": "", "url": "/api/v1/payment_intake_matching/matching/dashboard/summary", "method": "GET", "process_time": 1.7546122074127197, "taskName": "Task-991"}
{"asctime": "2026-03-03 15:37:28,573", "levelname": "INFO", "message": "HTTP Request: GET http://localhost:8002/api/v1/payment_intake_matching/matching/dashboard/unmatched-payments \"HTTP/1.1 200 OK\"", "url": null, "method": null, "process_time": null, "taskName": "starlette.middleware.base.BaseHTTPMiddleware.__call__.<locals>.call_next.<locals>.coro"}
{"asctime": "2026-03-03 15:37:28,574", "levelname": "INFO", "message": "HTTP Request: GET http://localhost:8002/api/v1/payment_intake_matching/matching/dashboard/recent?limit=10 \"HTTP/1.1 200 OK\"", "url": null, "method": null, "process_time": null, "taskName": "starlette.middleware.base.BaseHTTPMiddleware.__call__.<locals>.call_next.<locals>.coro"}
{"asctime": "2026-03-03 15:37:28,575", "levelname": "INFO", "message": "HTTP Request: GET http://localhost:8002/api/v1/payment_intake_matching/matching/dashboard/unmatched-invoices \"HTTP/1.1 200 OK\"", "url": null, "method": null, "process_time": null, "taskName": "starlette.middleware.base.BaseHTTPMiddleware.__call__.<locals>.call_next.<locals>.coro"}
{"asctime": "2026-03-03 15:37:28,576", "levelname": "INFO", "message": "", "url": "/api/v1/payment_intake_matching/matching/dashboard/unmatched-payments", "method": "GET", "process_time": 1.3965625762939453, "taskName": "Task-996"}
{"asctime": "2026-03-03 15:37:28,580", "levelname": "INFO", "message": "", "url": "/api/v1/payment_intake_matching/matching/dashboard/recent", "method": "GET", "process_time": 0.9804022312164307, "taskName": "Task-997"}
{"asctime": "2026-03-03 15:37:28,581", "levelname": "INFO", "message": "", "url": "/api/v1/payment_intake_matching/matching/dashboard/unmatched-invoices", "method": "GET", "process_time": 0.9807889461517334, "taskName": "Task-995"}
{"asctime": "2026-03-03 15:38:27,381", "levelname": "INFO", "message": "HTTP Request: GET http://localhost:8001/api/v1/users/auth/me \"HTTP/1.1 200 OK\"", "url": null, "method": null, "process_time": null, "taskName": "Task-1036"}
{"asctime": "2026-03-03 15:38:28,194", "levelname": "INFO", "message": "HTTP Request: GET http://localhost:8001/api/v1/users/auth/me \"HTTP/1.1 200 OK\"", "url": null, "method": null, "process_time": null, "taskName": "Task-1034"}
{"asctime": "2026-03-03 15:38:28,195", "levelname": "INFO", "message": "HTTP Request: GET http://localhost:8001/api/v1/users/auth/me \"HTTP/1.1 200 OK\"", "url": null, "method": null, "process_time": null, "taskName": "Task-1035"}
{"asctime": "2026-03-03 15:38:28,196", "levelname": "INFO", "message": "HTTP Request: GET http://localhost:8001/api/v1/users/auth/me \"HTTP/1.1 200 OK\"", "url": null, "method": null, "process_time": null, "taskName": "Task-1037"}
{"asctime": "2026-03-03 15:38:30,910", "levelname": "INFO", "message": "HTTP Request: GET http://localhost:8002/api/v1/payment_intake_matching/matching/dashboard/unmatched-invoices \"HTTP/1.1 200 OK\"", "url": null, "method": null, "process_time": null, "taskName": "starlette.middleware.base.BaseHTTPMiddleware.__call__.<locals>.call_next.<locals>.coro"}
{"asctime": "2026-03-03 15:38:30,917", "levelname": "INFO", "message": "", "url": "/api/v1/payment_intake_matching/matching/dashboard/unmatched-invoices", "method": "GET", "process_time": 3.5302255153656006, "taskName": "Task-1036"}
{"asctime": "2026-03-03 15:38:30,921", "levelname": "INFO", "message": "HTTP Request: GET http://localhost:8002/api/v1/payment_intake_matching/matching/dashboard/unmatched-payments \"HTTP/1.1 200 OK\"", "url": null, "method": null, "process_time": null, "taskName": "starlette.middleware.base.BaseHTTPMiddleware.__call__.<locals>.call_next.<locals>.coro"}
{"asctime": "2026-03-03 15:38:30,939", "levelname": "INFO", "message": "HTTP Request: GET http://localhost:8002/api/v1/payment_intake_matching/matching/dashboard/recent?limit=10 \"HTTP/1.1 200 OK\"", "url": null, "method": null, "process_time": null, "taskName": "starlette.middleware.base.BaseHTTPMiddleware.__call__.<locals>.call_next.<locals>.coro"}
{"asctime": "2026-03-03 15:38:30,945", "levelname": "INFO", "message": "HTTP Request: GET http://localhost:8002/api/v1/payment_intake_matching/matching/dashboard/summary \"HTTP/1.1 200 OK\"", "url": null, "method": null, "process_time": null, "taskName": "starlette.middleware.base.BaseHTTPMiddleware.__call__.<locals>.call_next.<locals>.coro"}
{"asctime": "2026-03-03 15:38:30,955", "levelname": "INFO", "message": "", "url": "/api/v1/payment_intake_matching/matching/dashboard/unmatched-payments", "method": "GET", "process_time": 2.751861095428467, "taskName": "Task-1037"}
{"asctime": "2026-03-03 15:38:30,962", "levelname": "INFO", "message": "", "url": "/api/v1/payment_intake_matching/matching/dashboard/recent", "method": "GET", "process_time": 2.7592968940734863, "taskName": "Task-1035"}
{"asctime": "2026-03-03 15:38:30,969", "levelname": "INFO", "message": "", "url": "/api/v1/payment_intake_matching/matching/dashboard/summary", "method": "GET", "process_time": 2.768143892288208, "taskName": "Task-1034"}
{"asctime": "2026-03-03 15:39:17,201", "levelname": "INFO", "message": "HTTP Request: GET http://localhost:8001/api/v1/users/auth/me \"HTTP/1.1 200 OK\"", "url": null, "method": null, "process_time": null, "taskName": "Task-1071"}
{"asctime": "2026-03-03 15:39:17,848", "levelname": "INFO", "message": "HTTP Request: GET http://localhost:8001/api/v1/users/auth/me \"HTTP/1.1 200 OK\"", "url": null, "method": null, "process_time": null, "taskName": "starlette.middleware.base.BaseHTTPMiddleware.__call__.<locals>.call_next.<locals>.coro"}
{"asctime": "2026-03-03 15:39:17,848", "levelname": "INFO", "message": "", "url": "/api/v1/users/auth/me", "method": "GET", "process_time": 0.6456246376037598, "taskName": "Task-1071"}
{"asctime": "2026-03-03 15:39:19,652", "levelname": "INFO", "message": "HTTP Request: GET http://localhost:8001/api/v1/users/auth/me \"HTTP/1.1 200 OK\"", "url": null, "method": null, "process_time": null, "taskName": "Task-1080"}
{"asctime": "2026-03-03 15:39:19,964", "levelname": "INFO", "message": "HTTP Request: GET http://localhost:8001/api/v1/users/auth/me \"HTTP/1.1 200 OK\"", "url": null, "method": null, "process_time": null, "taskName": "Task-1085"}
{"asctime": "2026-03-03 15:39:20,264", "levelname": "INFO", "message": "HTTP Request: GET http://localhost:8001/api/v1/users/auth/me \"HTTP/1.1 200 OK\"", "url": null, "method": null, "process_time": null, "taskName": "Task-1086"}
{"asctime": "2026-03-03 15:39:20,271", "levelname": "INFO", "message": "HTTP Request: GET http://localhost:8001/api/v1/users/auth/me \"HTTP/1.1 200 OK\"", "url": null, "method": null, "process_time": null, "taskName": "Task-1087"}
{"asctime": "2026-03-03 15:39:20,914", "levelname": "INFO", "message": "HTTP Request: GET http://localhost:8002/api/v1/payment_intake_matching/matching/dashboard/summary \"HTTP/1.1 200 OK\"", "url": null, "method": null, "process_time": null, "taskName": "starlette.middleware.base.BaseHTTPMiddleware.__call__.<locals>.call_next.<locals>.coro"}
{"asctime": "2026-03-03 15:39:20,916", "levelname": "INFO", "message": "", "url": "/api/v1/payment_intake_matching/matching/dashboard/summary", "method": "GET", "process_time": 1.2629992961883545, "taskName": "Task-1080"}
{"asctime": "2026-03-03 15:39:21,155", "levelname": "INFO", "message": "HTTP Request: GET http://localhost:8002/api/v1/payment_intake_matching/matching/dashboard/recent?limit=10 \"HTTP/1.1 200 OK\"", "url": null, "method": null, "process_time": null, "taskName": "starlette.middleware.base.BaseHTTPMiddleware.__call__.<locals>.call_next.<locals>.coro"}
{"asctime": "2026-03-03 15:39:21,159", "levelname": "INFO", "message": "", "url": "/api/v1/payment_intake_matching/matching/dashboard/recent", "method": "GET", "process_time": 1.1928999423980713, "taskName": "Task-1085"}
{"asctime": "2026-03-03 15:39:21,173", "levelname": "INFO", "message": "HTTP Request: GET http://localhost:8002/api/v1/payment_intake_matching/matching/dashboard/unmatched-payments \"HTTP/1.1 200 OK\"", "url": null, "method": null, "process_time": null, "taskName": "starlette.middleware.base.BaseHTTPMiddleware.__call__.<locals>.call_next.<locals>.coro"}
{"asctime": "2026-03-03 15:39:21,174", "levelname": "INFO", "message": "HTTP Request: GET http://localhost:8002/api/v1/payment_intake_matching/matching/dashboard/unmatched-invoices \"HTTP/1.1 200 OK\"", "url": null, "method": null, "process_time": null, "taskName": "starlette.middleware.base.BaseHTTPMiddleware.__call__.<locals>.call_next.<locals>.coro"}
{"asctime": "2026-03-03 15:39:21,175", "levelname": "INFO", "message": "", "url": "/api/v1/payment_intake_matching/matching/dashboard/unmatched-payments", "method": "GET", "process_time": 0.9025256633758545, "taskName": "Task-1086"}
{"asctime": "2026-03-03 15:39:21,179", "levelname": "INFO", "message": "", "url": "/api/v1/payment_intake_matching/matching/dashboard/unmatched-invoices", "method": "GET", "process_time": 0.5858244895935059, "taskName": "Task-1087"}
{"asctime": "2026-03-03 15:40:15,303", "levelname": "INFO", "message": "HTTP Request: GET http://localhost:8001/api/v1/users/auth/me \"HTTP/1.1 200 OK\"", "url": null, "method": null, "process_time": null, "taskName": "Task-1120"}
{"asctime": "2026-03-03 15:41:08,059", "levelname": "INFO", "message": "HTTP Request: POST http://localhost:8002/api/v1/payment_intake_matching/documents/upload?document_type=INVOICE \"HTTP/1.1 500 Internal Server Error\"", "url": null, "method": null, "process_time": null, "taskName": "starlette.middleware.base.BaseHTTPMiddleware.__call__.<locals>.call_next.<locals>.coro"}
{"asctime": "2026-03-03 15:41:08,066", "levelname": "INFO", "message": "", "url": "/api/v1/payment_intake_matching/documents/upload", "method": "POST", "process_time": 52.75960659980774, "taskName": "Task-1120"}
{"asctime": "2026-03-03 15:43:58,656", "levelname": "INFO", "message": "HTTP Request: GET http://localhost:8001/api/v1/users/auth/me \"HTTP/1.1 200 OK\"", "url": null, "method": null, "process_time": null, "taskName": "Task-1131"}
{"asctime": "2026-03-03 15:44:29,443", "levelname": "INFO", "message": "HTTP Request: GET http://localhost:8001/api/v1/users/auth/me \"HTTP/1.1 200 OK\"", "url": null, "method": null, "process_time": null, "taskName": "Task-1141"}
{"asctime": "2026-03-03 15:44:30,496", "levelname": "INFO", "message": "HTTP Request: GET http://localhost:8001/api/v1/users/auth/me \"HTTP/1.1 200 OK\"", "url": null, "method": null, "process_time": null, "taskName": "starlette.middleware.base.BaseHTTPMiddleware.__call__.<locals>.call_next.<locals>.coro"}
{"asctime": "2026-03-03 15:44:30,498", "levelname": "INFO", "message": "", "url": "/api/v1/users/auth/me", "method": "GET", "process_time": 1.054962158203125, "taskName": "Task-1141"}
{"asctime": "2026-03-03 15:44:36,925", "levelname": "INFO", "message": "HTTP Request: POST http://localhost:8002/api/v1/payment_intake_matching/documents/upload?document_type=INVOICE \"HTTP/1.1 500 Internal Server Error\"", "url": null, "method": null, "process_time": null, "taskName": "starlette.middleware.base.BaseHTTPMiddleware.__call__.<locals>.call_next.<locals>.coro"}
{"asctime": "2026-03-03 15:44:36,944", "levelname": "INFO", "message": "", "url": "/api/v1/payment_intake_matching/documents/upload", "method": "POST", "process_time": 38.27797985076904, "taskName": "Task-1131"}
{"asctime": "2026-03-03 15:45:27,363", "levelname": "INFO", "message": "HTTP Request: GET http://localhost:8001/api/v1/users/auth/me \"HTTP/1.1 200 OK\"", "url": null, "method": null, "process_time": null, "taskName": "Task-4"}
{"asctime": "2026-03-03 15:46:08,086", "levelname": "INFO", "message": "HTTP Request: POST http://localhost:8002/api/v1/payment_intake_matching/documents/upload?document_type=INVOICE \"HTTP/1.1 500 Internal Server Error\"", "url": null, "method": null, "process_time": null, "taskName": "starlette.middleware.base.BaseHTTPMiddleware.__call__.<locals>.call_next.<locals>.coro"}
{"asctime": "2026-03-03 15:46:08,090", "levelname": "INFO", "message": "", "url": "/api/v1/payment_intake_matching/documents/upload", "method": "POST", "process_time": 40.720746994018555, "taskName": "Task-4"}
{"asctime": "2026-03-03 15:47:07,065", "levelname": "INFO", "message": "HTTP Request: GET http://localhost:8001/api/v1/users/auth/me \"HTTP/1.1 200 OK\"", "url": null, "method": null, "process_time": null, "taskName": "Task-15"}
{"asctime": "2026-03-03 15:47:14,938", "levelname": "INFO", "message": "HTTP Request: GET http://localhost:8001/api/v1/users/auth/me \"HTTP/1.1 200 OK\"", "url": null, "method": null, "process_time": null, "taskName": "Task-25"}
{"asctime": "2026-03-03 15:47:52,808", "levelname": "INFO", "message": "HTTP Request: POST http://localhost:8002/api/v1/payment_intake_matching/documents/upload?document_type=INVOICE \"HTTP/1.1 500 Internal Server Error\"", "url": null, "method": null, "process_time": null, "taskName": "starlette.middleware.base.BaseHTTPMiddleware.__call__.<locals>.call_next.<locals>.coro"}
{"asctime": "2026-03-03 15:47:53,037", "levelname": "INFO", "message": "", "url": "/api/v1/payment_intake_matching/documents/upload", "method": "POST", "process_time": 38.0944926738739, "taskName": "Task-25"}
{"asctime": "2026-03-03 15:56:07,027", "levelname": "INFO", "message": "HTTP Request: GET http://localhost:8001/api/v1/users/auth/me \"HTTP/1.1 200 OK\"", "url": null, "method": null, "process_time": null, "taskName": "Task-35"}
{"asctime": "2026-03-03 15:56:47,716", "levelname": "INFO", "message": "HTTP Request: POST http://localhost:8002/api/v1/payment_intake_matching/documents/upload?document_type=INVOICE \"HTTP/1.1 500 Internal Server Error\"", "url": null, "method": null, "process_time": null, "taskName": "starlette.middleware.base.BaseHTTPMiddleware.__call__.<locals>.call_next.<locals>.coro"}
{"asctime": "2026-03-03 15:56:47,776", "levelname": "INFO", "message": "", "url": "/api/v1/payment_intake_matching/documents/upload", "method": "POST", "process_time": 40.73839497566223, "taskName": "Task-35"}
{"asctime": "2026-03-03 15:59:56,975", "levelname": "INFO", "message": "HTTP Request: GET http://localhost:8001/api/v1/users/auth/me \"HTTP/1.1 200 OK\"", "url": null, "method": null, "process_time": null, "taskName": "Task-46"}
{"asctime": "2026-03-03 16:00:31,929", "levelname": "INFO", "message": "HTTP Request: POST http://localhost:8002/api/v1/payment_intake_matching/documents/upload?document_type=INVOICE \"HTTP/1.1 200 OK\"", "url": null, "method": null, "process_time": null, "taskName": "starlette.middleware.base.BaseHTTPMiddleware.__call__.<locals>.call_next.<locals>.coro"}
{"asctime": "2026-03-03 16:00:31,931", "levelname": "INFO", "message": "", "url": "/api/v1/payment_intake_matching/documents/upload", "method": "POST", "process_time": 34.9471800327301, "taskName": "Task-46"}
{"asctime": "2026-03-03 16:00:32,814", "levelname": "INFO", "message": "HTTP Request: GET http://localhost:8001/api/v1/users/auth/me \"HTTP/1.1 200 OK\"", "url": null, "method": null, "process_time": null, "taskName": "Task-57"}
{"asctime": "2026-03-03 16:00:33,535", "levelname": "INFO", "message": "HTTP Request: GET http://localhost:8002/api/v1/payment_intake_matching/documents/8/invoices \"HTTP/1.1 200 OK\"", "url": null, "method": null, "process_time": null, "taskName": "starlette.middleware.base.BaseHTTPMiddleware.__call__.<locals>.call_next.<locals>.coro"}
{"asctime": "2026-03-03 16:00:33,537", "levelname": "INFO", "message": "", "url": "/api/v1/payment_intake_matching/documents/8/invoices", "method": "GET", "process_time": 0.7206263542175293, "taskName": "Task-57"}
{"asctime": "2026-03-03 16:00:49,444", "levelname": "INFO", "message": "HTTP Request: GET http://localhost:8001/api/v1/users/auth/me \"HTTP/1.1 200 OK\"", "url": null, "method": null, "process_time": null, "taskName": "Task-67"}
{"asctime": "2026-03-03 16:00:50,742", "levelname": "INFO", "message": "HTTP Request: GET http://localhost:8002/api/v1/payment_intake_matching/matching/dashboard/recent?limit=200 \"HTTP/1.1 200 OK\"", "url": null, "method": null, "process_time": null, "taskName": "starlette.middleware.base.BaseHTTPMiddleware.__call__.<locals>.call_next.<locals>.coro"}
{"asctime": "2026-03-03 16:00:50,747", "levelname": "INFO", "message": "", "url": "/api/v1/payment_intake_matching/matching/dashboard/recent", "method": "GET", "process_time": 1.2946150302886963, "taskName": "Task-67"}
{"asctime": "2026-03-03 16:01:01,619", "levelname": "INFO", "message": "HTTP Request: GET http://localhost:8001/api/v1/users/auth/me \"HTTP/1.1 200 OK\"", "url": null, "method": null, "process_time": null, "taskName": "Task-77"}
{"asctime": "2026-03-03 16:01:03,159", "levelname": "INFO", "message": "HTTP Request: GET http://localhost:8002/api/v1/payment_intake_matching/matching/dashboard/unmatched-invoices \"HTTP/1.1 200 OK\"", "url": null, "method": null, "process_time": null, "taskName": "starlette.middleware.base.BaseHTTPMiddleware.__call__.<locals>.call_next.<locals>.coro"}
{"asctime": "2026-03-03 16:01:03,175", "levelname": "INFO", "message": "", "url": "/api/v1/payment_intake_matching/matching/dashboard/unmatched-invoices", "method": "GET", "process_time": 1.549555778503418, "taskName": "Task-77"}
{"asctime": "2026-03-03 16:01:07,994", "levelname": "INFO", "message": "HTTP Request: GET http://localhost:8001/api/v1/users/auth/me \"HTTP/1.1 200 OK\"", "url": null, "method": null, "process_time": null, "taskName": "Task-87"}
{"asctime": "2026-03-03 16:01:09,195", "levelname": "INFO", "message": "HTTP Request: GET http://localhost:8002/api/v1/payment_intake_matching/matching/dashboard/unmatched-payments \"HTTP/1.1 200 OK\"", "url": null, "method": null, "process_time": null, "taskName": "starlette.middleware.base.BaseHTTPMiddleware.__call__.<locals>.call_next.<locals>.coro"}
{"asctime": "2026-03-03 16:01:09,209", "levelname": "INFO", "message": "", "url": "/api/v1/payment_intake_matching/matching/dashboard/unmatched-payments", "method": "GET", "process_time": 1.2136015892028809, "taskName": "Task-87"}
{"asctime": "2026-03-03 16:01:52,204", "levelname": "INFO", "message": "HTTP Request: GET http://localhost:8001/api/v1/users/auth/me \"HTTP/1.1 200 OK\"", "url": null, "method": null, "process_time": null, "taskName": "Task-96"}
{"asctime": "2026-03-03 16:01:53,192", "levelname": "INFO", "message": "HTTP Request: GET http://localhost:8001/api/v1/users/auth/me \"HTTP/1.1 200 OK\"", "url": null, "method": null, "process_time": null, "taskName": "Task-101"}
{"asctime": "2026-03-03 16:01:54,228", "levelname": "INFO", "message": "HTTP Request: GET http://localhost:8001/api/v1/users/auth/me \"HTTP/1.1 200 OK\"", "url": null, "method": null, "process_time": null, "taskName": "Task-100"}
{"asctime": "2026-03-03 16:01:54,229", "levelname": "INFO", "message": "HTTP Request: GET http://localhost:8001/api/v1/users/auth/me \"HTTP/1.1 200 OK\"", "url": null, "method": null, "process_time": null, "taskName": "Task-102"}
{"asctime": "2026-03-03 16:01:56,350", "levelname": "INFO", "message": "HTTP Request: GET http://localhost:8002/api/v1/payment_intake_matching/matching/dashboard/summary \"HTTP/1.1 200 OK\"", "url": null, "method": null, "process_time": null, "taskName": "starlette.middleware.base.BaseHTTPMiddleware.__call__.<locals>.call_next.<locals>.coro"}
{"asctime": "2026-03-03 16:01:56,354", "levelname": "INFO", "message": "", "url": "/api/v1/payment_intake_matching/matching/dashboard/summary", "method": "GET", "process_time": 4.14645791053772, "taskName": "Task-96"}
{"asctime": "2026-03-03 16:01:56,654", "levelname": "INFO", "message": "HTTP Request: GET http://localhost:8002/api/v1/payment_intake_matching/matching/dashboard/unmatched-invoices \"HTTP/1.1 200 OK\"", "url": null, "method": null, "process_time": null, "taskName": "starlette.middleware.base.BaseHTTPMiddleware.__call__.<locals>.call_next.<locals>.coro"}
{"asctime": "2026-03-03 16:01:56,667", "levelname": "INFO", "message": "", "url": "/api/v1/payment_intake_matching/matching/dashboard/unmatched-invoices", "method": "GET", "process_time": 3.4705238342285156, "taskName": "Task-101"}
{"asctime": "2026-03-03 16:01:56,774", "levelname": "INFO", "message": "HTTP Request: GET http://localhost:8002/api/v1/payment_intake_matching/matching/dashboard/unmatched-payments \"HTTP/1.1 200 OK\"", "url": null, "method": null, "process_time": null, "taskName": "starlette.middleware.base.BaseHTTPMiddleware.__call__.<locals>.call_next.<locals>.coro"}
{"asctime": "2026-03-03 16:01:56,776", "levelname": "INFO", "message": "", "url": "/api/v1/payment_intake_matching/matching/dashboard/unmatched-payments", "method": "GET", "process_time": 2.5410704612731934, "taskName": "Task-102"}
{"asctime": "2026-03-03 16:01:56,818", "levelname": "INFO", "message": "HTTP Request: GET http://localhost:8002/api/v1/payment_intake_matching/matching/dashboard/recent?limit=10 \"HTTP/1.1 200 OK\"", "url": null, "method": null, "process_time": null, "taskName": "starlette.middleware.base.BaseHTTPMiddleware.__call__.<locals>.call_next.<locals>.coro"}
{"asctime": "2026-03-03 16:01:56,824", "levelname": "INFO", "message": "", "url": "/api/v1/payment_intake_matching/matching/dashboard/recent", "method": "GET", "process_time": 2.5894579887390137, "taskName": "Task-100"}
{"asctime": "2026-03-03 16:02:52,338", "levelname": "INFO", "message": "HTTP Request: GET http://localhost:8001/api/v1/users/auth/me \"HTTP/1.1 200 OK\"", "url": null, "method": null, "process_time": null, "taskName": "Task-140"}
{"asctime": "2026-03-03 16:02:53,430", "levelname": "INFO", "message": "HTTP Request: GET http://localhost:8001/api/v1/users/auth/me \"HTTP/1.1 200 OK\"", "url": null, "method": null, "process_time": null, "taskName": "Task-141"}
{"asctime": "2026-03-03 16:02:53,432", "levelname": "INFO", "message": "HTTP Request: GET http://localhost:8001/api/v1/users/auth/me \"HTTP/1.1 200 OK\"", "url": null, "method": null, "process_time": null, "taskName": "Task-142"}
{"asctime": "2026-03-03 16:02:53,433", "levelname": "INFO", "message": "HTTP Request: GET http://localhost:8001/api/v1/users/auth/me \"HTTP/1.1 200 OK\"", "url": null, "method": null, "process_time": null, "taskName": "Task-139"}
{"asctime": "2026-03-03 16:02:55,997", "levelname": "INFO", "message": "HTTP Request: GET http://localhost:8002/api/v1/payment_intake_matching/matching/dashboard/unmatched-invoices \"HTTP/1.1 200 OK\"", "url": null, "method": null, "process_time": null, "taskName": "starlette.middleware.base.BaseHTTPMiddleware.__call__.<locals>.call_next.<locals>.coro"}
{"asctime": "2026-03-03 16:02:56,006", "levelname": "INFO", "message": "HTTP Request: GET http://localhost:8002/api/v1/payment_intake_matching/matching/dashboard/unmatched-payments \"HTTP/1.1 200 OK\"", "url": null, "method": null, "process_time": null, "taskName": "starlette.middleware.base.BaseHTTPMiddleware.__call__.<locals>.call_next.<locals>.coro"}
{"asctime": "2026-03-03 16:02:56,007", "levelname": "INFO", "message": "", "url": "/api/v1/payment_intake_matching/matching/dashboard/unmatched-invoices", "method": "GET", "process_time": 2.5689873695373535, "taskName": "Task-142"}
{"asctime": "2026-03-03 16:02:56,034", "levelname": "INFO", "message": "HTTP Request: GET http://localhost:8002/api/v1/payment_intake_matching/matching/dashboard/summary \"HTTP/1.1 200 OK\"", "url": null, "method": null, "process_time": null, "taskName": "starlette.middleware.base.BaseHTTPMiddleware.__call__.<locals>.call_next.<locals>.coro"}
{"asctime": "2026-03-03 16:02:56,057", "levelname": "INFO", "message": "", "url": "/api/v1/payment_intake_matching/matching/dashboard/unmatched-payments", "method": "GET", "process_time": 3.7118728160858154, "taskName": "Task-140"}
{"asctime": "2026-03-03 16:02:56,064", "levelname": "INFO", "message": "", "url": "/api/v1/payment_intake_matching/matching/dashboard/summary", "method": "GET", "process_time": 2.625380516052246, "taskName": "Task-139"}
{"asctime": "2026-03-03 16:02:56,111", "levelname": "INFO", "message": "HTTP Request: GET http://localhost:8002/api/v1/payment_intake_matching/matching/dashboard/recent?limit=10 \"HTTP/1.1 200 OK\"", "url": null, "method": null, "process_time": null, "taskName": "starlette.middleware.base.BaseHTTPMiddleware.__call__.<locals>.call_next.<locals>.coro"}
{"asctime": "2026-03-03 16:02:56,118", "levelname": "INFO", "message": "", "url": "/api/v1/payment_intake_matching/matching/dashboard/recent", "method": "GET", "process_time": 2.682140588760376, "taskName": "Task-141"}
{"asctime": "2026-03-03 16:03:44,446", "levelname": "INFO", "message": "HTTP Request: GET http://localhost:8001/api/v1/users/auth/me \"HTTP/1.1 200 OK\"", "url": null, "method": null, "process_time": null, "taskName": "Task-176"}
{"asctime": "2026-03-03 16:03:45,550", "levelname": "INFO", "message": "HTTP Request: GET http://localhost:8001/api/v1/users/auth/me \"HTTP/1.1 200 OK\"", "url": null, "method": null, "process_time": null, "taskName": "starlette.middleware.base.BaseHTTPMiddleware.__call__.<locals>.call_next.<locals>.coro"}
{"asctime": "2026-03-03 16:03:45,551", "levelname": "INFO", "message": "", "url": "/api/v1/users/auth/me", "method": "GET", "process_time": 1.1021077632904053, "taskName": "Task-176"}
{"asctime": "2026-03-03 16:03:50,079", "levelname": "INFO", "message": "HTTP Request: GET http://localhost:8001/api/v1/users/auth/me \"HTTP/1.1 200 OK\"", "url": null, "method": null, "process_time": null, "taskName": "Task-185"}
{"asctime": "2026-03-03 16:03:51,097", "levelname": "INFO", "message": "HTTP Request: GET http://localhost:8001/api/v1/users/auth/me \"HTTP/1.1 200 OK\"", "url": null, "method": null, "process_time": null, "taskName": "Task-189"}
{"asctime": "2026-03-03 16:03:52,113", "levelname": "INFO", "message": "HTTP Request: GET http://localhost:8001/api/v1/users/auth/me \"HTTP/1.1 200 OK\"", "url": null, "method": null, "process_time": null, "taskName": "Task-190"}
{"asctime": "2026-03-03 16:03:52,115", "levelname": "INFO", "message": "HTTP Request: GET http://localhost:8001/api/v1/users/auth/me \"HTTP/1.1 200 OK\"", "url": null, "method": null, "process_time": null, "taskName": "Task-191"}
{"asctime": "2026-03-03 16:03:54,166", "levelname": "INFO", "message": "HTTP Request: GET http://localhost:8002/api/v1/payment_intake_matching/matching/dashboard/summary \"HTTP/1.1 200 OK\"", "url": null, "method": null, "process_time": null, "taskName": "starlette.middleware.base.BaseHTTPMiddleware.__call__.<locals>.call_next.<locals>.coro"}
{"asctime": "2026-03-03 16:03:54,171", "levelname": "INFO", "message": "", "url": "/api/v1/payment_intake_matching/matching/dashboard/summary", "method": "GET", "process_time": 4.090171813964844, "taskName": "Task-185"}
{"asctime": "2026-03-03 16:03:54,417", "levelname": "INFO", "message": "HTTP Request: GET http://localhost:8002/api/v1/payment_intake_matching/matching/dashboard/unmatched-invoices \"HTTP/1.1 200 OK\"", "url": null, "method": null, "process_time": null, "taskName": "starlette.middleware.base.BaseHTTPMiddleware.__call__.<locals>.call_next.<locals>.coro"}
{"asctime": "2026-03-03 16:03:54,425", "levelname": "INFO", "message": "", "url": "/api/v1/payment_intake_matching/matching/dashboard/unmatched-invoices", "method": "GET", "process_time": 3.321836233139038, "taskName": "Task-189"}
{"asctime": "2026-03-03 16:03:54,470", "levelname": "INFO", "message": "HTTP Request: GET http://localhost:8002/api/v1/payment_intake_matching/matching/dashboard/recent?limit=10 \"HTTP/1.1 200 OK\"", "url": null, "method": null, "process_time": null, "taskName": "starlette.middleware.base.BaseHTTPMiddleware.__call__.<locals>.call_next.<locals>.coro"}
{"asctime": "2026-03-03 16:03:54,487", "levelname": "INFO", "message": "", "url": "/api/v1/payment_intake_matching/matching/dashboard/recent", "method": "GET", "process_time": 2.3625521659851074, "taskName": "Task-191"}
{"asctime": "2026-03-03 16:03:54,491", "levelname": "INFO", "message": "HTTP Request: GET http://localhost:8002/api/v1/payment_intake_matching/matching/dashboard/unmatched-payments \"HTTP/1.1 200 OK\"", "url": null, "method": null, "process_time": null, "taskName": "starlette.middleware.base.BaseHTTPMiddleware.__call__.<locals>.call_next.<locals>.coro"}
{"asctime": "2026-03-03 16:03:54,519", "levelname": "INFO", "message": "", "url": "/api/v1/payment_intake_matching/matching/dashboard/unmatched-payments", "method": "GET", "process_time": 2.397334337234497, "taskName": "Task-190"}
{"asctime": "2026-03-03 16:04:22,770", "levelname": "INFO", "message": "HTTP Request: GET http://localhost:8001/api/v1/users/auth/me \"HTTP/1.1 200 OK\"", "url": null, "method": null, "process_time": null, "taskName": "Task-225"}
{"asctime": "2026-03-03 16:04:24,180", "levelname": "INFO", "message": "HTTP Request: GET http://localhost:8002/api/v1/payment_intake_matching/matching/dashboard/recent?limit=200 \"HTTP/1.1 200 OK\"", "url": null, "method": null, "process_time": null, "taskName": "starlette.middleware.base.BaseHTTPMiddleware.__call__.<locals>.call_next.<locals>.coro"}
{"asctime": "2026-03-03 16:04:24,188", "levelname": "INFO", "message": "", "url": "/api/v1/payment_intake_matching/matching/dashboard/recent", "method": "GET", "process_time": 1.4123711585998535, "taskName": "Task-225"}
{"asctime": "2026-03-03 16:04:27,986", "levelname": "INFO", "message": "HTTP Request: GET http://localhost:8001/api/v1/users/auth/me \"HTTP/1.1 200 OK\"", "url": null, "method": null, "process_time": null, "taskName": "Task-235"}
{"asctime": "2026-03-03 16:04:29,257", "levelname": "INFO", "message": "HTTP Request: GET http://localhost:8002/api/v1/payment_intake_matching/documents/ \"HTTP/1.1 200 OK\"", "url": null, "method": null, "process_time": null, "taskName": "starlette.middleware.base.BaseHTTPMiddleware.__call__.<locals>.call_next.<locals>.coro"}
{"asctime": "2026-03-03 16:04:29,260", "levelname": "INFO", "message": "", "url": "/api/v1/payment_intake_matching/documents/", "method": "GET", "process_time": 1.268631935119629, "taskName": "Task-235"}
{"asctime": "2026-03-03 16:04:34,823", "levelname": "INFO", "message": "HTTP Request: GET http://localhost:8001/api/v1/users/auth/me \"HTTP/1.1 200 OK\"", "url": null, "method": null, "process_time": null, "taskName": "Task-244"}
{"asctime": "2026-03-03 16:04:35,876", "levelname": "INFO", "message": "HTTP Request: GET http://localhost:8001/api/v1/users/auth/me \"HTTP/1.1 200 OK\"", "url": null, "method": null, "process_time": null, "taskName": "Task-252"}
{"asctime": "2026-03-03 16:04:36,866", "levelname": "INFO", "message": "HTTP Request: GET http://localhost:8001/api/v1/users/auth/me \"HTTP/1.1 200 OK\"", "url": null, "method": null, "process_time": null, "taskName": "Task-251"}
{"asctime": "2026-03-03 16:04:36,868", "levelname": "INFO", "message": "HTTP Request: GET http://localhost:8001/api/v1/users/auth/me \"HTTP/1.1 200 OK\"", "url": null, "method": null, "process_time": null, "taskName": "Task-253"}
{"asctime": "2026-03-03 16:04:36,869", "levelname": "INFO", "message": "HTTP Request: GET http://localhost:8001/api/v1/users/auth/me \"HTTP/1.1 200 OK\"", "url": null, "method": null, "process_time": null, "taskName": "Task-254"}
{"asctime": "2026-03-03 16:04:36,871", "levelname": "INFO", "message": "HTTP Request: GET http://localhost:8001/api/v1/users/auth/me \"HTTP/1.1 200 OK\"", "url": null, "method": null, "process_time": null, "taskName": "Task-245"}
{"asctime": "2026-03-03 16:04:40,477", "levelname": "INFO", "message": "HTTP Request: GET http://localhost:8002/api/v1/payment_intake_matching/documents/3/invoices \"HTTP/1.1 200 OK\"", "url": null, "method": null, "process_time": null, "taskName": "starlette.middleware.base.BaseHTTPMiddleware.__call__.<locals>.call_next.<locals>.coro"}
{"asctime": "2026-03-03 16:04:40,480", "levelname": "INFO", "message": "", "url": "/api/v1/payment_intake_matching/documents/3/invoices", "method": "GET", "process_time": 5.654508113861084, "taskName": "Task-244"}
{"asctime": "2026-03-03 16:04:41,444", "levelname": "INFO", "message": "HTTP Request: GET http://localhost:8002/api/v1/payment_intake_matching/documents/1/invoices \"HTTP/1.1 200 OK\"", "url": null, "method": null, "process_time": null, "taskName": "starlette.middleware.base.BaseHTTPMiddleware.__call__.<locals>.call_next.<locals>.coro"}
{"asctime": "2026-03-03 16:04:41,448", "levelname": "INFO", "message": "HTTP Request: GET http://localhost:8002/api/v1/payment_intake_matching/documents/5/invoices \"HTTP/1.1 200 OK\"", "url": null, "method": null, "process_time": null, "taskName": "starlette.middleware.base.BaseHTTPMiddleware.__call__.<locals>.call_next.<locals>.coro"}
{"asctime": "2026-03-03 16:04:41,458", "levelname": "INFO", "message": "", "url": "/api/v1/payment_intake_matching/documents/1/invoices", "method": "GET", "process_time": 4.5688796043396, "taskName": "Task-245"}
{"asctime": "2026-03-03 16:04:41,484", "levelname": "INFO", "message": "HTTP Request: GET http://localhost:8002/api/v1/payment_intake_matching/documents/6/invoices \"HTTP/1.1 200 OK\"", "url": null, "method": null, "process_time": null, "taskName": "starlette.middleware.base.BaseHTTPMiddleware.__call__.<locals>.call_next.<locals>.coro"}
{"asctime": "2026-03-03 16:04:41,495", "levelname": "INFO", "message": "HTTP Request: GET http://localhost:8002/api/v1/payment_intake_matching/documents/4/invoices \"HTTP/1.1 200 OK\"", "url": null, "method": null, "process_time": null, "taskName": "starlette.middleware.base.BaseHTTPMiddleware.__call__.<locals>.call_next.<locals>.coro"}
{"asctime": "2026-03-03 16:04:41,510", "levelname": "INFO", "message": "", "url": "/api/v1/payment_intake_matching/documents/5/invoices", "method": "GET", "process_time": 4.62894606590271, "taskName": "Task-254"}
{"asctime": "2026-03-03 16:04:41,563", "levelname": "INFO", "message": "", "url": "/api/v1/payment_intake_matching/documents/6/invoices", "method": "GET", "process_time": 4.6830668449401855, "taskName": "Task-253"}
{"asctime": "2026-03-03 16:04:41,572", "levelname": "INFO", "message": "", "url": "/api/v1/payment_intake_matching/documents/4/invoices", "method": "GET", "process_time": 4.69560980796814, "taskName": "Task-251"}
{"asctime": "2026-03-03 16:04:41,592", "levelname": "INFO", "message": "HTTP Request: GET http://localhost:8002/api/v1/payment_intake_matching/documents/7/invoices \"HTTP/1.1 200 OK\"", "url": null, "method": null, "process_time": null, "taskName": "starlette.middleware.base.BaseHTTPMiddleware.__call__.<locals>.call_next.<locals>.coro"}
{"asctime": "2026-03-03 16:04:41,611", "levelname": "INFO", "message": "", "url": "/api/v1/payment_intake_matching/documents/7/invoices", "method": "GET", "process_time": 5.7230894565582275, "taskName": "Task-252"}
{"asctime": "2026-03-03 16:04:41,691", "levelname": "INFO", "message": "HTTP Request: GET http://localhost:8001/api/v1/users/auth/me \"HTTP/1.1 200 OK\"", "url": null, "method": null, "process_time": null, "taskName": "Task-297"}
{"asctime": "2026-03-03 16:04:42,902", "levelname": "INFO", "message": "HTTP Request: GET http://localhost:8002/api/v1/payment_intake_matching/documents/8/invoices \"HTTP/1.1 200 OK\"", "url": null, "method": null, "process_time": null, "taskName": "starlette.middleware.base.BaseHTTPMiddleware.__call__.<locals>.call_next.<locals>.coro"}
{"asctime": "2026-03-03 16:04:42,906", "levelname": "INFO", "message": "", "url": "/api/v1/payment_intake_matching/documents/8/invoices", "method": "GET", "process_time": 1.199948787689209, "taskName": "Task-297"}
{"asctime": "2026-03-03 16:04:52,116", "levelname": "INFO", "message": "HTTP Request: GET http://localhost:8001/api/v1/users/auth/me \"HTTP/1.1 200 OK\"", "url": null, "method": null, "process_time": null, "taskName": "Task-312"}
{"asctime": "2026-03-03 16:04:53,428", "levelname": "INFO", "message": "HTTP Request: GET http://localhost:8002/api/v1/payment_intake_matching/documents/ \"HTTP/1.1 200 OK\"", "url": null, "method": null, "process_time": null, "taskName": "starlette.middleware.base.BaseHTTPMiddleware.__call__.<locals>.call_next.<locals>.coro"}
{"asctime": "2026-03-03 16:04:53,434", "levelname": "INFO", "message": "", "url": "/api/v1/payment_intake_matching/documents/", "method": "GET", "process_time": 1.3125731945037842, "taskName": "Task-312"}
{"asctime": "2026-03-03 16:04:54,656", "levelname": "INFO", "message": "HTTP Request: GET http://localhost:8001/api/v1/users/auth/me \"HTTP/1.1 200 OK\"", "url": null, "method": null, "process_time": null, "taskName": "Task-322"}
{"asctime": "2026-03-03 16:04:56,005", "levelname": "INFO", "message": "HTTP Request: GET http://localhost:8002/api/v1/payment_intake_matching/documents/2/payments \"HTTP/1.1 200 OK\"", "url": null, "method": null, "process_time": null, "taskName": "starlette.middleware.base.BaseHTTPMiddleware.__call__.<locals>.call_next.<locals>.coro"}
{"asctime": "2026-03-03 16:04:56,009", "levelname": "INFO", "message": "", "url": "/api/v1/payment_intake_matching/documents/2/payments", "method": "GET", "process_time": 1.3489534854888916, "taskName": "Task-322"}
{"asctime": "2026-03-03 16:16:17,798", "levelname": "INFO", "message": "HTTP Request: GET http://localhost:8001/api/v1/users/auth/me \"HTTP/1.1 200 OK\"", "url": null, "method": null, "process_time": null, "taskName": "Task-337"}
{"asctime": "2026-03-03 16:16:18,876", "levelname": "INFO", "message": "HTTP Request: GET http://localhost:8001/api/v1/users/auth/me \"HTTP/1.1 200 OK\"", "url": null, "method": null, "process_time": null, "taskName": "Task-335"}
{"asctime": "2026-03-03 16:16:18,879", "levelname": "INFO", "message": "HTTP Request: GET http://localhost:8001/api/v1/users/auth/me \"HTTP/1.1 200 OK\"", "url": null, "method": null, "process_time": null, "taskName": "Task-338"}
{"asctime": "2026-03-03 16:16:18,879", "levelname": "INFO", "message": "HTTP Request: GET http://localhost:8001/api/v1/users/auth/me \"HTTP/1.1 200 OK\"", "url": null, "method": null, "process_time": null, "taskName": "Task-336"}
{"asctime": "2026-03-03 16:16:22,506", "levelname": "INFO", "message": "HTTP Request: GET http://localhost:8002/api/v1/payment_intake_matching/matching/dashboard/summary \"HTTP/1.1 200 OK\"", "url": null, "method": null, "process_time": null, "taskName": "starlette.middleware.base.BaseHTTPMiddleware.__call__.<locals>.call_next.<locals>.coro"}
{"asctime": "2026-03-03 16:16:22,512", "levelname": "INFO", "message": "HTTP Request: GET http://localhost:8002/api/v1/payment_intake_matching/matching/dashboard/unmatched-invoices \"HTTP/1.1 200 OK\"", "url": null, "method": null, "process_time": null, "taskName": "starlette.middleware.base.BaseHTTPMiddleware.__call__.<locals>.call_next.<locals>.coro"}
{"asctime": "2026-03-03 16:16:22,518", "levelname": "INFO", "message": "", "url": "/api/v1/payment_intake_matching/matching/dashboard/summary", "method": "GET", "process_time": 2.330129384994507, "taskName": "Task-336"}
{"asctime": "2026-03-03 16:16:22,546", "levelname": "INFO", "message": "HTTP Request: GET http://localhost:8002/api/v1/payment_intake_matching/matching/dashboard/recent?limit=10 \"HTTP/1.1 200 OK\"", "url": null, "method": null, "process_time": null, "taskName": "starlette.middleware.base.BaseHTTPMiddleware.__call__.<locals>.call_next.<locals>.coro"}
{"asctime": "2026-03-03 16:16:22,555", "levelname": "INFO", "message": "HTTP Request: GET http://localhost:8002/api/v1/payment_intake_matching/matching/dashboard/unmatched-payments \"HTTP/1.1 200 OK\"", "url": null, "method": null, "process_time": null, "taskName": "starlette.middleware.base.BaseHTTPMiddleware.__call__.<locals>.call_next.<locals>.coro"}
{"asctime": "2026-03-03 16:16:22,572", "levelname": "INFO", "message": "", "url": "/api/v1/payment_intake_matching/matching/dashboard/unmatched-invoices", "method": "GET", "process_time": 4.759347915649414, "taskName": "Task-337"}
{"asctime": "2026-03-03 16:16:22,589", "levelname": "INFO", "message": "", "url": "/api/v1/payment_intake_matching/matching/dashboard/recent", "method": "GET", "process_time": 2.403568983078003, "taskName": "Task-338"}
{"asctime": "2026-03-03 16:16:22,597", "levelname": "INFO", "message": "", "url": "/api/v1/payment_intake_matching/matching/dashboard/unmatched-payments", "method": "GET", "process_time": 3.7179789543151855, "taskName": "Task-335"}
{"asctime": "2026-03-03 16:16:39,229", "levelname": "INFO", "message": "HTTP Request: GET http://localhost:8001/api/v1/users/auth/me \"HTTP/1.1 200 OK\"", "url": null, "method": null, "process_time": null, "taskName": "Task-372"}
{"asctime": "2026-03-03 16:16:40,301", "levelname": "INFO", "message": "HTTP Request: GET http://localhost:8001/api/v1/users/auth/me \"HTTP/1.1 200 OK\"", "url": null, "method": null, "process_time": null, "taskName": "starlette.middleware.base.BaseHTTPMiddleware.__call__.<locals>.call_next.<locals>.coro"}
{"asctime": "2026-03-03 16:16:40,303", "levelname": "INFO", "message": "", "url": "/api/v1/users/auth/me", "method": "GET", "process_time": 1.0704598426818848, "taskName": "Task-372"}
{"asctime": "2026-03-03 16:16:45,059", "levelname": "INFO", "message": "HTTP Request: GET http://localhost:8001/api/v1/users/auth/me \"HTTP/1.1 200 OK\"", "url": null, "method": null, "process_time": null, "taskName": "Task-386"}
{"asctime": "2026-03-03 16:16:46,073", "levelname": "INFO", "message": "HTTP Request: GET http://localhost:8001/api/v1/users/auth/me \"HTTP/1.1 200 OK\"", "url": null, "method": null, "process_time": null, "taskName": "Task-387"}
{"asctime": "2026-03-03 16:16:46,073", "levelname": "INFO", "message": "HTTP Request: GET http://localhost:8001/api/v1/users/auth/me \"HTTP/1.1 200 OK\"", "url": null, "method": null, "process_time": null, "taskName": "Task-385"}
{"asctime": "2026-03-03 16:16:46,075", "levelname": "INFO", "message": "HTTP Request: GET http://localhost:8001/api/v1/users/auth/me \"HTTP/1.1 200 OK\"", "url": null, "method": null, "process_time": null, "taskName": "Task-381"}
{"asctime": "2026-03-03 16:16:49,461", "levelname": "INFO", "message": "HTTP Request: GET http://localhost:8002/api/v1/payment_intake_matching/matching/dashboard/unmatched-payments \"HTTP/1.1 200 OK\"", "url": null, "method": null, "process_time": null, "taskName": "starlette.middleware.base.BaseHTTPMiddleware.__call__.<locals>.call_next.<locals>.coro"}
{"asctime": "2026-03-03 16:16:49,465", "levelname": "INFO", "message": "HTTP Request: GET http://localhost:8002/api/v1/payment_intake_matching/matching/dashboard/unmatched-invoices \"HTTP/1.1 200 OK\"", "url": null, "method": null, "process_time": null, "taskName": "starlette.middleware.base.BaseHTTPMiddleware.__call__.<locals>.call_next.<locals>.coro"}
{"asctime": "2026-03-03 16:16:49,469", "levelname": "INFO", "message": "HTTP Request: GET http://localhost:8002/api/v1/payment_intake_matching/matching/dashboard/summary \"HTTP/1.1 200 OK\"", "url": null, "method": null, "process_time": null, "taskName": "starlette.middleware.base.BaseHTTPMiddleware.__call__.<locals>.call_next.<locals>.coro"}
{"asctime": "2026-03-03 16:16:49,475", "levelname": "INFO", "message": "", "url": "/api/v1/payment_intake_matching/matching/dashboard/unmatched-payments", "method": "GET", "process_time": 3.394249677658081, "taskName": "Task-385"}
{"asctime": "2026-03-03 16:16:49,486", "levelname": "INFO", "message": "HTTP Request: GET http://localhost:8002/api/v1/payment_intake_matching/matching/dashboard/recent?limit=10 \"HTTP/1.1 200 OK\"", "url": null, "method": null, "process_time": null, "taskName": "starlette.middleware.base.BaseHTTPMiddleware.__call__.<locals>.call_next.<locals>.coro"}
{"asctime": "2026-03-03 16:16:49,496", "levelname": "INFO", "message": "", "url": "/api/v1/payment_intake_matching/matching/dashboard/unmatched-invoices", "method": "GET", "process_time": 3.4164984226226807, "taskName": "Task-387"}
{"asctime": "2026-03-03 16:16:49,505", "levelname": "INFO", "message": "", "url": "/api/v1/payment_intake_matching/matching/dashboard/summary", "method": "GET", "process_time": 3.4198875427246094, "taskName": "Task-381"}
{"asctime": "2026-03-03 16:16:49,522", "levelname": "INFO", "message": "", "url": "/api/v1/payment_intake_matching/matching/dashboard/recent", "method": "GET", "process_time": 4.459116697311401, "taskName": "Task-386"}
{"asctime": "2026-03-03 16:17:44,973", "levelname": "INFO", "message": "HTTP Request: GET http://localhost:8001/api/v1/users/auth/me \"HTTP/1.1 200 OK\"", "url": null, "method": null, "process_time": null, "taskName": "Task-424"}
{"asctime": "2026-03-03 16:17:45,897", "levelname": "INFO", "message": "HTTP Request: GET http://localhost:8001/api/v1/users/auth/me \"HTTP/1.1 200 OK\"", "url": null, "method": null, "process_time": null, "taskName": "Task-426"}
{"asctime": "2026-03-03 16:17:45,898", "levelname": "INFO", "message": "HTTP Request: GET http://localhost:8001/api/v1/users/auth/me \"HTTP/1.1 200 OK\"", "url": null, "method": null, "process_time": null, "taskName": "Task-427"}
{"asctime": "2026-03-03 16:17:45,899", "levelname": "INFO", "message": "HTTP Request: GET http://localhost:8001/api/v1/users/auth/me \"HTTP/1.1 200 OK\"", "url": null, "method": null, "process_time": null, "taskName": "Task-425"}
{"asctime": "2026-03-03 16:17:48,979", "levelname": "INFO", "message": "HTTP Request: GET http://localhost:8002/api/v1/payment_intake_matching/matching/dashboard/summary \"HTTP/1.1 200 OK\"", "url": null, "method": null, "process_time": null, "taskName": "starlette.middleware.base.BaseHTTPMiddleware.__call__.<locals>.call_next.<locals>.coro"}
{"asctime": "2026-03-03 16:17:48,982", "levelname": "INFO", "message": "HTTP Request: GET http://localhost:8002/api/v1/payment_intake_matching/matching/dashboard/unmatched-invoices \"HTTP/1.1 200 OK\"", "url": null, "method": null, "process_time": null, "taskName": "starlette.middleware.base.BaseHTTPMiddleware.__call__.<locals>.call_next.<locals>.coro"}
{"asctime": "2026-03-03 16:17:48,986", "levelname": "INFO", "message": "HTTP Request: GET http://localhost:8002/api/v1/payment_intake_matching/matching/dashboard/recent?limit=10 \"HTTP/1.1 200 OK\"", "url": null, "method": null, "process_time": null, "taskName": "starlette.middleware.base.BaseHTTPMiddleware.__call__.<locals>.call_next.<locals>.coro"}
{"asctime": "2026-03-03 16:17:48,988", "levelname": "INFO", "message": "", "url": "/api/v1/payment_intake_matching/matching/dashboard/summary", "method": "GET", "process_time": 4.009551763534546, "taskName": "Task-424"}
{"asctime": "2026-03-03 16:17:48,997", "levelname": "INFO", "message": "HTTP Request: GET http://localhost:8002/api/v1/payment_intake_matching/matching/dashboard/unmatched-payments \"HTTP/1.1 200 OK\"", "url": null, "method": null, "process_time": null, "taskName": "starlette.middleware.base.BaseHTTPMiddleware.__call__.<locals>.call_next.<locals>.coro"}
{"asctime": "2026-03-03 16:17:49,015", "levelname": "INFO", "message": "", "url": "/api/v1/payment_intake_matching/matching/dashboard/unmatched-invoices", "method": "GET", "process_time": 3.1083614826202393, "taskName": "Task-425"}
{"asctime": "2026-03-03 16:17:49,033", "levelname": "INFO", "message": "", "url": "/api/v1/payment_intake_matching/matching/dashboard/recent", "method": "GET", "process_time": 3.12947678565979, "taskName": "Task-426"}
{"asctime": "2026-03-03 16:17:49,049", "levelname": "INFO", "message": "", "url": "/api/v1/payment_intake_matching/matching/dashboard/unmatched-payments", "method": "GET", "process_time": 3.1446261405944824, "taskName": "Task-427"}
{"asctime": "2026-03-03 16:18:44,882", "levelname": "INFO", "message": "HTTP Request: GET http://localhost:8001/api/v1/users/auth/me \"HTTP/1.1 200 OK\"", "url": null, "method": null, "process_time": null, "taskName": "Task-469"}
{"asctime": "2026-03-03 16:18:45,592", "levelname": "INFO", "message": "HTTP Request: GET http://localhost:8001/api/v1/users/auth/me \"HTTP/1.1 200 OK\"", "url": null, "method": null, "process_time": null, "taskName": "Task-467"}
{"asctime": "2026-03-03 16:18:45,593", "levelname": "INFO", "message": "HTTP Request: GET http://localhost:8001/api/v1/users/auth/me \"HTTP/1.1 200 OK\"", "url": null, "method": null, "process_time": null, "taskName": "Task-465"}
{"asctime": "2026-03-03 16:18:45,595", "levelname": "INFO", "message": "HTTP Request: GET http://localhost:8001/api/v1/users/auth/me \"HTTP/1.1 200 OK\"", "url": null, "method": null, "process_time": null, "taskName": "Task-466"}
{"asctime": "2026-03-03 16:18:47,985", "levelname": "INFO", "message": "HTTP Request: GET http://localhost:8002/api/v1/payment_intake_matching/matching/dashboard/recent?limit=10 \"HTTP/1.1 200 OK\"", "url": null, "method": null, "process_time": null, "taskName": "starlette.middleware.base.BaseHTTPMiddleware.__call__.<locals>.call_next.<locals>.coro"}
{"asctime": "2026-03-03 16:18:47,987", "levelname": "INFO", "message": "HTTP Request: GET http://localhost:8002/api/v1/payment_intake_matching/matching/dashboard/summary \"HTTP/1.1 200 OK\"", "url": null, "method": null, "process_time": null, "taskName": "starlette.middleware.base.BaseHTTPMiddleware.__call__.<locals>.call_next.<locals>.coro"}
{"asctime": "2026-03-03 16:18:47,993", "levelname": "INFO", "message": "HTTP Request: GET http://localhost:8002/api/v1/payment_intake_matching/matching/dashboard/unmatched-invoices \"HTTP/1.1 200 OK\"", "url": null, "method": null, "process_time": null, "taskName": "starlette.middleware.base.BaseHTTPMiddleware.__call__.<locals>.call_next.<locals>.coro"}
{"asctime": "2026-03-03 16:18:47,996", "levelname": "INFO", "message": "HTTP Request: GET http://localhost:8002/api/v1/payment_intake_matching/matching/dashboard/unmatched-payments \"HTTP/1.1 200 OK\"", "url": null, "method": null, "process_time": null, "taskName": "starlette.middleware.base.BaseHTTPMiddleware.__call__.<locals>.call_next.<locals>.coro"}
{"asctime": "2026-03-03 16:18:47,998", "levelname": "INFO", "message": "", "url": "/api/v1/payment_intake_matching/matching/dashboard/summary", "method": "GET", "process_time": 2.3979408740997314, "taskName": "Task-465"}
{"asctime": "2026-03-03 16:18:48,000", "levelname": "INFO", "message": "", "url": "/api/v1/payment_intake_matching/matching/dashboard/recent", "method": "GET", "process_time": 2.398477792739868, "taskName": "Task-466"}
{"asctime": "2026-03-03 16:18:48,008", "levelname": "INFO", "message": "", "url": "/api/v1/payment_intake_matching/matching/dashboard/unmatched-invoices", "method": "GET", "process_time": 2.4084692001342773, "taskName": "Task-467"}
{"asctime": "2026-03-03 16:18:48,014", "levelname": "INFO", "message": "", "url": "/api/v1/payment_intake_matching/matching/dashboard/unmatched-payments", "method": "GET", "process_time": 3.129031181335449, "taskName": "Task-469"}
{"asctime": "2026-03-03 16:19:44,017", "levelname": "INFO", "message": "HTTP Request: GET http://localhost:8001/api/v1/users/auth/me \"HTTP/1.1 200 OK\"", "url": null, "method": null, "process_time": null, "taskName": "Task-502"}
{"asctime": "2026-03-03 16:19:44,629", "levelname": "INFO", "message": "HTTP Request: GET http://localhost:8001/api/v1/users/auth/me \"HTTP/1.1 200 OK\"", "url": null, "method": null, "process_time": null, "taskName": "Task-507"}
{"asctime": "2026-03-03 16:19:45,368", "levelname": "INFO", "message": "HTTP Request: GET http://localhost:8001/api/v1/users/auth/me \"HTTP/1.1 200 OK\"", "url": null, "method": null, "process_time": null, "taskName": "Task-508"}
{"asctime": "2026-03-03 16:19:45,368", "levelname": "INFO", "message": "HTTP Request: GET http://localhost:8001/api/v1/users/auth/me \"HTTP/1.1 200 OK\"", "url": null, "method": null, "process_time": null, "taskName": "Task-506"}
{"asctime": "2026-03-03 16:19:46,827", "levelname": "INFO", "message": "HTTP Request: GET http://localhost:8002/api/v1/payment_intake_matching/matching/dashboard/summary \"HTTP/1.1 200 OK\"", "url": null, "method": null, "process_time": null, "taskName": "starlette.middleware.base.BaseHTTPMiddleware.__call__.<locals>.call_next.<locals>.coro"}
{"asctime": "2026-03-03 16:19:46,828", "levelname": "INFO", "message": "", "url": "/api/v1/payment_intake_matching/matching/dashboard/summary", "method": "GET", "process_time": 2.809230327606201, "taskName": "Task-502"}
{"asctime": "2026-03-03 16:19:47,138", "levelname": "INFO", "message": "HTTP Request: GET http://localhost:8002/api/v1/payment_intake_matching/matching/dashboard/recent?limit=10 \"HTTP/1.1 200 OK\"", "url": null, "method": null, "process_time": null, "taskName": "starlette.middleware.base.BaseHTTPMiddleware.__call__.<locals>.call_next.<locals>.coro"}
{"asctime": "2026-03-03 16:19:47,141", "levelname": "INFO", "message": "", "url": "/api/v1/payment_intake_matching/matching/dashboard/recent", "method": "GET", "process_time": 2.5057458877563477, "taskName": "Task-507"}
{"asctime": "2026-03-03 16:19:47,143", "levelname": "INFO", "message": "HTTP Request: GET http://localhost:8002/api/v1/payment_intake_matching/matching/dashboard/unmatched-payments \"HTTP/1.1 200 OK\"", "url": null, "method": null, "process_time": null, "taskName": "starlette.middleware.base.BaseHTTPMiddleware.__call__.<locals>.call_next.<locals>.coro"}
{"asctime": "2026-03-03 16:19:47,149", "levelname": "INFO", "message": "HTTP Request: GET http://localhost:8002/api/v1/payment_intake_matching/matching/dashboard/unmatched-invoices \"HTTP/1.1 200 OK\"", "url": null, "method": null, "process_time": null, "taskName": "starlette.middleware.base.BaseHTTPMiddleware.__call__.<locals>.call_next.<locals>.coro"}
{"asctime": "2026-03-03 16:19:47,159", "levelname": "INFO", "message": "", "url": "/api/v1/payment_intake_matching/matching/dashboard/unmatched-payments", "method": "GET", "process_time": 1.7859117984771729, "taskName": "Task-506"}
{"asctime": "2026-03-03 16:19:47,176", "levelname": "INFO", "message": "", "url": "/api/v1/payment_intake_matching/matching/dashboard/unmatched-invoices", "method": "GET", "process_time": 1.8044848442077637, "taskName": "Task-508"}
{"asctime": "2026-03-03 16:20:45,118", "levelname": "INFO", "message": "HTTP Request: GET http://localhost:8001/api/v1/users/auth/me \"HTTP/1.1 200 OK\"", "url": null, "method": null, "process_time": null, "taskName": "Task-545"}
{"asctime": "2026-03-03 16:20:46,003", "levelname": "INFO", "message": "HTTP Request: GET http://localhost:8001/api/v1/users/auth/me \"HTTP/1.1 200 OK\"", "url": null, "method": null, "process_time": null, "taskName": "Task-548"}
{"asctime": "2026-03-03 16:20:46,004", "levelname": "INFO", "message": "HTTP Request: GET http://localhost:8001/api/v1/users/auth/me \"HTTP/1.1 200 OK\"", "url": null, "method": null, "process_time": null, "taskName": "Task-547"}
{"asctime": "2026-03-03 16:20:46,006", "levelname": "INFO", "message": "HTTP Request: GET http://localhost:8001/api/v1/users/auth/me \"HTTP/1.1 200 OK\"", "url": null, "method": null, "process_time": null, "taskName": "Task-546"}
{"asctime": "2026-03-03 16:20:48,862", "levelname": "INFO", "message": "HTTP Request: GET http://localhost:8002/api/v1/payment_intake_matching/matching/dashboard/summary \"HTTP/1.1 200 OK\"", "url": null, "method": null, "process_time": null, "taskName": "starlette.middleware.base.BaseHTTPMiddleware.__call__.<locals>.call_next.<locals>.coro"}
{"asctime": "2026-03-03 16:20:48,866", "levelname": "INFO", "message": "", "url": "/api/v1/payment_intake_matching/matching/dashboard/summary", "method": "GET", "process_time": 3.745074987411499, "taskName": "Task-545"}
{"asctime": "2026-03-03 16:20:48,875", "levelname": "INFO", "message": "HTTP Request: GET http://localhost:8002/api/v1/payment_intake_matching/matching/dashboard/unmatched-invoices \"HTTP/1.1 200 OK\"", "url": null, "method": null, "process_time": null, "taskName": "starlette.middleware.base.BaseHTTPMiddleware.__call__.<locals>.call_next.<locals>.coro"}
{"asctime": "2026-03-03 16:20:48,879", "levelname": "INFO", "message": "", "url": "/api/v1/payment_intake_matching/matching/dashboard/unmatched-invoices", "method": "GET", "process_time": 2.8683085441589355, "taskName": "Task-547"}
{"asctime": "2026-03-03 16:20:48,896", "levelname": "INFO", "message": "HTTP Request: GET http://localhost:8002/api/v1/payment_intake_matching/matching/dashboard/recent?limit=10 \"HTTP/1.1 200 OK\"", "url": null, "method": null, "process_time": null, "taskName": "starlette.middleware.base.BaseHTTPMiddleware.__call__.<locals>.call_next.<locals>.coro"}
{"asctime": "2026-03-03 16:20:48,908", "levelname": "INFO", "message": "HTTP Request: GET http://localhost:8002/api/v1/payment_intake_matching/matching/dashboard/unmatched-payments \"HTTP/1.1 200 OK\"", "url": null, "method": null, "process_time": null, "taskName": "starlette.middleware.base.BaseHTTPMiddleware.__call__.<locals>.call_next.<locals>.coro"}
{"asctime": "2026-03-03 16:20:48,912", "levelname": "INFO", "message": "", "url": "/api/v1/payment_intake_matching/matching/dashboard/recent", "method": "GET", "process_time": 2.9032864570617676, "taskName": "Task-548"}
{"asctime": "2026-03-03 16:20:48,920", "levelname": "INFO", "message": "", "url": "/api/v1/payment_intake_matching/matching/dashboard/unmatched-payments", "method": "GET", "process_time": 2.9083032608032227, "taskName": "Task-546"}
{"asctime": "2026-03-03 16:21:44,515", "levelname": "INFO", "message": "HTTP Request: GET http://localhost:8001/api/v1/users/auth/me \"HTTP/1.1 200 OK\"", "url": null, "method": null, "process_time": null, "taskName": "Task-582"}
{"asctime": "2026-03-03 16:21:45,341", "levelname": "INFO", "message": "HTTP Request: GET http://localhost:8001/api/v1/users/auth/me \"HTTP/1.1 200 OK\"", "url": null, "method": null, "process_time": null, "taskName": "Task-588"}
{"asctime": "2026-03-03 16:21:46,198", "levelname": "INFO", "message": "HTTP Request: GET http://localhost:8001/api/v1/users/auth/me \"HTTP/1.1 200 OK\"", "url": null, "method": null, "process_time": null, "taskName": "Task-589"}
{"asctime": "2026-03-03 16:21:46,200", "levelname": "INFO", "message": "HTTP Request: GET http://localhost:8001/api/v1/users/auth/me \"HTTP/1.1 200 OK\"", "url": null, "method": null, "process_time": null, "taskName": "Task-587"}
{"asctime": "2026-03-03 16:21:47,896", "levelname": "INFO", "message": "HTTP Request: GET http://localhost:8002/api/v1/payment_intake_matching/matching/dashboard/summary \"HTTP/1.1 200 OK\"", "url": null, "method": null, "process_time": null, "taskName": "starlette.middleware.base.BaseHTTPMiddleware.__call__.<locals>.call_next.<locals>.coro"}
{"asctime": "2026-03-03 16:21:47,900", "levelname": "INFO", "message": "", "url": "/api/v1/payment_intake_matching/matching/dashboard/summary", "method": "GET", "process_time": 3.3803164958953857, "taskName": "Task-582"}
{"asctime": "2026-03-03 16:21:48,157", "levelname": "INFO", "message": "HTTP Request: GET http://localhost:8002/api/v1/payment_intake_matching/matching/dashboard/recent?limit=10 \"HTTP/1.1 200 OK\"", "url": null, "method": null, "process_time": null, "taskName": "starlette.middleware.base.BaseHTTPMiddleware.__call__.<locals>.call_next.<locals>.coro"}
{"asctime": "2026-03-03 16:21:48,160", "levelname": "INFO", "message": "HTTP Request: GET http://localhost:8002/api/v1/payment_intake_matching/matching/dashboard/unmatched-invoices \"HTTP/1.1 200 OK\"", "url": null, "method": null, "process_time": null, "taskName": "starlette.middleware.base.BaseHTTPMiddleware.__call__.<locals>.call_next.<locals>.coro"}
{"asctime": "2026-03-03 16:21:48,169", "levelname": "INFO", "message": "HTTP Request: GET http://localhost:8002/api/v1/payment_intake_matching/matching/dashboard/unmatched-payments \"HTTP/1.1 200 OK\"", "url": null, "method": null, "process_time": null, "taskName": "starlette.middleware.base.BaseHTTPMiddleware.__call__.<locals>.call_next.<locals>.coro"}
{"asctime": "2026-03-03 16:21:48,171", "levelname": "INFO", "message": "", "url": "/api/v1/payment_intake_matching/matching/dashboard/recent", "method": "GET", "process_time": 1.961089849472046, "taskName": "Task-589"}
{"asctime": "2026-03-03 16:21:48,174", "levelname": "INFO", "message": "", "url": "/api/v1/payment_intake_matching/matching/dashboard/unmatched-invoices", "method": "GET", "process_time": 2.8294148445129395, "taskName": "Task-588"}
{"asctime": "2026-03-03 16:21:48,184", "levelname": "INFO", "message": "", "url": "/api/v1/payment_intake_matching/matching/dashboard/unmatched-payments", "method": "GET", "process_time": 1.9710323810577393, "taskName": "Task-587"}
{"asctime": "2026-03-03 16:22:45,134", "levelname": "INFO", "message": "HTTP Request: GET http://localhost:8001/api/v1/users/auth/me \"HTTP/1.1 200 OK\"", "url": null, "method": null, "process_time": null, "taskName": "Task-625"}
{"asctime": "2026-03-03 16:22:46,019", "levelname": "INFO", "message": "HTTP Request: GET http://localhost:8001/api/v1/users/auth/me \"HTTP/1.1 200 OK\"", "url": null, "method": null, "process_time": null, "taskName": "Task-628"}
{"asctime": "2026-03-03 16:22:46,857", "levelname": "INFO", "message": "HTTP Request: GET http://localhost:8001/api/v1/users/auth/me \"HTTP/1.1 200 OK\"", "url": null, "method": null, "process_time": null, "taskName": "Task-627"}
{"asctime": "2026-03-03 16:22:46,861", "levelname": "INFO", "message": "HTTP Request: GET http://localhost:8001/api/v1/users/auth/me \"HTTP/1.1 200 OK\"", "url": null, "method": null, "process_time": null, "taskName": "Task-626"}
{"asctime": "2026-03-03 16:22:48,505", "levelname": "INFO", "message": "HTTP Request: GET http://localhost:8002/api/v1/payment_intake_matching/matching/dashboard/summary \"HTTP/1.1 200 OK\"", "url": null, "method": null, "process_time": null, "taskName": "starlette.middleware.base.BaseHTTPMiddleware.__call__.<locals>.call_next.<locals>.coro"}
{"asctime": "2026-03-03 16:22:48,509", "levelname": "INFO", "message": "", "url": "/api/v1/payment_intake_matching/matching/dashboard/summary", "method": "GET", "process_time": 3.3643736839294434, "taskName": "Task-625"}
{"asctime": "2026-03-03 16:22:48,813", "levelname": "INFO", "message": "HTTP Request: GET http://localhost:8002/api/v1/payment_intake_matching/matching/dashboard/recent?limit=10 \"HTTP/1.1 200 OK\"", "url": null, "method": null, "process_time": null, "taskName": "starlette.middleware.base.BaseHTTPMiddleware.__call__.<locals>.call_next.<locals>.coro"}
{"asctime": "2026-03-03 16:22:48,819", "levelname": "INFO", "message": "HTTP Request: GET http://localhost:8002/api/v1/payment_intake_matching/matching/dashboard/unmatched-invoices \"HTTP/1.1 200 OK\"", "url": null, "method": null, "process_time": null, "taskName": "starlette.middleware.base.BaseHTTPMiddleware.__call__.<locals>.call_next.<locals>.coro"}
{"asctime": "2026-03-03 16:22:48,822", "levelname": "INFO", "message": "", "url": "/api/v1/payment_intake_matching/matching/dashboard/recent", "method": "GET", "process_time": 1.9553165435791016, "taskName": "Task-626"}
{"asctime": "2026-03-03 16:22:48,828", "levelname": "INFO", "message": "HTTP Request: GET http://localhost:8002/api/v1/payment_intake_matching/matching/dashboard/unmatched-payments \"HTTP/1.1 200 OK\"", "url": null, "method": null, "process_time": null, "taskName": "starlette.middleware.base.BaseHTTPMiddleware.__call__.<locals>.call_next.<locals>.coro"}
{"asctime": "2026-03-03 16:22:48,833", "levelname": "INFO", "message": "", "url": "/api/v1/payment_intake_matching/matching/dashboard/unmatched-invoices", "method": "GET", "process_time": 1.9680781364440918, "taskName": "Task-627"}
{"asctime": "2026-03-03 16:22:48,841", "levelname": "INFO", "message": "", "url": "/api/v1/payment_intake_matching/matching/dashboard/unmatched-payments", "method": "GET", "process_time": 2.819080352783203, "taskName": "Task-628"}
{"asctime": "2026-03-03 16:24:15,828", "levelname": "INFO", "message": "HTTP Request: GET http://localhost:8001/api/v1/users/auth/me \"HTTP/1.1 200 OK\"", "url": null, "method": null, "process_time": null, "taskName": "Task-666"}
{"asctime": "2026-03-03 16:24:15,833", "levelname": "INFO", "message": "HTTP Request: GET http://localhost:8001/api/v1/users/auth/me \"HTTP/1.1 200 OK\"", "url": null, "method": null, "process_time": null, "taskName": "Task-668"}
{"asctime": "2026-03-03 16:24:17,213", "levelname": "INFO", "message": "HTTP Request: GET http://localhost:8001/api/v1/users/auth/me \"HTTP/1.1 200 OK\"", "url": null, "method": null, "process_time": null, "taskName": "Task-669"}
{"asctime": "2026-03-03 16:24:17,218", "levelname": "INFO", "message": "HTTP Request: GET http://localhost:8001/api/v1/users/auth/me \"HTTP/1.1 200 OK\"", "url": null, "method": null, "process_time": null, "taskName": "Task-667"}
{"asctime": "2026-03-03 16:24:19,124", "levelname": "INFO", "message": "HTTP Request: GET http://localhost:8002/api/v1/payment_intake_matching/matching/dashboard/summary \"HTTP/1.1 200 OK\"", "url": null, "method": null, "process_time": null, "taskName": "starlette.middleware.base.BaseHTTPMiddleware.__call__.<locals>.call_next.<locals>.coro"}
{"asctime": "2026-03-03 16:24:19,126", "levelname": "INFO", "message": "HTTP Request: GET http://localhost:8002/api/v1/payment_intake_matching/matching/dashboard/unmatched-invoices \"HTTP/1.1 200 OK\"", "url": null, "method": null, "process_time": null, "taskName": "starlette.middleware.base.BaseHTTPMiddleware.__call__.<locals>.call_next.<locals>.coro"}
{"asctime": "2026-03-03 16:24:19,132", "levelname": "INFO", "message": "", "url": "/api/v1/payment_intake_matching/matching/dashboard/summary", "method": "GET", "process_time": 3.293734073638916, "taskName": "Task-666"}
{"asctime": "2026-03-03 16:24:19,136", "levelname": "INFO", "message": "", "url": "/api/v1/payment_intake_matching/matching/dashboard/unmatched-invoices", "method": "GET", "process_time": 1.9184465408325195, "taskName": "Task-669"}
{"asctime": "2026-03-03 16:24:19,142", "levelname": "INFO", "message": "HTTP Request: GET http://localhost:8002/api/v1/payment_intake_matching/matching/dashboard/recent?limit=10 \"HTTP/1.1 200 OK\"", "url": null, "method": null, "process_time": null, "taskName": "starlette.middleware.base.BaseHTTPMiddleware.__call__.<locals>.call_next.<locals>.coro"}
{"asctime": "2026-03-03 16:24:19,146", "levelname": "INFO", "message": "HTTP Request: GET http://localhost:8002/api/v1/payment_intake_matching/matching/dashboard/unmatched-payments \"HTTP/1.1 200 OK\"", "url": null, "method": null, "process_time": null, "taskName": "starlette.middleware.base.BaseHTTPMiddleware.__call__.<locals>.call_next.<locals>.coro"}
{"asctime": "2026-03-03 16:24:19,157", "levelname": "INFO", "message": "", "url": "/api/v1/payment_intake_matching/matching/dashboard/recent", "method": "GET", "process_time": 1.0895774364471436, "taskName": "Task-667"}
{"asctime": "2026-03-03 16:24:19,161", "levelname": "INFO", "message": "", "url": "/api/v1/payment_intake_matching/matching/dashboard/unmatched-payments", "method": "GET", "process_time": 3.3213443756103516, "taskName": "Task-668"}
{"asctime": "2026-03-03 16:25:26,895", "levelname": "INFO", "message": "HTTP Request: GET http://localhost:8001/api/v1/users/auth/me \"HTTP/1.1 200 OK\"", "url": null, "method": null, "process_time": null, "taskName": "Task-708"}
{"asctime": "2026-03-03 16:25:27,711", "levelname": "INFO", "message": "HTTP Request: GET http://localhost:8001/api/v1/users/auth/me \"HTTP/1.1 200 OK\"", "url": null, "method": null, "process_time": null, "taskName": "Task-710"}
{"asctime": "2026-03-03 16:25:27,713", "levelname": "INFO", "message": "HTTP Request: GET http://localhost:8001/api/v1/users/auth/me \"HTTP/1.1 200 OK\"", "url": null, "method": null, "process_time": null, "taskName": "Task-709"}
{"asctime": "2026-03-03 16:25:27,715", "levelname": "INFO", "message": "HTTP Request: GET http://localhost:8001/api/v1/users/auth/me \"HTTP/1.1 200 OK\"", "url": null, "method": null, "process_time": null, "taskName": "Task-707"}
{"asctime": "2026-03-03 16:25:30,261", "levelname": "INFO", "message": "HTTP Request: GET http://localhost:8002/api/v1/payment_intake_matching/matching/dashboard/unmatched-payments \"HTTP/1.1 200 OK\"", "url": null, "method": null, "process_time": null, "taskName": "starlette.middleware.base.BaseHTTPMiddleware.__call__.<locals>.call_next.<locals>.coro"}
{"asctime": "2026-03-03 16:25:30,263", "levelname": "INFO", "message": "", "url": "/api/v1/payment_intake_matching/matching/dashboard/unmatched-payments", "method": "GET", "process_time": 3.3662021160125732, "taskName": "Task-708"}
{"asctime": "2026-03-03 16:25:30,273", "levelname": "INFO", "message": "HTTP Request: GET http://localhost:8002/api/v1/payment_intake_matching/matching/dashboard/unmatched-invoices \"HTTP/1.1 200 OK\"", "url": null, "method": null, "process_time": null, "taskName": "starlette.middleware.base.BaseHTTPMiddleware.__call__.<locals>.call_next.<locals>.coro"}
{"asctime": "2026-03-03 16:25:30,274", "levelname": "INFO", "message": "HTTP Request: GET http://localhost:8002/api/v1/payment_intake_matching/matching/dashboard/summary \"HTTP/1.1 200 OK\"", "url": null, "method": null, "process_time": null, "taskName": "starlette.middleware.base.BaseHTTPMiddleware.__call__.<locals>.call_next.<locals>.coro"}
{"asctime": "2026-03-03 16:25:30,281", "levelname": "INFO", "message": "", "url": "/api/v1/payment_intake_matching/matching/dashboard/summary", "method": "GET", "process_time": 2.5524518489837646, "taskName": "Task-707"}
{"asctime": "2026-03-03 16:25:30,283", "levelname": "INFO", "message": "", "url": "/api/v1/payment_intake_matching/matching/dashboard/unmatched-invoices", "method": "GET", "process_time": 2.5560476779937744, "taskName": "Task-710"}
{"asctime": "2026-03-03 16:25:30,287", "levelname": "INFO", "message": "HTTP Request: GET http://localhost:8002/api/v1/payment_intake_matching/matching/dashboard/recent?limit=10 \"HTTP/1.1 200 OK\"", "url": null, "method": null, "process_time": null, "taskName": "starlette.middleware.base.BaseHTTPMiddleware.__call__.<locals>.call_next.<locals>.coro"}
{"asctime": "2026-03-03 16:25:30,304", "levelname": "INFO", "message": "", "url": "/api/v1/payment_intake_matching/matching/dashboard/recent", "method": "GET", "process_time": 2.576051712036133, "taskName": "Task-709"}
{"asctime": "2026-03-03 16:26:26,312", "levelname": "INFO", "message": "HTTP Request: GET http://localhost:8001/api/v1/users/auth/me \"HTTP/1.1 200 OK\"", "url": null, "method": null, "process_time": null, "taskName": "Task-744"}
{"asctime": "2026-03-03 16:26:27,145", "levelname": "INFO", "message": "HTTP Request: GET http://localhost:8001/api/v1/users/auth/me \"HTTP/1.1 200 OK\"", "url": null, "method": null, "process_time": null, "taskName": "Task-748"}
{"asctime": "2026-03-03 16:26:27,991", "levelname": "INFO", "message": "HTTP Request: GET http://localhost:8001/api/v1/users/auth/me \"HTTP/1.1 200 OK\"", "url": null, "method": null, "process_time": null, "taskName": "Task-750"}
{"asctime": "2026-03-03 16:26:27,992", "levelname": "INFO", "message": "HTTP Request: GET http://localhost:8001/api/v1/users/auth/me \"HTTP/1.1 200 OK\"", "url": null, "method": null, "process_time": null, "taskName": "Task-749"}
{"asctime": "2026-03-03 16:26:29,657", "levelname": "INFO", "message": "HTTP Request: GET http://localhost:8002/api/v1/payment_intake_matching/matching/dashboard/summary \"HTTP/1.1 200 OK\"", "url": null, "method": null, "process_time": null, "taskName": "starlette.middleware.base.BaseHTTPMiddleware.__call__.<locals>.call_next.<locals>.coro"}
{"asctime": "2026-03-03 16:26:29,660", "levelname": "INFO", "message": "", "url": "/api/v1/payment_intake_matching/matching/dashboard/summary", "method": "GET", "process_time": 3.3459386825561523, "taskName": "Task-744"}
{"asctime": "2026-03-03 16:26:29,925", "levelname": "INFO", "message": "HTTP Request: GET http://localhost:8002/api/v1/payment_intake_matching/matching/dashboard/unmatched-invoices \"HTTP/1.1 200 OK\"", "url": null, "method": null, "process_time": null, "taskName": "starlette.middleware.base.BaseHTTPMiddleware.__call__.<locals>.call_next.<locals>.coro"}
{"asctime": "2026-03-03 16:26:29,928", "levelname": "INFO", "message": "HTTP Request: GET http://localhost:8002/api/v1/payment_intake_matching/matching/dashboard/recent?limit=10 \"HTTP/1.1 200 OK\"", "url": null, "method": null, "process_time": null, "taskName": "starlette.middleware.base.BaseHTTPMiddleware.__call__.<locals>.call_next.<locals>.coro"}
{"asctime": "2026-03-03 16:26:29,929", "levelname": "INFO", "message": "", "url": "/api/v1/payment_intake_matching/matching/dashboard/unmatched-invoices", "method": "GET", "process_time": 1.9240520000457764, "taskName": "Task-749"}
{"asctime": "2026-03-03 16:26:29,933", "levelname": "INFO", "message": "HTTP Request: GET http://localhost:8002/api/v1/payment_intake_matching/matching/dashboard/unmatched-payments \"HTTP/1.1 200 OK\"", "url": null, "method": null, "process_time": null, "taskName": "starlette.middleware.base.BaseHTTPMiddleware.__call__.<locals>.call_next.<locals>.coro"}
{"asctime": "2026-03-03 16:26:29,937", "levelname": "INFO", "message": "", "url": "/api/v1/payment_intake_matching/matching/dashboard/recent", "method": "GET", "process_time": 2.7894346714019775, "taskName": "Task-748"}
{"asctime": "2026-03-03 16:26:29,944", "levelname": "INFO", "message": "", "url": "/api/v1/payment_intake_matching/matching/dashboard/unmatched-payments", "method": "GET", "process_time": 1.945676326751709, "taskName": "Task-750"}
{"asctime": "2026-03-03 16:27:26,951", "levelname": "INFO", "message": "HTTP Request: GET http://localhost:8001/api/v1/users/auth/me \"HTTP/1.1 200 OK\"", "url": null, "method": null, "process_time": null, "taskName": "Task-787"}
{"asctime": "2026-03-03 16:27:27,767", "levelname": "INFO", "message": "HTTP Request: GET http://localhost:8001/api/v1/users/auth/me \"HTTP/1.1 200 OK\"", "url": null, "method": null, "process_time": null, "taskName": "Task-789"}
{"asctime": "2026-03-03 16:27:27,771", "levelname": "INFO", "message": "HTTP Request: GET http://localhost:8001/api/v1/users/auth/me \"HTTP/1.1 200 OK\"", "url": null, "method": null, "process_time": null, "taskName": "Task-788"}
{"asctime": "2026-03-03 16:27:27,773", "levelname": "INFO", "message": "HTTP Request: GET http://localhost:8001/api/v1/users/auth/me \"HTTP/1.1 200 OK\"", "url": null, "method": null, "process_time": null, "taskName": "Task-790"}
{"asctime": "2026-03-03 16:27:30,447", "levelname": "INFO", "message": "HTTP Request: GET http://localhost:8002/api/v1/payment_intake_matching/matching/dashboard/recent?limit=10 \"HTTP/1.1 200 OK\"", "url": null, "method": null, "process_time": null, "taskName": "starlette.middleware.base.BaseHTTPMiddleware.__call__.<locals>.call_next.<locals>.coro"}
{"asctime": "2026-03-03 16:27:30,449", "levelname": "INFO", "message": "HTTP Request: GET http://localhost:8002/api/v1/payment_intake_matching/matching/dashboard/unmatched-invoices \"HTTP/1.1 200 OK\"", "url": null, "method": null, "process_time": null, "taskName": "starlette.middleware.base.BaseHTTPMiddleware.__call__.<locals>.call_next.<locals>.coro"}
{"asctime": "2026-03-03 16:27:30,458", "levelname": "INFO", "message": "HTTP Request: GET http://localhost:8002/api/v1/payment_intake_matching/matching/dashboard/unmatched-payments \"HTTP/1.1 200 OK\"", "url": null, "method": null, "process_time": null, "taskName": "starlette.middleware.base.BaseHTTPMiddleware.__call__.<locals>.call_next.<locals>.coro"}
{"asctime": "2026-03-03 16:27:30,461", "levelname": "INFO", "message": "HTTP Request: GET http://localhost:8002/api/v1/payment_intake_matching/matching/dashboard/summary \"HTTP/1.1 200 OK\"", "url": null, "method": null, "process_time": null, "taskName": "starlette.middleware.base.BaseHTTPMiddleware.__call__.<locals>.call_next.<locals>.coro"}
{"asctime": "2026-03-03 16:27:30,465", "levelname": "INFO", "message": "", "url": "/api/v1/payment_intake_matching/matching/dashboard/recent", "method": "GET", "process_time": 1.9033522605895996, "taskName": "Task-788"}
{"asctime": "2026-03-03 16:27:30,465", "levelname": "INFO", "message": "", "url": "/api/v1/payment_intake_matching/matching/dashboard/unmatched-invoices", "method": "GET", "process_time": 2.6892733573913574, "taskName": "Task-789"}
{"asctime": "2026-03-03 16:27:30,468", "levelname": "INFO", "message": "", "url": "/api/v1/payment_intake_matching/matching/dashboard/unmatched-payments", "method": "GET", "process_time": 1.9070923328399658, "taskName": "Task-790"}
{"asctime": "2026-03-03 16:27:30,469", "levelname": "INFO", "message": "", "url": "/api/v1/payment_intake_matching/matching/dashboard/summary", "method": "GET", "process_time": 3.516381025314331, "taskName": "Task-787"}
{"asctime": "2026-03-03 16:28:26,296", "levelname": "INFO", "message": "HTTP Request: GET http://localhost:8001/api/v1/users/auth/me \"HTTP/1.1 200 OK\"", "url": null, "method": null, "process_time": null, "taskName": "Task-824"}
{"asctime": "2026-03-03 16:28:27,141", "levelname": "INFO", "message": "HTTP Request: GET http://localhost:8001/api/v1/users/auth/me \"HTTP/1.1 200 OK\"", "url": null, "method": null, "process_time": null, "taskName": "Task-831"}
{"asctime": "2026-03-03 16:28:27,905", "levelname": "INFO", "message": "HTTP Request: GET http://localhost:8001/api/v1/users/auth/me \"HTTP/1.1 200 OK\"", "url": null, "method": null, "process_time": null, "taskName": "Task-829"}
{"asctime": "2026-03-03 16:28:27,907", "levelname": "INFO", "message": "HTTP Request: GET http://localhost:8001/api/v1/users/auth/me \"HTTP/1.1 200 OK\"", "url": null, "method": null, "process_time": null, "taskName": "Task-830"}
{"asctime": "2026-03-03 16:28:29,375", "levelname": "INFO", "message": "HTTP Request: GET http://localhost:8002/api/v1/payment_intake_matching/matching/dashboard/summary \"HTTP/1.1 200 OK\"", "url": null, "method": null, "process_time": null, "taskName": "starlette.middleware.base.BaseHTTPMiddleware.__call__.<locals>.call_next.<locals>.coro"}
{"asctime": "2026-03-03 16:28:29,378", "levelname": "INFO", "message": "", "url": "/api/v1/payment_intake_matching/matching/dashboard/summary", "method": "GET", "process_time": 3.078148126602173, "taskName": "Task-824"}
{"asctime": "2026-03-03 16:28:29,633", "levelname": "INFO", "message": "HTTP Request: GET http://localhost:8002/api/v1/payment_intake_matching/matching/dashboard/recent?limit=10 \"HTTP/1.1 200 OK\"", "url": null, "method": null, "process_time": null, "taskName": "starlette.middleware.base.BaseHTTPMiddleware.__call__.<locals>.call_next.<locals>.coro"}
{"asctime": "2026-03-03 16:28:29,636", "levelname": "INFO", "message": "HTTP Request: GET http://localhost:8002/api/v1/payment_intake_matching/matching/dashboard/unmatched-invoices \"HTTP/1.1 200 OK\"", "url": null, "method": null, "process_time": null, "taskName": "starlette.middleware.base.BaseHTTPMiddleware.__call__.<locals>.call_next.<locals>.coro"}
{"asctime": "2026-03-03 16:28:29,641", "levelname": "INFO", "message": "", "url": "/api/v1/payment_intake_matching/matching/dashboard/recent", "method": "GET", "process_time": 1.7245872020721436, "taskName": "Task-830"}
{"asctime": "2026-03-03 16:28:29,646", "levelname": "INFO", "message": "HTTP Request: GET http://localhost:8002/api/v1/payment_intake_matching/matching/dashboard/unmatched-payments \"HTTP/1.1 200 OK\"", "url": null, "method": null, "process_time": null, "taskName": "starlette.middleware.base.BaseHTTPMiddleware.__call__.<locals>.call_next.<locals>.coro"}
{"asctime": "2026-03-03 16:28:29,651", "levelname": "INFO", "message": "", "url": "/api/v1/payment_intake_matching/matching/dashboard/unmatched-invoices", "method": "GET", "process_time": 1.738452672958374, "taskName": "Task-829"}
{"asctime": "2026-03-03 16:28:29,654", "levelname": "INFO", "message": "", "url": "/api/v1/payment_intake_matching/matching/dashboard/unmatched-payments", "method": "GET", "process_time": 2.5080418586730957, "taskName": "Task-831"}
{"asctime": "2026-03-03 16:29:27,720", "levelname": "INFO", "message": "HTTP Request: GET http://localhost:8001/api/v1/users/auth/me \"HTTP/1.1 200 OK\"", "url": null, "method": null, "process_time": null, "taskName": "Task-870"}
{"asctime": "2026-03-03 16:29:28,479", "levelname": "INFO", "message": "HTTP Request: GET http://localhost:8001/api/v1/users/auth/me \"HTTP/1.1 200 OK\"", "url": null, "method": null, "process_time": null, "taskName": "Task-867"}
{"asctime": "2026-03-03 16:29:28,482", "levelname": "INFO", "message": "HTTP Request: GET http://localhost:8001/api/v1/users/auth/me \"HTTP/1.1 200 OK\"", "url": null, "method": null, "process_time": null, "taskName": "Task-869"}
{"asctime": "2026-03-03 16:29:28,485", "levelname": "INFO", "message": "HTTP Request: GET http://localhost:8001/api/v1/users/auth/me \"HTTP/1.1 200 OK\"", "url": null, "method": null, "process_time": null, "taskName": "Task-868"}
{"asctime": "2026-03-03 16:29:31,280", "levelname": "INFO", "message": "HTTP Request: GET http://localhost:8002/api/v1/payment_intake_matching/matching/dashboard/recent?limit=10 \"HTTP/1.1 200 OK\"", "url": null, "method": null, "process_time": null, "taskName": "starlette.middleware.base.BaseHTTPMiddleware.__call__.<locals>.call_next.<locals>.coro"}
{"asctime": "2026-03-03 16:29:31,292", "levelname": "INFO", "message": "", "url": "/api/v1/payment_intake_matching/matching/dashboard/recent", "method": "GET", "process_time": 3.569455862045288, "taskName": "Task-870"}
{"asctime": "2026-03-03 16:29:31,341", "levelname": "INFO", "message": "HTTP Request: GET http://localhost:8002/api/v1/payment_intake_matching/matching/dashboard/summary \"HTTP/1.1 200 OK\"", "url": null, "method": null, "process_time": null, "taskName": "starlette.middleware.base.BaseHTTPMiddleware.__call__.<locals>.call_next.<locals>.coro"}
{"asctime": "2026-03-03 16:29:31,343", "levelname": "INFO", "message": "HTTP Request: GET http://localhost:8002/api/v1/payment_intake_matching/matching/dashboard/unmatched-payments \"HTTP/1.1 200 OK\"", "url": null, "method": null, "process_time": null, "taskName": "starlette.middleware.base.BaseHTTPMiddleware.__call__.<locals>.call_next.<locals>.coro"}
{"asctime": "2026-03-03 16:29:31,345", "levelname": "INFO", "message": "", "url": "/api/v1/payment_intake_matching/matching/dashboard/summary", "method": "GET", "process_time": 2.8517374992370605, "taskName": "Task-867"}
{"asctime": "2026-03-03 16:29:31,349", "levelname": "INFO", "message": "", "url": "/api/v1/payment_intake_matching/matching/dashboard/unmatched-payments", "method": "GET", "process_time": 2.003270149230957, "taskName": "Task-868"}
{"asctime": "2026-03-03 16:29:31,350", "levelname": "INFO", "message": "HTTP Request: GET http://localhost:8002/api/v1/payment_intake_matching/matching/dashboard/unmatched-invoices \"HTTP/1.1 200 OK\"", "url": null, "method": null, "process_time": null, "taskName": "starlette.middleware.base.BaseHTTPMiddleware.__call__.<locals>.call_next.<locals>.coro"}
{"asctime": "2026-03-03 16:29:31,353", "levelname": "INFO", "message": "", "url": "/api/v1/payment_intake_matching/matching/dashboard/unmatched-invoices", "method": "GET", "process_time": 2.009120225906372, "taskName": "Task-869"}
{"asctime": "2026-03-03 16:30:27,071", "levelname": "INFO", "message": "HTTP Request: GET http://localhost:8001/api/v1/users/auth/me \"HTTP/1.1 200 OK\"", "url": null, "method": null, "process_time": null, "taskName": "Task-912"}
{"asctime": "2026-03-03 16:30:27,897", "levelname": "INFO", "message": "HTTP Request: GET http://localhost:8001/api/v1/users/auth/me \"HTTP/1.1 200 OK\"", "url": null, "method": null, "process_time": null, "taskName": "Task-909"}
{"asctime": "2026-03-03 16:30:27,898", "levelname": "INFO", "message": "HTTP Request: GET http://localhost:8001/api/v1/users/auth/me \"HTTP/1.1 200 OK\"", "url": null, "method": null, "process_time": null, "taskName": "Task-910"}
{"asctime": "2026-03-03 16:30:27,899", "levelname": "INFO", "message": "HTTP Request: GET http://localhost:8001/api/v1/users/auth/me \"HTTP/1.1 200 OK\"", "url": null, "method": null, "process_time": null, "taskName": "Task-908"}
{"asctime": "2026-03-03 16:30:30,600", "levelname": "INFO", "message": "HTTP Request: GET http://localhost:8002/api/v1/payment_intake_matching/matching/dashboard/recent?limit=10 \"HTTP/1.1 200 OK\"", "url": null, "method": null, "process_time": null, "taskName": "starlette.middleware.base.BaseHTTPMiddleware.__call__.<locals>.call_next.<locals>.coro"}
{"asctime": "2026-03-03 16:30:30,603", "levelname": "INFO", "message": "", "url": "/api/v1/payment_intake_matching/matching/dashboard/recent", "method": "GET", "process_time": 2.701810836791992, "taskName": "Task-909"}
{"asctime": "2026-03-03 16:30:30,604", "levelname": "INFO", "message": "HTTP Request: GET http://localhost:8002/api/v1/payment_intake_matching/matching/dashboard/unmatched-invoices \"HTTP/1.1 200 OK\"", "url": null, "method": null, "process_time": null, "taskName": "starlette.middleware.base.BaseHTTPMiddleware.__call__.<locals>.call_next.<locals>.coro"}
{"asctime": "2026-03-03 16:30:30,608", "levelname": "INFO", "message": "HTTP Request: GET http://localhost:8002/api/v1/payment_intake_matching/matching/dashboard/summary \"HTTP/1.1 200 OK\"", "url": null, "method": null, "process_time": null, "taskName": "starlette.middleware.base.BaseHTTPMiddleware.__call__.<locals>.call_next.<locals>.coro"}
{"asctime": "2026-03-03 16:30:30,611", "levelname": "INFO", "message": "HTTP Request: GET http://localhost:8002/api/v1/payment_intake_matching/matching/dashboard/unmatched-payments \"HTTP/1.1 200 OK\"", "url": null, "method": null, "process_time": null, "taskName": "starlette.middleware.base.BaseHTTPMiddleware.__call__.<locals>.call_next.<locals>.coro"}
{"asctime": "2026-03-03 16:30:30,612", "levelname": "INFO", "message": "", "url": "/api/v1/payment_intake_matching/matching/dashboard/unmatched-invoices", "method": "GET", "process_time": 3.5357818603515625, "taskName": "Task-912"}
{"asctime": "2026-03-03 16:30:30,618", "levelname": "INFO", "message": "", "url": "/api/v1/payment_intake_matching/matching/dashboard/summary", "method": "GET", "process_time": 2.7163450717926025, "taskName": "Task-908"}
{"asctime": "2026-03-03 16:30:30,623", "levelname": "INFO", "message": "", "url": "/api/v1/payment_intake_matching/matching/dashboard/unmatched-payments", "method": "GET", "process_time": 2.72086763381958, "taskName": "Task-910"}
{"asctime": "2026-03-03 16:31:26,532", "levelname": "INFO", "message": "HTTP Request: GET http://localhost:8001/api/v1/users/auth/me \"HTTP/1.1 200 OK\"", "url": null, "method": null, "process_time": null, "taskName": "Task-945"}
{"asctime": "2026-03-03 16:31:27,388", "levelname": "INFO", "message": "HTTP Request: GET http://localhost:8001/api/v1/users/auth/me \"HTTP/1.1 200 OK\"", "url": null, "method": null, "process_time": null, "taskName": "Task-949"}
{"asctime": "2026-03-03 16:31:28,241", "levelname": "INFO", "message": "HTTP Request: GET http://localhost:8001/api/v1/users/auth/me \"HTTP/1.1 200 OK\"", "url": null, "method": null, "process_time": null, "taskName": "Task-951"}
{"asctime": "2026-03-03 16:31:28,244", "levelname": "INFO", "message": "HTTP Request: GET http://localhost:8001/api/v1/users/auth/me \"HTTP/1.1 200 OK\"", "url": null, "method": null, "process_time": null, "taskName": "Task-950"}
{"asctime": "2026-03-03 16:31:29,824", "levelname": "INFO", "message": "HTTP Request: GET http://localhost:8002/api/v1/payment_intake_matching/matching/dashboard/summary \"HTTP/1.1 200 OK\"", "url": null, "method": null, "process_time": null, "taskName": "starlette.middleware.base.BaseHTTPMiddleware.__call__.<locals>.call_next.<locals>.coro"}
{"asctime": "2026-03-03 16:31:29,827", "levelname": "INFO", "message": "", "url": "/api/v1/payment_intake_matching/matching/dashboard/summary", "method": "GET", "process_time": 3.289416551589966, "taskName": "Task-945"}
{"asctime": "2026-03-03 16:31:30,088", "levelname": "INFO", "message": "HTTP Request: GET http://localhost:8002/api/v1/payment_intake_matching/matching/dashboard/unmatched-payments \"HTTP/1.1 200 OK\"", "url": null, "method": null, "process_time": null, "taskName": "starlette.middleware.base.BaseHTTPMiddleware.__call__.<locals>.call_next.<locals>.coro"}
{"asctime": "2026-03-03 16:31:30,090", "levelname": "INFO", "message": "HTTP Request: GET http://localhost:8002/api/v1/payment_intake_matching/matching/dashboard/recent?limit=10 \"HTTP/1.1 200 OK\"", "url": null, "method": null, "process_time": null, "taskName": "starlette.middleware.base.BaseHTTPMiddleware.__call__.<locals>.call_next.<locals>.coro"}
{"asctime": "2026-03-03 16:31:30,091", "levelname": "INFO", "message": "", "url": "/api/v1/payment_intake_matching/matching/dashboard/unmatched-payments", "method": "GET", "process_time": 1.8391623497009277, "taskName": "Task-950"}
{"asctime": "2026-03-03 16:31:30,103", "levelname": "INFO", "message": "HTTP Request: GET http://localhost:8002/api/v1/payment_intake_matching/matching/dashboard/unmatched-invoices \"HTTP/1.1 200 OK\"", "url": null, "method": null, "process_time": null, "taskName": "starlette.middleware.base.BaseHTTPMiddleware.__call__.<locals>.call_next.<locals>.coro"}
{"asctime": "2026-03-03 16:31:30,105", "levelname": "INFO", "message": "", "url": "/api/v1/payment_intake_matching/matching/dashboard/recent", "method": "GET", "process_time": 1.8557512760162354, "taskName": "Task-951"}
{"asctime": "2026-03-03 16:31:30,113", "levelname": "INFO", "message": "", "url": "/api/v1/payment_intake_matching/matching/dashboard/unmatched-invoices", "method": "GET", "process_time": 2.7206063270568848, "taskName": "Task-949"}
{"asctime": "2026-03-03 16:32:26,976", "levelname": "INFO", "message": "HTTP Request: GET http://localhost:8001/api/v1/users/auth/me \"HTTP/1.1 200 OK\"", "url": null, "method": null, "process_time": null, "taskName": "Task-989"}
{"asctime": "2026-03-03 16:32:26,990", "levelname": "INFO", "message": "HTTP Request: GET http://localhost:8001/api/v1/users/auth/me \"HTTP/1.1 200 OK\"", "url": null, "method": null, "process_time": null, "taskName": "Task-992"}
{"asctime": "2026-03-03 16:32:27,740", "levelname": "INFO", "message": "HTTP Request: GET http://localhost:8001/api/v1/users/auth/me \"HTTP/1.1 200 OK\"", "url": null, "method": null, "process_time": null, "taskName": "Task-988"}
{"asctime": "2026-03-03 16:32:28,706", "levelname": "INFO", "message": "HTTP Request: GET http://localhost:8001/api/v1/users/auth/me \"HTTP/1.1 200 OK\"", "url": null, "method": null, "process_time": null, "taskName": "Task-990"}
{"asctime": "2026-03-03 16:32:30,461", "levelname": "INFO", "message": "HTTP Request: GET http://localhost:8002/api/v1/payment_intake_matching/matching/dashboard/summary \"HTTP/1.1 200 OK\"", "url": null, "method": null, "process_time": null, "taskName": "starlette.middleware.base.BaseHTTPMiddleware.__call__.<locals>.call_next.<locals>.coro"}
{"asctime": "2026-03-03 16:32:30,468", "levelname": "INFO", "message": "HTTP Request: GET http://localhost:8002/api/v1/payment_intake_matching/matching/dashboard/unmatched-invoices \"HTTP/1.1 200 OK\"", "url": null, "method": null, "process_time": null, "taskName": "starlette.middleware.base.BaseHTTPMiddleware.__call__.<locals>.call_next.<locals>.coro"}
{"asctime": "2026-03-03 16:32:30,471", "levelname": "INFO", "message": "HTTP Request: GET http://localhost:8002/api/v1/payment_intake_matching/matching/dashboard/recent?limit=10 \"HTTP/1.1 200 OK\"", "url": null, "method": null, "process_time": null, "taskName": "starlette.middleware.base.BaseHTTPMiddleware.__call__.<locals>.call_next.<locals>.coro"}
{"asctime": "2026-03-03 16:32:30,474", "levelname": "INFO", "message": "", "url": "/api/v1/payment_intake_matching/matching/dashboard/summary", "method": "GET", "process_time": 1.7650752067565918, "taskName": "Task-988"}
{"asctime": "2026-03-03 16:32:30,482", "levelname": "INFO", "message": "HTTP Request: GET http://localhost:8002/api/v1/payment_intake_matching/matching/dashboard/unmatched-payments \"HTTP/1.1 200 OK\"", "url": null, "method": null, "process_time": null, "taskName": "starlette.middleware.base.BaseHTTPMiddleware.__call__.<locals>.call_next.<locals>.coro"}
{"asctime": "2026-03-03 16:32:30,484", "levelname": "INFO", "message": "", "url": "/api/v1/payment_intake_matching/matching/dashboard/unmatched-invoices", "method": "GET", "process_time": 2.744389533996582, "taskName": "Task-992"}
{"asctime": "2026-03-03 16:32:30,489", "levelname": "INFO", "message": "", "url": "/api/v1/payment_intake_matching/matching/dashboard/recent", "method": "GET", "process_time": 3.501646041870117, "taskName": "Task-989"}
{"asctime": "2026-03-03 16:32:30,496", "levelname": "INFO", "message": "", "url": "/api/v1/payment_intake_matching/matching/dashboard/unmatched-payments", "method": "GET", "process_time": 1.0087504386901855, "taskName": "Task-990"}
{"asctime": "2026-03-03 16:33:26,435", "levelname": "INFO", "message": "HTTP Request: GET http://localhost:8001/api/v1/users/auth/me \"HTTP/1.1 200 OK\"", "url": null, "method": null, "process_time": null, "taskName": "Task-1025"}
{"asctime": "2026-03-03 16:33:27,228", "levelname": "INFO", "message": "HTTP Request: GET http://localhost:8001/api/v1/users/auth/me \"HTTP/1.1 200 OK\"", "url": null, "method": null, "process_time": null, "taskName": "Task-1031"}
{"asctime": "2026-03-03 16:33:27,997", "levelname": "INFO", "message": "HTTP Request: GET http://localhost:8001/api/v1/users/auth/me \"HTTP/1.1 200 OK\"", "url": null, "method": null, "process_time": null, "taskName": "Task-1030"}
{"asctime": "2026-03-03 16:33:28,000", "levelname": "INFO", "message": "HTTP Request: GET http://localhost:8001/api/v1/users/auth/me \"HTTP/1.1 200 OK\"", "url": null, "method": null, "process_time": null, "taskName": "Task-1032"}
{"asctime": "2026-03-03 16:33:29,627", "levelname": "INFO", "message": "HTTP Request: GET http://localhost:8002/api/v1/payment_intake_matching/matching/dashboard/summary \"HTTP/1.1 200 OK\"", "url": null, "method": null, "process_time": null, "taskName": "starlette.middleware.base.BaseHTTPMiddleware.__call__.<locals>.call_next.<locals>.coro"}
{"asctime": "2026-03-03 16:33:29,636", "levelname": "INFO", "message": "", "url": "/api/v1/payment_intake_matching/matching/dashboard/summary", "method": "GET", "process_time": 3.1989946365356445, "taskName": "Task-1025"}
{"asctime": "2026-03-03 16:33:29,918", "levelname": "INFO", "message": "HTTP Request: GET http://localhost:8002/api/v1/payment_intake_matching/matching/dashboard/unmatched-invoices \"HTTP/1.1 200 OK\"", "url": null, "method": null, "process_time": null, "taskName": "starlette.middleware.base.BaseHTTPMiddleware.__call__.<locals>.call_next.<locals>.coro"}
{"asctime": "2026-03-03 16:33:29,922", "levelname": "INFO", "message": "HTTP Request: GET http://localhost:8002/api/v1/payment_intake_matching/matching/dashboard/unmatched-payments \"HTTP/1.1 200 OK\"", "url": null, "method": null, "process_time": null, "taskName": "starlette.middleware.base.BaseHTTPMiddleware.__call__.<locals>.call_next.<locals>.coro"}
{"asctime": "2026-03-03 16:33:29,924", "levelname": "INFO", "message": "", "url": "/api/v1/payment_intake_matching/matching/dashboard/unmatched-invoices", "method": "GET", "process_time": 1.9160034656524658, "taskName": "Task-1032"}
{"asctime": "2026-03-03 16:33:29,927", "levelname": "INFO", "message": "HTTP Request: GET http://localhost:8002/api/v1/payment_intake_matching/matching/dashboard/recent?limit=10 \"HTTP/1.1 200 OK\"", "url": null, "method": null, "process_time": null, "taskName": "starlette.middleware.base.BaseHTTPMiddleware.__call__.<locals>.call_next.<locals>.coro"}
{"asctime": "2026-03-03 16:33:29,928", "levelname": "INFO", "message": "", "url": "/api/v1/payment_intake_matching/matching/dashboard/unmatched-payments", "method": "GET", "process_time": 1.9210174083709717, "taskName": "Task-1030"}
{"asctime": "2026-03-03 16:33:29,929", "levelname": "INFO", "message": "", "url": "/api/v1/payment_intake_matching/matching/dashboard/recent", "method": "GET", "process_time": 2.692849636077881, "taskName": "Task-1031"}
{"asctime": "2026-03-03 16:34:26,731", "levelname": "INFO", "message": "HTTP Request: GET http://localhost:8001/api/v1/users/auth/me \"HTTP/1.1 200 OK\"", "url": null, "method": null, "process_time": null, "taskName": "Task-1068"}
{"asctime": "2026-03-03 16:34:27,462", "levelname": "INFO", "message": "HTTP Request: GET http://localhost:8001/api/v1/users/auth/me \"HTTP/1.1 200 OK\"", "url": null, "method": null, "process_time": null, "taskName": "Task-1071"}
{"asctime": "2026-03-03 16:34:28,223", "levelname": "INFO", "message": "HTTP Request: GET http://localhost:8001/api/v1/users/auth/me \"HTTP/1.1 200 OK\"", "url": null, "method": null, "process_time": null, "taskName": "Task-1070"}
{"asctime": "2026-03-03 16:34:28,225", "levelname": "INFO", "message": "HTTP Request: GET http://localhost:8001/api/v1/users/auth/me \"HTTP/1.1 200 OK\"", "url": null, "method": null, "process_time": null, "taskName": "Task-1069"}
{"asctime": "2026-03-03 16:34:29,806", "levelname": "INFO", "message": "HTTP Request: GET http://localhost:8002/api/v1/payment_intake_matching/matching/dashboard/summary \"HTTP/1.1 200 OK\"", "url": null, "method": null, "process_time": null, "taskName": "starlette.middleware.base.BaseHTTPMiddleware.__call__.<locals>.call_next.<locals>.coro"}
{"asctime": "2026-03-03 16:34:29,809", "levelname": "INFO", "message": "", "url": "/api/v1/payment_intake_matching/matching/dashboard/summary", "method": "GET", "process_time": 3.0745344161987305, "taskName": "Task-1068"}
{"asctime": "2026-03-03 16:34:30,098", "levelname": "INFO", "message": "HTTP Request: GET http://localhost:8002/api/v1/payment_intake_matching/matching/dashboard/recent?limit=10 \"HTTP/1.1 200 OK\"", "url": null, "method": null, "process_time": null, "taskName": "starlette.middleware.base.BaseHTTPMiddleware.__call__.<locals>.call_next.<locals>.coro"}
{"asctime": "2026-03-03 16:34:30,106", "levelname": "INFO", "message": "HTTP Request: GET http://localhost:8002/api/v1/payment_intake_matching/matching/dashboard/unmatched-invoices \"HTTP/1.1 200 OK\"", "url": null, "method": null, "process_time": null, "taskName": "starlette.middleware.base.BaseHTTPMiddleware.__call__.<locals>.call_next.<locals>.coro"}
{"asctime": "2026-03-03 16:34:30,108", "levelname": "INFO", "message": "HTTP Request: GET http://localhost:8002/api/v1/payment_intake_matching/matching/dashboard/unmatched-payments \"HTTP/1.1 200 OK\"", "url": null, "method": null, "process_time": null, "taskName": "starlette.middleware.base.BaseHTTPMiddleware.__call__.<locals>.call_next.<locals>.coro"}
{"asctime": "2026-03-03 16:34:30,111", "levelname": "INFO", "message": "", "url": "/api/v1/payment_intake_matching/matching/dashboard/recent", "method": "GET", "process_time": 1.876729965209961, "taskName": "Task-1069"}
{"asctime": "2026-03-03 16:34:30,119", "levelname": "INFO", "message": "", "url": "/api/v1/payment_intake_matching/matching/dashboard/unmatched-invoices", "method": "GET", "process_time": 2.651034116744995, "taskName": "Task-1071"}
{"asctime": "2026-03-03 16:34:30,121", "levelname": "INFO", "message": "", "url": "/api/v1/payment_intake_matching/matching/dashboard/unmatched-payments", "method": "GET", "process_time": 1.8887052536010742, "taskName": "Task-1070"}
{"asctime": "2026-03-03 16:35:26,814", "levelname": "INFO", "message": "HTTP Request: GET http://localhost:8001/api/v1/users/auth/me \"HTTP/1.1 200 OK\"", "url": null, "method": null, "process_time": null, "taskName": "Task-1110"}
{"asctime": "2026-03-03 16:35:27,674", "levelname": "INFO", "message": "HTTP Request: GET http://localhost:8001/api/v1/users/auth/me \"HTTP/1.1 200 OK\"", "url": null, "method": null, "process_time": null, "taskName": "Task-1109"}
{"asctime": "2026-03-03 16:35:27,676", "levelname": "INFO", "message": "HTTP Request: GET http://localhost:8001/api/v1/users/auth/me \"HTTP/1.1 200 OK\"", "url": null, "method": null, "process_time": null, "taskName": "Task-1105"}
{"asctime": "2026-03-03 16:35:27,678", "levelname": "INFO", "message": "HTTP Request: GET http://localhost:8001/api/v1/users/auth/me \"HTTP/1.1 200 OK\"", "url": null, "method": null, "process_time": null, "taskName": "Task-1111"}
{"asctime": "2026-03-03 16:35:30,288", "levelname": "INFO", "message": "HTTP Request: GET http://localhost:8002/api/v1/payment_intake_matching/matching/dashboard/unmatched-invoices \"HTTP/1.1 200 OK\"", "url": null, "method": null, "process_time": null, "taskName": "starlette.middleware.base.BaseHTTPMiddleware.__call__.<locals>.call_next.<locals>.coro"}
{"asctime": "2026-03-03 16:35:30,291", "levelname": "INFO", "message": "HTTP Request: GET http://localhost:8002/api/v1/payment_intake_matching/matching/dashboard/summary \"HTTP/1.1 200 OK\"", "url": null, "method": null, "process_time": null, "taskName": "starlette.middleware.base.BaseHTTPMiddleware.__call__.<locals>.call_next.<locals>.coro"}
{"asctime": "2026-03-03 16:35:30,294", "levelname": "INFO", "message": "HTTP Request: GET http://localhost:8002/api/v1/payment_intake_matching/matching/dashboard/recent?limit=10 \"HTTP/1.1 200 OK\"", "url": null, "method": null, "process_time": null, "taskName": "starlette.middleware.base.BaseHTTPMiddleware.__call__.<locals>.call_next.<locals>.coro"}
{"asctime": "2026-03-03 16:35:30,297", "levelname": "INFO", "message": "", "url": "/api/v1/payment_intake_matching/matching/dashboard/unmatched-invoices", "method": "GET", "process_time": 2.595881223678589, "taskName": "Task-1111"}
{"asctime": "2026-03-03 16:35:30,307", "levelname": "INFO", "message": "HTTP Request: GET http://localhost:8002/api/v1/payment_intake_matching/matching/dashboard/unmatched-payments \"HTTP/1.1 200 OK\"", "url": null, "method": null, "process_time": null, "taskName": "starlette.middleware.base.BaseHTTPMiddleware.__call__.<locals>.call_next.<locals>.coro"}
{"asctime": "2026-03-03 16:35:30,310", "levelname": "INFO", "message": "", "url": "/api/v1/payment_intake_matching/matching/dashboard/summary", "method": "GET", "process_time": 2.6157467365264893, "taskName": "Task-1105"}
{"asctime": "2026-03-03 16:35:30,321", "levelname": "INFO", "message": "", "url": "/api/v1/payment_intake_matching/matching/dashboard/recent", "method": "GET", "process_time": 2.640061616897583, "taskName": "Task-1109"}
{"asctime": "2026-03-03 16:35:30,324", "levelname": "INFO", "message": "", "url": "/api/v1/payment_intake_matching/matching/dashboard/unmatched-payments", "method": "GET", "process_time": 3.5020592212677, "taskName": "Task-1110"}
{"asctime": "2026-03-03 16:36:26,973", "levelname": "INFO", "message": "HTTP Request: GET http://localhost:8001/api/v1/users/auth/me \"HTTP/1.1 200 OK\"", "url": null, "method": null, "process_time": null, "taskName": "Task-1150"}
{"asctime": "2026-03-03 16:36:27,734", "levelname": "INFO", "message": "HTTP Request: GET http://localhost:8001/api/v1/users/auth/me \"HTTP/1.1 200 OK\"", "url": null, "method": null, "process_time": null, "taskName": "Task-1148"}
{"asctime": "2026-03-03 16:36:27,738", "levelname": "INFO", "message": "HTTP Request: GET http://localhost:8001/api/v1/users/auth/me \"HTTP/1.1 200 OK\"", "url": null, "method": null, "process_time": null, "taskName": "Task-1149"}
{"asctime": "2026-03-03 16:36:27,740", "levelname": "INFO", "message": "HTTP Request: GET http://localhost:8001/api/v1/users/auth/me \"HTTP/1.1 200 OK\"", "url": null, "method": null, "process_time": null, "taskName": "Task-1151"}
{"asctime": "2026-03-03 16:36:30,383", "levelname": "INFO", "message": "HTTP Request: GET http://localhost:8002/api/v1/payment_intake_matching/matching/dashboard/summary \"HTTP/1.1 200 OK\"", "url": null, "method": null, "process_time": null, "taskName": "starlette.middleware.base.BaseHTTPMiddleware.__call__.<locals>.call_next.<locals>.coro"}
{"asctime": "2026-03-03 16:36:30,385", "levelname": "INFO", "message": "HTTP Request: GET http://localhost:8002/api/v1/payment_intake_matching/matching/dashboard/recent?limit=10 \"HTTP/1.1 200 OK\"", "url": null, "method": null, "process_time": null, "taskName": "starlette.middleware.base.BaseHTTPMiddleware.__call__.<locals>.call_next.<locals>.coro"}
{"asctime": "2026-03-03 16:36:30,392", "levelname": "INFO", "message": "HTTP Request: GET http://localhost:8002/api/v1/payment_intake_matching/matching/dashboard/unmatched-invoices \"HTTP/1.1 200 OK\"", "url": null, "method": null, "process_time": null, "taskName": "starlette.middleware.base.BaseHTTPMiddleware.__call__.<locals>.call_next.<locals>.coro"}
{"asctime": "2026-03-03 16:36:30,396", "levelname": "INFO", "message": "HTTP Request: GET http://localhost:8002/api/v1/payment_intake_matching/matching/dashboard/unmatched-payments \"HTTP/1.1 200 OK\"", "url": null, "method": null, "process_time": null, "taskName": "starlette.middleware.base.BaseHTTPMiddleware.__call__.<locals>.call_next.<locals>.coro"}
{"asctime": "2026-03-03 16:36:30,397", "levelname": "INFO", "message": "", "url": "/api/v1/payment_intake_matching/matching/dashboard/summary", "method": "GET", "process_time": 2.6585631370544434, "taskName": "Task-1148"}
{"asctime": "2026-03-03 16:36:30,400", "levelname": "INFO", "message": "", "url": "/api/v1/payment_intake_matching/matching/dashboard/recent", "method": "GET", "process_time": 3.422961473464966, "taskName": "Task-1150"}
{"asctime": "2026-03-03 16:36:30,403", "levelname": "INFO", "message": "", "url": "/api/v1/payment_intake_matching/matching/dashboard/unmatched-invoices", "method": "GET", "process_time": 1.8002393245697021, "taskName": "Task-1151"}
{"asctime": "2026-03-03 16:36:30,408", "levelname": "INFO", "message": "", "url": "/api/v1/payment_intake_matching/matching/dashboard/unmatched-payments", "method": "GET", "process_time": 1.8058152198791504, "taskName": "Task-1149"}
{"asctime": "2026-03-03 16:37:26,423", "levelname": "INFO", "message": "HTTP Request: GET http://localhost:8001/api/v1/users/auth/me \"HTTP/1.1 200 OK\"", "url": null, "method": null, "process_time": null, "taskName": "Task-1185"}
{"asctime": "2026-03-03 16:37:27,384", "levelname": "INFO", "message": "HTTP Request: GET http://localhost:8001/api/v1/users/auth/me \"HTTP/1.1 200 OK\"", "url": null, "method": null, "process_time": null, "taskName": "Task-1190"}
{"asctime": "2026-03-03 16:37:27,386", "levelname": "INFO", "message": "HTTP Request: GET http://localhost:8001/api/v1/users/auth/me \"HTTP/1.1 200 OK\"", "url": null, "method": null, "process_time": null, "taskName": "Task-1189"}
{"asctime": "2026-03-03 16:37:27,387", "levelname": "INFO", "message": "HTTP Request: GET http://localhost:8001/api/v1/users/auth/me \"HTTP/1.1 200 OK\"", "url": null, "method": null, "process_time": null, "taskName": "Task-1191"}
{"asctime": "2026-03-03 16:37:30,005", "levelname": "INFO", "message": "HTTP Request: GET http://localhost:8002/api/v1/payment_intake_matching/matching/dashboard/unmatched-invoices \"HTTP/1.1 200 OK\"", "url": null, "method": null, "process_time": null, "taskName": "starlette.middleware.base.BaseHTTPMiddleware.__call__.<locals>.call_next.<locals>.coro"}
{"asctime": "2026-03-03 16:37:30,008", "levelname": "INFO", "message": "HTTP Request: GET http://localhost:8002/api/v1/payment_intake_matching/matching/dashboard/unmatched-payments \"HTTP/1.1 200 OK\"", "url": null, "method": null, "process_time": null, "taskName": "starlette.middleware.base.BaseHTTPMiddleware.__call__.<locals>.call_next.<locals>.coro"}
{"asctime": "2026-03-03 16:37:30,010", "levelname": "INFO", "message": "", "url": "/api/v1/payment_intake_matching/matching/dashboard/unmatched-invoices", "method": "GET", "process_time": 2.6164584159851074, "taskName": "Task-1189"}
{"asctime": "2026-03-03 16:37:30,018", "levelname": "INFO", "message": "HTTP Request: GET http://localhost:8002/api/v1/payment_intake_matching/matching/dashboard/summary \"HTTP/1.1 200 OK\"", "url": null, "method": null, "process_time": null, "taskName": "starlette.middleware.base.BaseHTTPMiddleware.__call__.<locals>.call_next.<locals>.coro"}
{"asctime": "2026-03-03 16:37:30,022", "levelname": "INFO", "message": "HTTP Request: GET http://localhost:8002/api/v1/payment_intake_matching/matching/dashboard/recent?limit=10 \"HTTP/1.1 200 OK\"", "url": null, "method": null, "process_time": null, "taskName": "starlette.middleware.base.BaseHTTPMiddleware.__call__.<locals>.call_next.<locals>.coro"}
{"asctime": "2026-03-03 16:37:30,025", "levelname": "INFO", "message": "", "url": "/api/v1/payment_intake_matching/matching/dashboard/unmatched-payments", "method": "GET", "process_time": 2.6338725090026855, "taskName": "Task-1190"}
{"asctime": "2026-03-03 16:37:30,032", "levelname": "INFO", "message": "", "url": "/api/v1/payment_intake_matching/matching/dashboard/summary", "method": "GET", "process_time": 3.6041548252105713, "taskName": "Task-1185"}
{"asctime": "2026-03-03 16:37:30,038", "levelname": "INFO", "message": "", "url": "/api/v1/payment_intake_matching/matching/dashboard/recent", "method": "GET", "process_time": 2.6418628692626953, "taskName": "Task-1191"}
{"asctime": "2026-03-03 16:38:26,436", "levelname": "INFO", "message": "HTTP Request: GET http://localhost:8001/api/v1/users/auth/me \"HTTP/1.1 200 OK\"", "url": null, "method": null, "process_time": null, "taskName": "Task-1228"}
{"asctime": "2026-03-03 16:38:27,087", "levelname": "INFO", "message": "HTTP Request: GET http://localhost:8001/api/v1/users/auth/me \"HTTP/1.1 200 OK\"", "url": null, "method": null, "process_time": null, "taskName": "Task-1230"}
{"asctime": "2026-03-03 16:38:27,088", "levelname": "INFO", "message": "HTTP Request: GET http://localhost:8001/api/v1/users/auth/me \"HTTP/1.1 200 OK\"", "url": null, "method": null, "process_time": null, "taskName": "Task-1231"}
{"asctime": "2026-03-03 16:38:27,088", "levelname": "INFO", "message": "HTTP Request: GET http://localhost:8001/api/v1/users/auth/me \"HTTP/1.1 200 OK\"", "url": null, "method": null, "process_time": null, "taskName": "Task-1229"}
{"asctime": "2026-03-03 16:38:29,362", "levelname": "INFO", "message": "HTTP Request: GET http://localhost:8002/api/v1/payment_intake_matching/matching/dashboard/recent?limit=10 \"HTTP/1.1 200 OK\"", "url": null, "method": null, "process_time": null, "taskName": "starlette.middleware.base.BaseHTTPMiddleware.__call__.<locals>.call_next.<locals>.coro"}
{"asctime": "2026-03-03 16:38:29,368", "levelname": "INFO", "message": "HTTP Request: GET http://localhost:8002/api/v1/payment_intake_matching/matching/dashboard/summary \"HTTP/1.1 200 OK\"", "url": null, "method": null, "process_time": null, "taskName": "starlette.middleware.base.BaseHTTPMiddleware.__call__.<locals>.call_next.<locals>.coro"}
{"asctime": "2026-03-03 16:38:29,370", "levelname": "INFO", "message": "HTTP Request: GET http://localhost:8002/api/v1/payment_intake_matching/matching/dashboard/unmatched-invoices \"HTTP/1.1 200 OK\"", "url": null, "method": null, "process_time": null, "taskName": "starlette.middleware.base.BaseHTTPMiddleware.__call__.<locals>.call_next.<locals>.coro"}
{"asctime": "2026-03-03 16:38:29,371", "levelname": "INFO", "message": "HTTP Request: GET http://localhost:8002/api/v1/payment_intake_matching/matching/dashboard/unmatched-payments \"HTTP/1.1 200 OK\"", "url": null, "method": null, "process_time": null, "taskName": "starlette.middleware.base.BaseHTTPMiddleware.__call__.<locals>.call_next.<locals>.coro"}
{"asctime": "2026-03-03 16:38:29,374", "levelname": "INFO", "message": "", "url": "/api/v1/payment_intake_matching/matching/dashboard/recent", "method": "GET", "process_time": 2.2828493118286133, "taskName": "Task-1230"}
{"asctime": "2026-03-03 16:38:29,385", "levelname": "INFO", "message": "", "url": "/api/v1/payment_intake_matching/matching/dashboard/summary", "method": "GET", "process_time": 2.9445502758026123, "taskName": "Task-1228"}
{"asctime": "2026-03-03 16:38:29,390", "levelname": "INFO", "message": "", "url": "/api/v1/payment_intake_matching/matching/dashboard/unmatched-invoices", "method": "GET", "process_time": 2.2975800037384033, "taskName": "Task-1229"}
{"asctime": "2026-03-03 16:38:29,392", "levelname": "INFO", "message": "", "url": "/api/v1/payment_intake_matching/matching/dashboard/unmatched-payments", "method": "GET", "process_time": 2.300539255142212, "taskName": "Task-1231"}
{"asctime": "2026-03-03 16:39:27,101", "levelname": "INFO", "message": "HTTP Request: GET http://localhost:8001/api/v1/users/auth/me \"HTTP/1.1 200 OK\"", "url": null, "method": null, "process_time": null, "taskName": "Task-1271"}
{"asctime": "2026-03-03 16:39:27,749", "levelname": "INFO", "message": "HTTP Request: GET http://localhost:8001/api/v1/users/auth/me \"HTTP/1.1 200 OK\"", "url": null, "method": null, "process_time": null, "taskName": "Task-1269"}
{"asctime": "2026-03-03 16:39:27,750", "levelname": "INFO", "message": "HTTP Request: GET http://localhost:8001/api/v1/users/auth/me \"HTTP/1.1 200 OK\"", "url": null, "method": null, "process_time": null, "taskName": "Task-1272"}
{"asctime": "2026-03-03 16:39:27,751", "levelname": "INFO", "message": "HTTP Request: GET http://localhost:8001/api/v1/users/auth/me \"HTTP/1.1 200 OK\"", "url": null, "method": null, "process_time": null, "taskName": "Task-1270"}
{"asctime": "2026-03-03 16:39:30,076", "levelname": "INFO", "message": "HTTP Request: GET http://localhost:8002/api/v1/payment_intake_matching/matching/dashboard/recent?limit=10 \"HTTP/1.1 200 OK\"", "url": null, "method": null, "process_time": null, "taskName": "starlette.middleware.base.BaseHTTPMiddleware.__call__.<locals>.call_next.<locals>.coro"}
{"asctime": "2026-03-03 16:39:30,077", "levelname": "INFO", "message": "HTTP Request: GET http://localhost:8002/api/v1/payment_intake_matching/matching/dashboard/summary \"HTTP/1.1 200 OK\"", "url": null, "method": null, "process_time": null, "taskName": "starlette.middleware.base.BaseHTTPMiddleware.__call__.<locals>.call_next.<locals>.coro"}
{"asctime": "2026-03-03 16:39:30,079", "levelname": "INFO", "message": "", "url": "/api/v1/payment_intake_matching/matching/dashboard/recent", "method": "GET", "process_time": 2.9760565757751465, "taskName": "Task-1271"}
{"asctime": "2026-03-03 16:39:30,085", "levelname": "INFO", "message": "HTTP Request: GET http://localhost:8002/api/v1/payment_intake_matching/matching/dashboard/unmatched-invoices \"HTTP/1.1 200 OK\"", "url": null, "method": null, "process_time": null, "taskName": "starlette.middleware.base.BaseHTTPMiddleware.__call__.<locals>.call_next.<locals>.coro"}
{"asctime": "2026-03-03 16:39:30,086", "levelname": "INFO", "message": "HTTP Request: GET http://localhost:8002/api/v1/payment_intake_matching/matching/dashboard/unmatched-payments \"HTTP/1.1 200 OK\"", "url": null, "method": null, "process_time": null, "taskName": "starlette.middleware.base.BaseHTTPMiddleware.__call__.<locals>.call_next.<locals>.coro"}
{"asctime": "2026-03-03 16:39:30,088", "levelname": "INFO", "message": "", "url": "/api/v1/payment_intake_matching/matching/dashboard/summary", "method": "GET", "process_time": 2.334167003631592, "taskName": "Task-1269"}
{"asctime": "2026-03-03 16:39:30,091", "levelname": "INFO", "message": "", "url": "/api/v1/payment_intake_matching/matching/dashboard/unmatched-invoices", "method": "GET", "process_time": 2.3346569538116455, "taskName": "Task-1270"}
{"asctime": "2026-03-03 16:39:30,092", "levelname": "INFO", "message": "", "url": "/api/v1/payment_intake_matching/matching/dashboard/unmatched-payments", "method": "GET", "process_time": 2.336916208267212, "taskName": "Task-1272"}
{"asctime": "2026-03-03 16:40:25,833", "levelname": "INFO", "message": "HTTP Request: GET http://localhost:8001/api/v1/users/auth/me \"HTTP/1.1 200 OK\"", "url": null, "method": null, "process_time": null, "taskName": "Task-1306"}
{"asctime": "2026-03-03 16:40:26,457", "levelname": "INFO", "message": "HTTP Request: GET http://localhost:8001/api/v1/users/auth/me \"HTTP/1.1 200 OK\"", "url": null, "method": null, "process_time": null, "taskName": "Task-1313"}
{"asctime": "2026-03-03 16:40:27,064", "levelname": "INFO", "message": "HTTP Request: GET http://localhost:8001/api/v1/users/auth/me \"HTTP/1.1 200 OK\"", "url": null, "method": null, "process_time": null, "taskName": "Task-1311"}
{"asctime": "2026-03-03 16:40:27,066", "levelname": "INFO", "message": "HTTP Request: GET http://localhost:8001/api/v1/users/auth/me \"HTTP/1.1 200 OK\"", "url": null, "method": null, "process_time": null, "taskName": "Task-1312"}
{"asctime": "2026-03-03 16:40:28,340", "levelname": "INFO", "message": "HTTP Request: GET http://localhost:8002/api/v1/payment_intake_matching/matching/dashboard/summary \"HTTP/1.1 200 OK\"", "url": null, "method": null, "process_time": null, "taskName": "starlette.middleware.base.BaseHTTPMiddleware.__call__.<locals>.call_next.<locals>.coro"}
{"asctime": "2026-03-03 16:40:28,344", "levelname": "INFO", "message": "", "url": "/api/v1/payment_intake_matching/matching/dashboard/summary", "method": "GET", "process_time": 2.5062053203582764, "taskName": "Task-1306"}
{"asctime": "2026-03-03 16:40:28,630", "levelname": "INFO", "message": "HTTP Request: GET http://localhost:8002/api/v1/payment_intake_matching/matching/dashboard/unmatched-invoices \"HTTP/1.1 200 OK\"", "url": null, "method": null, "process_time": null, "taskName": "starlette.middleware.base.BaseHTTPMiddleware.__call__.<locals>.call_next.<locals>.coro"}
{"asctime": "2026-03-03 16:40:28,632", "levelname": "INFO", "message": "HTTP Request: GET http://localhost:8002/api/v1/payment_intake_matching/matching/dashboard/recent?limit=10 \"HTTP/1.1 200 OK\"", "url": null, "method": null, "process_time": null, "taskName": "starlette.middleware.base.BaseHTTPMiddleware.__call__.<locals>.call_next.<locals>.coro"}
{"asctime": "2026-03-03 16:40:28,643", "levelname": "INFO", "message": "HTTP Request: GET http://localhost:8002/api/v1/payment_intake_matching/matching/dashboard/unmatched-payments \"HTTP/1.1 200 OK\"", "url": null, "method": null, "process_time": null, "taskName": "starlette.middleware.base.BaseHTTPMiddleware.__call__.<locals>.call_next.<locals>.coro"}
{"asctime": "2026-03-03 16:40:28,648", "levelname": "INFO", "message": "", "url": "/api/v1/payment_intake_matching/matching/dashboard/unmatched-invoices", "method": "GET", "process_time": 1.5806727409362793, "taskName": "Task-1311"}
{"asctime": "2026-03-03 16:40:28,650", "levelname": "INFO", "message": "", "url": "/api/v1/payment_intake_matching/matching/dashboard/recent", "method": "GET", "process_time": 2.19097638130188, "taskName": "Task-1313"}
{"asctime": "2026-03-03 16:40:28,666", "levelname": "INFO", "message": "", "url": "/api/v1/payment_intake_matching/matching/dashboard/unmatched-payments", "method": "GET", "process_time": 0.9904665946960449, "taskName": "Task-1312"}
{"asctime": "2026-03-03 16:41:26,339", "levelname": "INFO", "message": "HTTP Request: GET http://localhost:8001/api/v1/users/auth/me \"HTTP/1.1 200 OK\"", "url": null, "method": null, "process_time": null, "taskName": "Task-1350"}
{"asctime": "2026-03-03 16:41:26,941", "levelname": "INFO", "message": "HTTP Request: GET http://localhost:8001/api/v1/users/auth/me \"HTTP/1.1 200 OK\"", "url": null, "method": null, "process_time": null, "taskName": "Task-1352"}
{"asctime": "2026-03-03 16:41:26,943", "levelname": "INFO", "message": "HTTP Request: GET http://localhost:8001/api/v1/users/auth/me \"HTTP/1.1 200 OK\"", "url": null, "method": null, "process_time": null, "taskName": "Task-1349"}
{"asctime": "2026-03-03 16:41:26,944", "levelname": "INFO", "message": "HTTP Request: GET http://localhost:8001/api/v1/users/auth/me \"HTTP/1.1 200 OK\"", "url": null, "method": null, "process_time": null, "taskName": "Task-1351"}
{"asctime": "2026-03-03 16:41:29,045", "levelname": "INFO", "message": "HTTP Request: GET http://localhost:8002/api/v1/payment_intake_matching/matching/dashboard/recent?limit=10 \"HTTP/1.1 200 OK\"", "url": null, "method": null, "process_time": null, "taskName": "starlette.middleware.base.BaseHTTPMiddleware.__call__.<locals>.call_next.<locals>.coro"}
{"asctime": "2026-03-03 16:41:29,047", "levelname": "INFO", "message": "HTTP Request: GET http://localhost:8002/api/v1/payment_intake_matching/matching/dashboard/unmatched-payments \"HTTP/1.1 200 OK\"", "url": null, "method": null, "process_time": null, "taskName": "starlette.middleware.base.BaseHTTPMiddleware.__call__.<locals>.call_next.<locals>.coro"}
{"asctime": "2026-03-03 16:41:29,055", "levelname": "INFO", "message": "HTTP Request: GET http://localhost:8002/api/v1/payment_intake_matching/matching/dashboard/unmatched-invoices \"HTTP/1.1 200 OK\"", "url": null, "method": null, "process_time": null, "taskName": "starlette.middleware.base.BaseHTTPMiddleware.__call__.<locals>.call_next.<locals>.coro"}
{"asctime": "2026-03-03 16:41:29,057", "levelname": "INFO", "message": "HTTP Request: GET http://localhost:8002/api/v1/payment_intake_matching/matching/dashboard/summary \"HTTP/1.1 200 OK\"", "url": null, "method": null, "process_time": null, "taskName": "starlette.middleware.base.BaseHTTPMiddleware.__call__.<locals>.call_next.<locals>.coro"}
{"asctime": "2026-03-03 16:41:29,061", "levelname": "INFO", "message": "", "url": "/api/v1/payment_intake_matching/matching/dashboard/recent", "method": "GET", "process_time": 2.113389492034912, "taskName": "Task-1352"}
{"asctime": "2026-03-03 16:41:29,063", "levelname": "INFO", "message": "", "url": "/api/v1/payment_intake_matching/matching/dashboard/unmatched-payments", "method": "GET", "process_time": 2.722337007522583, "taskName": "Task-1350"}
{"asctime": "2026-03-03 16:41:29,069", "levelname": "INFO", "message": "", "url": "/api/v1/payment_intake_matching/matching/dashboard/unmatched-invoices", "method": "GET", "process_time": 2.1190338134765625, "taskName": "Task-1351"}
{"asctime": "2026-03-03 16:41:29,077", "levelname": "INFO", "message": "", "url": "/api/v1/payment_intake_matching/matching/dashboard/summary", "method": "GET", "process_time": 2.128129243850708, "taskName": "Task-1349"}
{"asctime": "2026-03-03 16:42:25,546", "levelname": "INFO", "message": "HTTP Request: GET http://localhost:8001/api/v1/users/auth/me \"HTTP/1.1 200 OK\"", "url": null, "method": null, "process_time": null, "taskName": "Task-1386"}
{"asctime": "2026-03-03 16:42:26,152", "levelname": "INFO", "message": "HTTP Request: GET http://localhost:8001/api/v1/users/auth/me \"HTTP/1.1 200 OK\"", "url": null, "method": null, "process_time": null, "taskName": "Task-1391"}
{"asctime": "2026-03-03 16:42:26,708", "levelname": "INFO", "message": "HTTP Request: GET http://localhost:8001/api/v1/users/auth/me \"HTTP/1.1 200 OK\"", "url": null, "method": null, "process_time": null, "taskName": "Task-1392"}
{"asctime": "2026-03-03 16:42:26,709", "levelname": "INFO", "message": "HTTP Request: GET http://localhost:8001/api/v1/users/auth/me \"HTTP/1.1 200 OK\"", "url": null, "method": null, "process_time": null, "taskName": "Task-1393"}
{"asctime": "2026-03-03 16:42:27,924", "levelname": "INFO", "message": "HTTP Request: GET http://localhost:8002/api/v1/payment_intake_matching/matching/dashboard/summary \"HTTP/1.1 200 OK\"", "url": null, "method": null, "process_time": null, "taskName": "starlette.middleware.base.BaseHTTPMiddleware.__call__.<locals>.call_next.<locals>.coro"}
{"asctime": "2026-03-03 16:42:27,926", "levelname": "INFO", "message": "", "url": "/api/v1/payment_intake_matching/matching/dashboard/summary", "method": "GET", "process_time": 2.378209352493286, "taskName": "Task-1386"}
{"asctime": "2026-03-03 16:42:28,173", "levelname": "INFO", "message": "HTTP Request: GET http://localhost:8002/api/v1/payment_intake_matching/matching/dashboard/unmatched-invoices \"HTTP/1.1 200 OK\"", "url": null, "method": null, "process_time": null, "taskName": "starlette.middleware.base.BaseHTTPMiddleware.__call__.<locals>.call_next.<locals>.coro"}
{"asctime": "2026-03-03 16:42:28,177", "levelname": "INFO", "message": "HTTP Request: GET http://localhost:8002/api/v1/payment_intake_matching/matching/dashboard/unmatched-payments \"HTTP/1.1 200 OK\"", "url": null, "method": null, "process_time": null, "taskName": "starlette.middleware.base.BaseHTTPMiddleware.__call__.<locals>.call_next.<locals>.coro"}
{"asctime": "2026-03-03 16:42:28,178", "levelname": "INFO", "message": "", "url": "/api/v1/payment_intake_matching/matching/dashboard/unmatched-invoices", "method": "GET", "process_time": 1.4656133651733398, "taskName": "Task-1393"}
{"asctime": "2026-03-03 16:42:28,185", "levelname": "INFO", "message": "HTTP Request: GET http://localhost:8002/api/v1/payment_intake_matching/matching/dashboard/recent?limit=10 \"HTTP/1.1 200 OK\"", "url": null, "method": null, "process_time": null, "taskName": "starlette.middleware.base.BaseHTTPMiddleware.__call__.<locals>.call_next.<locals>.coro"}
{"asctime": "2026-03-03 16:42:28,187", "levelname": "INFO", "message": "", "url": "/api/v1/payment_intake_matching/matching/dashboard/unmatched-payments", "method": "GET", "process_time": 1.4756109714508057, "taskName": "Task-1392"}
{"asctime": "2026-03-03 16:42:28,192", "levelname": "INFO", "message": "", "url": "/api/v1/payment_intake_matching/matching/dashboard/recent", "method": "GET", "process_time": 2.039306879043579, "taskName": "Task-1391"}
{"asctime": "2026-03-03 16:43:26,355", "levelname": "INFO", "message": "HTTP Request: GET http://localhost:8001/api/v1/users/auth/me \"HTTP/1.1 200 OK\"", "url": null, "method": null, "process_time": null, "taskName": "Task-1433"}
{"asctime": "2026-03-03 16:43:27,122", "levelname": "INFO", "message": "HTTP Request: GET http://localhost:8001/api/v1/users/auth/me \"HTTP/1.1 200 OK\"", "url": null, "method": null, "process_time": null, "taskName": "Task-1430"}
{"asctime": "2026-03-03 16:43:27,123", "levelname": "INFO", "message": "HTTP Request: GET http://localhost:8001/api/v1/users/auth/me \"HTTP/1.1 200 OK\"", "url": null, "method": null, "process_time": null, "taskName": "Task-1429"}
{"asctime": "2026-03-03 16:43:27,124", "levelname": "INFO", "message": "HTTP Request: GET http://localhost:8001/api/v1/users/auth/me \"HTTP/1.1 200 OK\"", "url": null, "method": null, "process_time": null, "taskName": "Task-1431"}
{"asctime": "2026-03-03 16:43:29,224", "levelname": "INFO", "message": "HTTP Request: GET http://localhost:8002/api/v1/payment_intake_matching/matching/dashboard/recent?limit=10 \"HTTP/1.1 200 OK\"", "url": null, "method": null, "process_time": null, "taskName": "starlette.middleware.base.BaseHTTPMiddleware.__call__.<locals>.call_next.<locals>.coro"}
{"asctime": "2026-03-03 16:43:29,228", "levelname": "INFO", "message": "HTTP Request: GET http://localhost:8002/api/v1/payment_intake_matching/matching/dashboard/summary \"HTTP/1.1 200 OK\"", "url": null, "method": null, "process_time": null, "taskName": "starlette.middleware.base.BaseHTTPMiddleware.__call__.<locals>.call_next.<locals>.coro"}
{"asctime": "2026-03-03 16:43:29,231", "levelname": "INFO", "message": "", "url": "/api/v1/payment_intake_matching/matching/dashboard/recent", "method": "GET", "process_time": 2.1015396118164062, "taskName": "Task-1431"}
{"asctime": "2026-03-03 16:43:29,236", "levelname": "INFO", "message": "HTTP Request: GET http://localhost:8002/api/v1/payment_intake_matching/matching/dashboard/unmatched-payments \"HTTP/1.1 200 OK\"", "url": null, "method": null, "process_time": null, "taskName": "starlette.middleware.base.BaseHTTPMiddleware.__call__.<locals>.call_next.<locals>.coro"}
{"asctime": "2026-03-03 16:43:29,240", "levelname": "INFO", "message": "HTTP Request: GET http://localhost:8002/api/v1/payment_intake_matching/matching/dashboard/unmatched-invoices \"HTTP/1.1 200 OK\"", "url": null, "method": null, "process_time": null, "taskName": "starlette.middleware.base.BaseHTTPMiddleware.__call__.<locals>.call_next.<locals>.coro"}
{"asctime": "2026-03-03 16:43:29,243", "levelname": "INFO", "message": "", "url": "/api/v1/payment_intake_matching/matching/dashboard/summary", "method": "GET", "process_time": 2.114729881286621, "taskName": "Task-1429"}
{"asctime": "2026-03-03 16:43:29,252", "levelname": "INFO", "message": "", "url": "/api/v1/payment_intake_matching/matching/dashboard/unmatched-payments", "method": "GET", "process_time": 2.1237189769744873, "taskName": "Task-1430"}
{"asctime": "2026-03-03 16:43:29,255", "levelname": "INFO", "message": "", "url": "/api/v1/payment_intake_matching/matching/dashboard/unmatched-invoices", "method": "GET", "process_time": 2.898040533065796, "taskName": "Task-1433"}
{"asctime": "2026-03-03 16:44:25,684", "levelname": "INFO", "message": "HTTP Request: GET http://localhost:8001/api/v1/users/auth/me \"HTTP/1.1 200 OK\"", "url": null, "method": null, "process_time": null, "taskName": "Task-1466"}
{"asctime": "2026-03-03 16:44:26,330", "levelname": "INFO", "message": "HTTP Request: GET http://localhost:8001/api/v1/users/auth/me \"HTTP/1.1 200 OK\"", "url": null, "method": null, "process_time": null, "taskName": "Task-1470"}
{"asctime": "2026-03-03 16:44:26,974", "levelname": "INFO", "message": "HTTP Request: GET http://localhost:8001/api/v1/users/auth/me \"HTTP/1.1 200 OK\"", "url": null, "method": null, "process_time": null, "taskName": "Task-1471"}
{"asctime": "2026-03-03 16:44:26,975", "levelname": "INFO", "message": "HTTP Request: GET http://localhost:8001/api/v1/users/auth/me \"HTTP/1.1 200 OK\"", "url": null, "method": null, "process_time": null, "taskName": "Task-1472"}
{"asctime": "2026-03-03 16:44:28,070", "levelname": "INFO", "message": "HTTP Request: GET http://localhost:8002/api/v1/payment_intake_matching/matching/dashboard/summary \"HTTP/1.1 200 OK\"", "url": null, "method": null, "process_time": null, "taskName": "starlette.middleware.base.BaseHTTPMiddleware.__call__.<locals>.call_next.<locals>.coro"}
{"asctime": "2026-03-03 16:44:28,072", "levelname": "INFO", "message": "", "url": "/api/v1/payment_intake_matching/matching/dashboard/summary", "method": "GET", "process_time": 2.3844945430755615, "taskName": "Task-1466"}
{"asctime": "2026-03-03 16:44:28,353", "levelname": "INFO", "message": "HTTP Request: GET http://localhost:8002/api/v1/payment_intake_matching/matching/dashboard/recent?limit=10 \"HTTP/1.1 200 OK\"", "url": null, "method": null, "process_time": null, "taskName": "starlette.middleware.base.BaseHTTPMiddleware.__call__.<locals>.call_next.<locals>.coro"}
{"asctime": "2026-03-03 16:44:28,356", "levelname": "INFO", "message": "HTTP Request: GET http://localhost:8002/api/v1/payment_intake_matching/matching/dashboard/unmatched-payments \"HTTP/1.1 200 OK\"", "url": null, "method": null, "process_time": null, "taskName": "starlette.middleware.base.BaseHTTPMiddleware.__call__.<locals>.call_next.<locals>.coro"}
{"asctime": "2026-03-03 16:44:28,357", "levelname": "INFO", "message": "", "url": "/api/v1/payment_intake_matching/matching/dashboard/recent", "method": "GET", "process_time": 1.3791429996490479, "taskName": "Task-1472"}
{"asctime": "2026-03-03 16:44:28,362", "levelname": "INFO", "message": "HTTP Request: GET http://localhost:8002/api/v1/payment_intake_matching/matching/dashboard/unmatched-invoices \"HTTP/1.1 200 OK\"", "url": null, "method": null, "process_time": null, "taskName": "starlette.middleware.base.BaseHTTPMiddleware.__call__.<locals>.call_next.<locals>.coro"}
{"asctime": "2026-03-03 16:44:28,364", "levelname": "INFO", "message": "", "url": "/api/v1/payment_intake_matching/matching/dashboard/unmatched-payments", "method": "GET", "process_time": 1.3867440223693848, "taskName": "Task-1471"}
{"asctime": "2026-03-03 16:44:28,369", "levelname": "INFO", "message": "", "url": "/api/v1/payment_intake_matching/matching/dashboard/unmatched-invoices", "method": "GET", "process_time": 2.0369298458099365, "taskName": "Task-1470"}
{"asctime": "2026-03-03 16:45:27,841", "levelname": "INFO", "message": "HTTP Request: GET http://localhost:8001/api/v1/users/auth/me \"HTTP/1.1 200 OK\"", "url": null, "method": null, "process_time": null, "taskName": "Task-1511"}
{"asctime": "2026-03-03 16:45:28,807", "levelname": "INFO", "message": "HTTP Request: GET http://localhost:8001/api/v1/users/auth/me \"HTTP/1.1 200 OK\"", "url": null, "method": null, "process_time": null, "taskName": "Task-1509"}
{"asctime": "2026-03-03 16:45:28,808", "levelname": "INFO", "message": "HTTP Request: GET http://localhost:8001/api/v1/users/auth/me \"HTTP/1.1 200 OK\"", "url": null, "method": null, "process_time": null, "taskName": "Task-1510"}
{"asctime": "2026-03-03 16:45:28,809", "levelname": "INFO", "message": "HTTP Request: GET http://localhost:8001/api/v1/users/auth/me \"HTTP/1.1 200 OK\"", "url": null, "method": null, "process_time": null, "taskName": "Task-1512"}
{"asctime": "2026-03-03 16:45:31,517", "levelname": "INFO", "message": "HTTP Request: GET http://localhost:8002/api/v1/payment_intake_matching/matching/dashboard/summary \"HTTP/1.1 200 OK\"", "url": null, "method": null, "process_time": null, "taskName": "starlette.middleware.base.BaseHTTPMiddleware.__call__.<locals>.call_next.<locals>.coro"}
{"asctime": "2026-03-03 16:45:31,522", "levelname": "INFO", "message": "", "url": "/api/v1/payment_intake_matching/matching/dashboard/summary", "method": "GET", "process_time": 2.700889825820923, "taskName": "Task-1509"}
{"asctime": "2026-03-03 16:45:31,526", "levelname": "INFO", "message": "HTTP Request: GET http://localhost:8002/api/v1/payment_intake_matching/matching/dashboard/unmatched-invoices \"HTTP/1.1 200 OK\"", "url": null, "method": null, "process_time": null, "taskName": "starlette.middleware.base.BaseHTTPMiddleware.__call__.<locals>.call_next.<locals>.coro"}
{"asctime": "2026-03-03 16:45:31,541", "levelname": "INFO", "message": "HTTP Request: GET http://localhost:8002/api/v1/payment_intake_matching/matching/dashboard/recent?limit=10 \"HTTP/1.1 200 OK\"", "url": null, "method": null, "process_time": null, "taskName": "starlette.middleware.base.BaseHTTPMiddleware.__call__.<locals>.call_next.<locals>.coro"}
{"asctime": "2026-03-03 16:45:31,543", "levelname": "INFO", "message": "HTTP Request: GET http://localhost:8002/api/v1/payment_intake_matching/matching/dashboard/unmatched-payments \"HTTP/1.1 200 OK\"", "url": null, "method": null, "process_time": null, "taskName": "starlette.middleware.base.BaseHTTPMiddleware.__call__.<locals>.call_next.<locals>.coro"}
{"asctime": "2026-03-03 16:45:31,555", "levelname": "INFO", "message": "", "url": "/api/v1/payment_intake_matching/matching/dashboard/unmatched-invoices", "method": "GET", "process_time": 2.730130672454834, "taskName": "Task-1512"}
{"asctime": "2026-03-03 16:45:31,576", "levelname": "INFO", "message": "", "url": "/api/v1/payment_intake_matching/matching/dashboard/recent", "method": "GET", "process_time": 2.752277374267578, "taskName": "Task-1510"}
{"asctime": "2026-03-03 16:45:31,579", "levelname": "INFO", "message": "", "url": "/api/v1/payment_intake_matching/matching/dashboard/unmatched-payments", "method": "GET", "process_time": 3.7340235710144043, "taskName": "Task-1511"}
{"asctime": "2026-03-03 16:45:44,547", "levelname": "INFO", "message": "HTTP Request: GET http://localhost:8001/api/v1/users/auth/me \"HTTP/1.1 200 OK\"", "url": null, "method": null, "process_time": null, "taskName": "Task-1546"}
{"asctime": "2026-03-03 16:45:45,537", "levelname": "INFO", "message": "HTTP Request: GET http://localhost:8001/api/v1/users/auth/me \"HTTP/1.1 200 OK\"", "url": null, "method": null, "process_time": null, "taskName": "Task-1551"}
{"asctime": "2026-03-03 16:45:46,525", "levelname": "INFO", "message": "HTTP Request: GET http://localhost:8001/api/v1/users/auth/me \"HTTP/1.1 200 OK\"", "url": null, "method": null, "process_time": null, "taskName": "Task-1552"}
{"asctime": "2026-03-03 16:45:46,527", "levelname": "INFO", "message": "HTTP Request: GET http://localhost:8001/api/v1/users/auth/me \"HTTP/1.1 200 OK\"", "url": null, "method": null, "process_time": null, "taskName": "Task-1553"}
{"asctime": "2026-03-03 16:45:48,314", "levelname": "INFO", "message": "HTTP Request: GET http://localhost:8002/api/v1/payment_intake_matching/matching/dashboard/summary \"HTTP/1.1 200 OK\"", "url": null, "method": null, "process_time": null, "taskName": "starlette.middleware.base.BaseHTTPMiddleware.__call__.<locals>.call_next.<locals>.coro"}
{"asctime": "2026-03-03 16:45:48,318", "levelname": "INFO", "message": "", "url": "/api/v1/payment_intake_matching/matching/dashboard/summary", "method": "GET", "process_time": 3.767825126647949, "taskName": "Task-1546"}
{"asctime": "2026-03-03 16:45:48,593", "levelname": "INFO", "message": "HTTP Request: GET http://localhost:8002/api/v1/payment_intake_matching/matching/dashboard/recent?limit=10 \"HTTP/1.1 200 OK\"", "url": null, "method": null, "process_time": null, "taskName": "starlette.middleware.base.BaseHTTPMiddleware.__call__.<locals>.call_next.<locals>.coro"}
{"asctime": "2026-03-03 16:45:48,600", "levelname": "INFO", "message": "", "url": "/api/v1/payment_intake_matching/matching/dashboard/recent", "method": "GET", "process_time": 3.058851718902588, "taskName": "Task-1551"}
{"asctime": "2026-03-03 16:45:48,605", "levelname": "INFO", "message": "HTTP Request: GET http://localhost:8002/api/v1/payment_intake_matching/matching/dashboard/unmatched-invoices \"HTTP/1.1 200 OK\"", "url": null, "method": null, "process_time": null, "taskName": "starlette.middleware.base.BaseHTTPMiddleware.__call__.<locals>.call_next.<locals>.coro"}
{"asctime": "2026-03-03 16:45:48,625", "levelname": "INFO", "message": "HTTP Request: GET http://localhost:8002/api/v1/payment_intake_matching/matching/dashboard/unmatched-payments \"HTTP/1.1 200 OK\"", "url": null, "method": null, "process_time": null, "taskName": "starlette.middleware.base.BaseHTTPMiddleware.__call__.<locals>.call_next.<locals>.coro"}
{"asctime": "2026-03-03 16:45:48,631", "levelname": "INFO", "message": "", "url": "/api/v1/payment_intake_matching/matching/dashboard/unmatched-invoices", "method": "GET", "process_time": 2.0969271659851074, "taskName": "Task-1552"}
{"asctime": "2026-03-03 16:45:48,654", "levelname": "INFO", "message": "", "url": "/api/v1/payment_intake_matching/matching/dashboard/unmatched-payments", "method": "GET", "process_time": 1.335796594619751, "taskName": "Task-1553"}
{"asctime": "2026-03-03 16:46:46,530", "levelname": "INFO", "message": "HTTP Request: GET http://localhost:8001/api/v1/users/auth/me \"HTTP/1.1 200 OK\"", "url": null, "method": null, "process_time": null, "taskName": "Task-1590"}
{"asctime": "2026-03-03 16:46:46,551", "levelname": "INFO", "message": "HTTP Request: GET http://localhost:8001/api/v1/users/auth/me \"HTTP/1.1 200 OK\"", "url": null, "method": null, "process_time": null, "taskName": "Task-1589"}
{"asctime": "2026-03-03 16:46:46,553", "levelname": "INFO", "message": "HTTP Request: GET http://localhost:8001/api/v1/users/auth/me \"HTTP/1.1 200 OK\"", "url": null, "method": null, "process_time": null, "taskName": "Task-1592"}
{"asctime": "2026-03-03 16:46:46,554", "levelname": "INFO", "message": "HTTP Request: GET http://localhost:8001/api/v1/users/auth/me \"HTTP/1.1 200 OK\"", "url": null, "method": null, "process_time": null, "taskName": "Task-1591"}
{"asctime": "2026-03-03 16:46:50,491", "levelname": "INFO", "message": "HTTP Request: GET http://localhost:8002/api/v1/payment_intake_matching/matching/dashboard/unmatched-payments \"HTTP/1.1 200 OK\"", "url": null, "method": null, "process_time": null, "taskName": "starlette.middleware.base.BaseHTTPMiddleware.__call__.<locals>.call_next.<locals>.coro"}
{"asctime": "2026-03-03 16:46:50,500", "levelname": "INFO", "message": "", "url": "/api/v1/payment_intake_matching/matching/dashboard/unmatched-payments", "method": "GET", "process_time": 2.9804766178131104, "taskName": "Task-1589"}
{"asctime": "2026-03-03 16:46:50,513", "levelname": "INFO", "message": "HTTP Request: GET http://localhost:8002/api/v1/payment_intake_matching/matching/dashboard/summary \"HTTP/1.1 200 OK\"", "url": null, "method": null, "process_time": null, "taskName": "starlette.middleware.base.BaseHTTPMiddleware.__call__.<locals>.call_next.<locals>.coro"}
{"asctime": "2026-03-03 16:46:50,519", "levelname": "INFO", "message": "HTTP Request: GET http://localhost:8002/api/v1/payment_intake_matching/matching/dashboard/unmatched-invoices \"HTTP/1.1 200 OK\"", "url": null, "method": null, "process_time": null, "taskName": "starlette.middleware.base.BaseHTTPMiddleware.__call__.<locals>.call_next.<locals>.coro"}
{"asctime": "2026-03-03 16:46:50,521", "levelname": "INFO", "message": "HTTP Request: GET http://localhost:8002/api/v1/payment_intake_matching/matching/dashboard/recent?limit=10 \"HTTP/1.1 200 OK\"", "url": null, "method": null, "process_time": null, "taskName": "starlette.middleware.base.BaseHTTPMiddleware.__call__.<locals>.call_next.<locals>.coro"}
{"asctime": "2026-03-03 16:46:50,528", "levelname": "INFO", "message": "", "url": "/api/v1/payment_intake_matching/matching/dashboard/summary", "method": "GET", "process_time": 3.0081522464752197, "taskName": "Task-1592"}
{"asctime": "2026-03-03 16:46:50,535", "levelname": "INFO", "message": "", "url": "/api/v1/payment_intake_matching/matching/dashboard/unmatched-invoices", "method": "GET", "process_time": 3.987276554107666, "taskName": "Task-1590"}
{"asctime": "2026-03-03 16:46:50,537", "levelname": "INFO", "message": "", "url": "/api/v1/payment_intake_matching/matching/dashboard/recent", "method": "GET", "process_time": 3.0155208110809326, "taskName": "Task-1591"}
{"asctime": "2026-03-03 16:47:18,181", "levelname": "INFO", "message": "HTTP Request: GET http://localhost:8001/api/v1/users/auth/me \"HTTP/1.1 200 OK\"", "url": null, "method": null, "process_time": null, "taskName": "Task-1626"}
{"asctime": "2026-03-03 16:47:20,867", "levelname": "INFO", "message": "HTTP Request: GET http://localhost:8001/api/v1/users/auth/me \"HTTP/1.1 200 OK\"", "url": null, "method": null, "process_time": null, "taskName": "Task-1636"}
{"asctime": "2026-03-03 16:47:23,373", "levelname": "INFO", "message": "HTTP Request: GET http://localhost:8001/api/v1/users/auth/me \"HTTP/1.1 200 OK\"", "url": null, "method": null, "process_time": null, "taskName": "Task-1646"}
{"asctime": "2026-03-03 16:47:42,258", "levelname": "INFO", "message": "HTTP Request: GET http://localhost:8001/api/v1/users/auth/me \"HTTP/1.1 200 OK\"", "url": null, "method": null, "process_time": null, "taskName": "Task-1656"}
{"asctime": "2026-03-03 16:47:52,751", "levelname": "INFO", "message": "HTTP Request: GET http://localhost:8002/api/v1/payment_intake_matching/aging/reminders \"HTTP/1.1 200 OK\"", "url": null, "method": null, "process_time": null, "taskName": "starlette.middleware.base.BaseHTTPMiddleware.__call__.<locals>.call_next.<locals>.coro"}
{"asctime": "2026-03-03 16:47:52,791", "levelname": "INFO", "message": "", "url": "/api/v1/payment_intake_matching/aging/reminders", "method": "GET", "process_time": 29.41683602333069, "taskName": "Task-1646"}
{"asctime": "2026-03-03 16:47:52,844", "levelname": "INFO", "message": "HTTP Request: GET http://localhost:8002/api/v1/payment_intake_matching/documents/ \"HTTP/1.1 200 OK\"", "url": null, "method": null, "process_time": null, "taskName": "starlette.middleware.base.BaseHTTPMiddleware.__call__.<locals>.call_next.<locals>.coro"}
{"asctime": "2026-03-03 16:47:52,849", "levelname": "INFO", "message": "", "url": "/api/v1/payment_intake_matching/documents/", "method": "GET", "process_time": 10.51639723777771, "taskName": "Task-1656"}
{"asctime": "2026-03-03 16:47:52,854", "levelname": "INFO", "message": "HTTP Request: GET http://localhost:8002/api/v1/payment_intake_matching/documents/ \"HTTP/1.1 200 OK\"", "url": null, "method": null, "process_time": null, "taskName": "starlette.middleware.base.BaseHTTPMiddleware.__call__.<locals>.call_next.<locals>.coro"}
{"asctime": "2026-03-03 16:47:52,858", "levelname": "INFO", "message": "", "url": "/api/v1/payment_intake_matching/documents/", "method": "GET", "process_time": 31.982911348342896, "taskName": "Task-1636"}
{"asctime": "2026-03-03 16:47:53,720", "levelname": "INFO", "message": "HTTP Request: GET http://localhost:8002/api/v1/payment_intake_matching/matching/dashboard/recent?limit=200 \"HTTP/1.1 200 OK\"", "url": null, "method": null, "process_time": null, "taskName": "starlette.middleware.base.BaseHTTPMiddleware.__call__.<locals>.call_next.<locals>.coro"}
{"asctime": "2026-03-03 16:47:54,728", "levelname": "INFO", "message": "", "url": "/api/v1/payment_intake_matching/matching/dashboard/recent", "method": "GET", "process_time": 36.535069942474365, "taskName": "Task-1626"}
{"asctime": "2026-03-03 16:47:58,454", "levelname": "INFO", "message": "HTTP Request: GET http://localhost:8001/api/v1/users/auth/me \"HTTP/1.1 200 OK\"", "url": null, "method": null, "process_time": null, "taskName": "Task-1665"}
{"asctime": "2026-03-03 16:47:59,420", "levelname": "INFO", "message": "HTTP Request: GET http://localhost:8001/api/v1/users/auth/me \"HTTP/1.1 200 OK\"", "url": null, "method": null, "process_time": null, "taskName": "Task-1666"}
{"asctime": "2026-03-03 16:47:59,421", "levelname": "INFO", "message": "HTTP Request: GET http://localhost:8001/api/v1/users/auth/me \"HTTP/1.1 200 OK\"", "url": null, "method": null, "process_time": null, "taskName": "Task-1667"}
{"asctime": "2026-03-03 16:48:01,324", "levelname": "INFO", "message": "HTTP Request: GET http://localhost:8001/api/v1/users/auth/me \"HTTP/1.1 200 OK\"", "url": null, "method": null, "process_time": null, "taskName": "Task-1673"}
{"asctime": "2026-03-03 16:48:02,242", "levelname": "INFO", "message": "HTTP Request: GET http://localhost:8001/api/v1/users/auth/me \"HTTP/1.1 200 OK\"", "url": null, "method": null, "process_time": null, "taskName": "Task-1674"}
{"asctime": "2026-03-03 16:48:02,250", "levelname": "INFO", "message": "HTTP Request: GET http://localhost:8001/api/v1/users/auth/me \"HTTP/1.1 200 OK\"", "url": null, "method": null, "process_time": null, "taskName": "Task-1675"}
{"asctime": "2026-03-03 16:48:04,962", "levelname": "INFO", "message": "HTTP Request: GET http://localhost:8002/api/v1/payment_intake_matching/documents/ \"HTTP/1.1 200 OK\"", "url": null, "method": null, "process_time": null, "taskName": "starlette.middleware.base.BaseHTTPMiddleware.__call__.<locals>.call_next.<locals>.coro"}
{"asctime": "2026-03-03 16:48:04,966", "levelname": "INFO", "message": "HTTP Request: GET http://localhost:8002/api/v1/payment_intake_matching/documents/2/payments \"HTTP/1.1 200 OK\"", "url": null, "method": null, "process_time": null, "taskName": "starlette.middleware.base.BaseHTTPMiddleware.__call__.<locals>.call_next.<locals>.coro"}
{"asctime": "2026-03-03 16:48:04,968", "levelname": "INFO", "message": "HTTP Request: GET http://localhost:8002/api/v1/payment_intake_matching/documents/1/invoices \"HTTP/1.1 200 OK\"", "url": null, "method": null, "process_time": null, "taskName": "starlette.middleware.base.BaseHTTPMiddleware.__call__.<locals>.call_next.<locals>.coro"}
{"asctime": "2026-03-03 16:48:04,970", "levelname": "INFO", "message": "", "url": "/api/v1/payment_intake_matching/documents/", "method": "GET", "process_time": 5.538869857788086, "taskName": "Task-1666"}
{"asctime": "2026-03-03 16:48:04,973", "levelname": "INFO", "message": "HTTP Request: GET http://localhost:8002/api/v1/payment_intake_matching/documents/3/invoices \"HTTP/1.1 200 OK\"", "url": null, "method": null, "process_time": null, "taskName": "starlette.middleware.base.BaseHTTPMiddleware.__call__.<locals>.call_next.<locals>.coro"}
{"asctime": "2026-03-03 16:48:04,974", "levelname": "INFO", "message": "", "url": "/api/v1/payment_intake_matching/documents/2/payments", "method": "GET", "process_time": 6.517300128936768, "taskName": "Task-1665"}
{"asctime": "2026-03-03 16:48:04,976", "levelname": "INFO", "message": "", "url": "/api/v1/payment_intake_matching/documents/1/invoices", "method": "GET", "process_time": 5.543957233428955, "taskName": "Task-1667"}
{"asctime": "2026-03-03 16:48:04,978", "levelname": "INFO", "message": "", "url": "/api/v1/payment_intake_matching/documents/3/invoices", "method": "GET", "process_time": 3.652606725692749, "taskName": "Task-1673"}
{"asctime": "2026-03-03 16:48:05,217", "levelname": "INFO", "message": "HTTP Request: GET http://localhost:8001/api/v1/users/auth/me \"HTTP/1.1 200 OK\"", "url": null, "method": null, "process_time": null, "taskName": "Task-1718"}
{"asctime": "2026-03-03 16:48:05,861", "levelname": "INFO", "message": "HTTP Request: GET http://localhost:8002/api/v1/payment_intake_matching/documents/5/invoices \"HTTP/1.1 200 OK\"", "url": null, "method": null, "process_time": null, "taskName": "starlette.middleware.base.BaseHTTPMiddleware.__call__.<locals>.call_next.<locals>.coro"}
{"asctime": "2026-03-03 16:48:05,862", "levelname": "INFO", "message": "HTTP Request: GET http://localhost:8002/api/v1/payment_intake_matching/documents/4/invoices \"HTTP/1.1 200 OK\"", "url": null, "method": null, "process_time": null, "taskName": "starlette.middleware.base.BaseHTTPMiddleware.__call__.<locals>.call_next.<locals>.coro"}
{"asctime": "2026-03-03 16:48:05,866", "levelname": "INFO", "message": "", "url": "/api/v1/payment_intake_matching/documents/5/invoices", "method": "GET", "process_time": 2.6882598400115967, "taskName": "Task-1675"}
{"asctime": "2026-03-03 16:48:05,866", "levelname": "INFO", "message": "", "url": "/api/v1/payment_intake_matching/documents/4/invoices", "method": "GET", "process_time": 3.617326498031616, "taskName": "Task-1674"}
{"asctime": "2026-03-03 16:48:06,157", "levelname": "INFO", "message": "HTTP Request: GET http://localhost:8001/api/v1/users/auth/me \"HTTP/1.1 200 OK\"", "url": null, "method": null, "process_time": null, "taskName": "starlette.middleware.base.BaseHTTPMiddleware.__call__.<locals>.call_next.<locals>.coro"}
{"asctime": "2026-03-03 16:48:06,159", "levelname": "INFO", "message": "", "url": "/api/v1/users/auth/me", "method": "GET", "process_time": 0.9394102096557617, "taskName": "Task-1718"}
{"asctime": "2026-03-03 16:48:07,688", "levelname": "INFO", "message": "HTTP Request: GET http://localhost:8001/api/v1/users/auth/me \"HTTP/1.1 200 OK\"", "url": null, "method": null, "process_time": null, "taskName": "Task-1732"}
{"asctime": "2026-03-03 16:48:09,058", "levelname": "INFO", "message": "HTTP Request: GET http://localhost:8002/api/v1/payment_intake_matching/documents/ \"HTTP/1.1 200 OK\"", "url": null, "method": null, "process_time": null, "taskName": "starlette.middleware.base.BaseHTTPMiddleware.__call__.<locals>.call_next.<locals>.coro"}
{"asctime": "2026-03-03 16:48:09,064", "levelname": "INFO", "message": "", "url": "/api/v1/payment_intake_matching/documents/", "method": "GET", "process_time": 1.3701131343841553, "taskName": "Task-1732"}
{"asctime": "2026-03-03 16:48:10,422", "levelname": "INFO", "message": "HTTP Request: GET http://localhost:8001/api/v1/users/auth/me \"HTTP/1.1 200 OK\"", "url": null, "method": null, "process_time": null, "taskName": "Task-1741"}
{"asctime": "2026-03-03 16:48:11,723", "levelname": "INFO", "message": "HTTP Request: GET http://localhost:8002/api/v1/payment_intake_matching/documents/2/payments \"HTTP/1.1 200 OK\"", "url": null, "method": null, "process_time": null, "taskName": "starlette.middleware.base.BaseHTTPMiddleware.__call__.<locals>.call_next.<locals>.coro"}
{"asctime": "2026-03-03 16:48:11,725", "levelname": "INFO", "message": "", "url": "/api/v1/payment_intake_matching/documents/2/payments", "method": "GET", "process_time": 1.2970619201660156, "taskName": "Task-1741"}
{"asctime": "2026-03-03 16:48:24,107", "levelname": "INFO", "message": "HTTP Request: GET http://localhost:8001/api/v1/users/auth/me \"HTTP/1.1 200 OK\"", "url": null, "method": null, "process_time": null, "taskName": "Task-1750"}
{"asctime": "2026-03-03 16:48:25,007", "levelname": "INFO", "message": "HTTP Request: GET http://localhost:8001/api/v1/users/auth/me \"HTTP/1.1 200 OK\"", "url": null, "method": null, "process_time": null, "taskName": "Task-1756"}
{"asctime": "2026-03-03 16:48:25,898", "levelname": "INFO", "message": "HTTP Request: GET http://localhost:8001/api/v1/users/auth/me \"HTTP/1.1 200 OK\"", "url": null, "method": null, "process_time": null, "taskName": "Task-1755"}
{"asctime": "2026-03-03 16:48:25,900", "levelname": "INFO", "message": "HTTP Request: GET http://localhost:8001/api/v1/users/auth/me \"HTTP/1.1 200 OK\"", "url": null, "method": null, "process_time": null, "taskName": "Task-1754"}
{"asctime": "2026-03-03 16:48:30,035", "levelname": "INFO", "message": "HTTP Request: GET http://localhost:8002/api/v1/payment_intake_matching/matching/dashboard/summary \"HTTP/1.1 200 OK\"", "url": null, "method": null, "process_time": null, "taskName": "starlette.middleware.base.BaseHTTPMiddleware.__call__.<locals>.call_next.<locals>.coro"}
{"asctime": "2026-03-03 16:48:30,037", "levelname": "INFO", "message": "", "url": "/api/v1/payment_intake_matching/matching/dashboard/summary", "method": "GET", "process_time": 5.929729700088501, "taskName": "Task-1750"}
{"asctime": "2026-03-03 16:48:30,041", "levelname": "INFO", "message": "HTTP Request: GET http://localhost:8002/api/v1/payment_intake_matching/matching/dashboard/unmatched-invoices \"HTTP/1.1 200 OK\"", "url": null, "method": null, "process_time": null, "taskName": "starlette.middleware.base.BaseHTTPMiddleware.__call__.<locals>.call_next.<locals>.coro"}
{"asctime": "2026-03-03 16:48:30,046", "levelname": "INFO", "message": "", "url": "/api/v1/payment_intake_matching/matching/dashboard/unmatched-invoices", "method": "GET", "process_time": 5.038542747497559, "taskName": "Task-1756"}
{"asctime": "2026-03-03 16:48:30,308", "levelname": "INFO", "message": "HTTP Request: GET http://localhost:8001/api/v1/users/auth/me \"HTTP/1.1 200 OK\"", "url": null, "method": null, "process_time": null, "taskName": "Task-1787"}
{"asctime": "2026-03-03 16:48:30,324", "levelname": "INFO", "message": "HTTP Request: GET http://localhost:8001/api/v1/users/auth/me \"HTTP/1.1 200 OK\"", "url": null, "method": null, "process_time": null, "taskName": "Task-1786"}
{"asctime": "2026-03-03 16:48:32,206", "levelname": "INFO", "message": "HTTP Request: GET http://localhost:8002/api/v1/payment_intake_matching/matching/dashboard/unmatched-payments \"HTTP/1.1 200 OK\"", "url": null, "method": null, "process_time": null, "taskName": "starlette.middleware.base.BaseHTTPMiddleware.__call__.<locals>.call_next.<locals>.coro"}
{"asctime": "2026-03-03 16:48:32,208", "levelname": "INFO", "message": "HTTP Request: GET http://localhost:8002/api/v1/payment_intake_matching/matching/dashboard/recent?limit=10 \"HTTP/1.1 200 OK\"", "url": null, "method": null, "process_time": null, "taskName": "starlette.middleware.base.BaseHTTPMiddleware.__call__.<locals>.call_next.<locals>.coro"}
{"asctime": "2026-03-03 16:48:32,216", "levelname": "INFO", "message": "", "url": "/api/v1/payment_intake_matching/matching/dashboard/unmatched-payments", "method": "GET", "process_time": 6.259291648864746, "taskName": "Task-1754"}
{"asctime": "2026-03-03 16:48:32,219", "levelname": "INFO", "message": "", "url": "/api/v1/payment_intake_matching/matching/dashboard/recent", "method": "GET", "process_time": 6.262766599655151, "taskName": "Task-1755"}
{"asctime": "2026-03-03 16:48:32,513", "levelname": "INFO", "message": "HTTP Request: GET http://localhost:8002/api/v1/payment_intake_matching/matching/dashboard/recent?limit=200 \"HTTP/1.1 200 OK\"", "url": null, "method": null, "process_time": null, "taskName": "starlette.middleware.base.BaseHTTPMiddleware.__call__.<locals>.call_next.<locals>.coro"}
{"asctime": "2026-03-03 16:48:32,518", "levelname": "INFO", "message": "HTTP Request: GET http://localhost:8002/api/v1/payment_intake_matching/documents/ \"HTTP/1.1 200 OK\"", "url": null, "method": null, "process_time": null, "taskName": "starlette.middleware.base.BaseHTTPMiddleware.__call__.<locals>.call_next.<locals>.coro"}
{"asctime": "2026-03-03 16:48:32,521", "levelname": "INFO", "message": "", "url": "/api/v1/payment_intake_matching/matching/dashboard/recent", "method": "GET", "process_time": 1.2968134880065918, "taskName": "Task-1786"}
{"asctime": "2026-03-03 16:48:32,526", "levelname": "INFO", "message": "", "url": "/api/v1/payment_intake_matching/documents/", "method": "GET", "process_time": 2.205138683319092, "taskName": "Task-1787"}
{"asctime": "2026-03-03 16:48:38,425", "levelname": "INFO", "message": "HTTP Request: GET http://localhost:8001/api/v1/users/auth/me \"HTTP/1.1 200 OK\"", "url": null, "method": null, "process_time": null, "taskName": "Task-1814"}
{"asctime": "2026-03-03 16:48:39,350", "levelname": "INFO", "message": "HTTP Request: GET http://localhost:8001/api/v1/users/auth/me \"HTTP/1.1 200 OK\"", "url": null, "method": null, "process_time": null, "taskName": "Task-1812"}
{"asctime": "2026-03-03 16:48:39,350", "levelname": "INFO", "message": "HTTP Request: GET http://localhost:8001/api/v1/users/auth/me \"HTTP/1.1 200 OK\"", "url": null, "method": null, "process_time": null, "taskName": "Task-1811"}
{"asctime": "2026-03-03 16:48:39,352", "levelname": "INFO", "message": "HTTP Request: GET http://localhost:8001/api/v1/users/auth/me \"HTTP/1.1 200 OK\"", "url": null, "method": null, "process_time": null, "taskName": "Task-1810"}
{"asctime": "2026-03-03 16:48:39,352", "levelname": "INFO", "message": "HTTP Request: GET http://localhost:8001/api/v1/users/auth/me \"HTTP/1.1 200 OK\"", "url": null, "method": null, "process_time": null, "taskName": "Task-1813"}
{"asctime": "2026-03-03 16:48:39,353", "levelname": "INFO", "message": "HTTP Request: GET http://localhost:8001/api/v1/users/auth/me \"HTTP/1.1 200 OK\"", "url": null, "method": null, "process_time": null, "taskName": "Task-1809"}
{"asctime": "2026-03-03 16:48:44,260", "levelname": "INFO", "message": "HTTP Request: GET http://localhost:8002/api/v1/payment_intake_matching/documents/1/invoices \"HTTP/1.1 200 OK\"", "url": null, "method": null, "process_time": null, "taskName": "starlette.middleware.base.BaseHTTPMiddleware.__call__.<locals>.call_next.<locals>.coro"}
{"asctime": "2026-03-03 16:48:44,297", "levelname": "INFO", "message": "HTTP Request: GET http://localhost:8002/api/v1/payment_intake_matching/documents/4/invoices \"HTTP/1.1 200 OK\"", "url": null, "method": null, "process_time": null, "taskName": "starlette.middleware.base.BaseHTTPMiddleware.__call__.<locals>.call_next.<locals>.coro"}
{"asctime": "2026-03-03 16:48:44,308", "levelname": "INFO", "message": "", "url": "/api/v1/payment_intake_matching/documents/1/invoices", "method": "GET", "process_time": 4.951728105545044, "taskName": "Task-1810"}
{"asctime": "2026-03-03 16:48:44,323", "levelname": "INFO", "message": "HTTP Request: GET http://localhost:8002/api/v1/payment_intake_matching/documents/ \"HTTP/1.1 200 OK\"", "url": null, "method": null, "process_time": null, "taskName": "starlette.middleware.base.BaseHTTPMiddleware.__call__.<locals>.call_next.<locals>.coro"}
{"asctime": "2026-03-03 16:48:44,328", "levelname": "INFO", "message": "HTTP Request: GET http://localhost:8002/api/v1/payment_intake_matching/documents/6/invoices \"HTTP/1.1 200 OK\"", "url": null, "method": null, "process_time": null, "taskName": "starlette.middleware.base.BaseHTTPMiddleware.__call__.<locals>.call_next.<locals>.coro"}
{"asctime": "2026-03-03 16:48:44,334", "levelname": "INFO", "message": "", "url": "/api/v1/payment_intake_matching/documents/4/invoices", "method": "GET", "process_time": 4.976741075515747, "taskName": "Task-1813"}
{"asctime": "2026-03-03 16:48:45,267", "levelname": "INFO", "message": "", "url": "/api/v1/payment_intake_matching/documents/", "method": "GET", "process_time": 5.908593416213989, "taskName": "Task-1809"}
{"asctime": "2026-03-03 16:48:45,270", "levelname": "INFO", "message": "", "url": "/api/v1/payment_intake_matching/documents/6/invoices", "method": "GET", "process_time": 5.914717197418213, "taskName": "Task-1812"}
{"asctime": "2026-03-03 16:48:45,274", "levelname": "INFO", "message": "HTTP Request: GET http://localhost:8002/api/v1/payment_intake_matching/documents/5/invoices \"HTTP/1.1 200 OK\"", "url": null, "method": null, "process_time": null, "taskName": "starlette.middleware.base.BaseHTTPMiddleware.__call__.<locals>.call_next.<locals>.coro"}
{"asctime": "2026-03-03 16:48:46,213", "levelname": "INFO", "message": "HTTP Request: GET http://localhost:8002/api/v1/payment_intake_matching/documents/3/invoices \"HTTP/1.1 200 OK\"", "url": null, "method": null, "process_time": null, "taskName": "starlette.middleware.base.BaseHTTPMiddleware.__call__.<locals>.call_next.<locals>.coro"}
{"asctime": "2026-03-03 16:48:47,050", "levelname": "INFO", "message": "", "url": "/api/v1/payment_intake_matching/documents/5/invoices", "method": "GET", "process_time": 8.61815071105957, "taskName": "Task-1814"}
{"asctime": "2026-03-03 16:48:47,051", "levelname": "INFO", "message": "", "url": "/api/v1/payment_intake_matching/documents/3/invoices", "method": "GET", "process_time": 7.696051836013794, "taskName": "Task-1811"}
{"asctime": "2026-03-03 16:48:47,059", "levelname": "INFO", "message": "HTTP Request: GET http://localhost:8001/api/v1/users/auth/me \"HTTP/1.1 200 OK\"", "url": null, "method": null, "process_time": null, "taskName": "Task-1863"}
{"asctime": "2026-03-03 16:48:47,909", "levelname": "INFO", "message": "HTTP Request: GET http://localhost:8001/api/v1/users/auth/me \"HTTP/1.1 200 OK\"", "url": null, "method": null, "process_time": null, "taskName": "Task-1864"}
{"asctime": "2026-03-03 16:48:48,808", "levelname": "INFO", "message": "HTTP Request: GET http://localhost:8001/api/v1/users/auth/me \"HTTP/1.1 200 OK\"", "url": null, "method": null, "process_time": null, "taskName": "Task-1865"}
{"asctime": "2026-03-03 16:48:49,772", "levelname": "INFO", "message": "HTTP Request: GET http://localhost:8002/api/v1/payment_intake_matching/documents/7/invoices \"HTTP/1.1 200 OK\"", "url": null, "method": null, "process_time": null, "taskName": "starlette.middleware.base.BaseHTTPMiddleware.__call__.<locals>.call_next.<locals>.coro"}
{"asctime": "2026-03-03 16:48:49,775", "levelname": "INFO", "message": "", "url": "/api/v1/payment_intake_matching/documents/7/invoices", "method": "GET", "process_time": 2.7154839038848877, "taskName": "Task-1863"}
{"asctime": "2026-03-03 16:48:50,017", "levelname": "INFO", "message": "HTTP Request: GET http://localhost:8002/api/v1/payment_intake_matching/documents/8/invoices \"HTTP/1.1 200 OK\"", "url": null, "method": null, "process_time": null, "taskName": "starlette.middleware.base.BaseHTTPMiddleware.__call__.<locals>.call_next.<locals>.coro"}
{"asctime": "2026-03-03 16:48:50,024", "levelname": "INFO", "message": "", "url": "/api/v1/payment_intake_matching/documents/8/invoices", "method": "GET", "process_time": 2.106619119644165, "taskName": "Task-1864"}
{"asctime": "2026-03-03 16:48:50,138", "levelname": "INFO", "message": "HTTP Request: GET http://localhost:8002/api/v1/payment_intake_matching/documents/2/payments \"HTTP/1.1 200 OK\"", "url": null, "method": null, "process_time": null, "taskName": "starlette.middleware.base.BaseHTTPMiddleware.__call__.<locals>.call_next.<locals>.coro"}
{"asctime": "2026-03-03 16:48:50,160", "levelname": "INFO", "message": "", "url": "/api/v1/payment_intake_matching/documents/2/payments", "method": "GET", "process_time": 1.3470261096954346, "taskName": "Task-1865"}
{"asctime": "2026-03-03 16:48:57,557", "levelname": "INFO", "message": "HTTP Request: GET http://localhost:8001/api/v1/users/auth/me \"HTTP/1.1 200 OK\"", "url": null, "method": null, "process_time": null, "taskName": "Task-1891"}
{"asctime": "2026-03-03 16:48:59,854", "levelname": "INFO", "message": "HTTP Request: GET http://localhost:8001/api/v1/users/auth/me \"HTTP/1.1 200 OK\"", "url": null, "method": null, "process_time": null, "taskName": "Task-1899"}
{"asctime": "2026-03-03 16:49:00,892", "levelname": "INFO", "message": "HTTP Request: GET http://localhost:8002/api/v1/payment_intake_matching/documents/ \"HTTP/1.1 200 OK\"", "url": null, "method": null, "process_time": null, "taskName": "starlette.middleware.base.BaseHTTPMiddleware.__call__.<locals>.call_next.<locals>.coro"}
{"asctime": "2026-03-03 16:49:00,898", "levelname": "INFO", "message": "", "url": "/api/v1/payment_intake_matching/documents/", "method": "GET", "process_time": 3.328814744949341, "taskName": "Task-1891"}
{"asctime": "2026-03-03 16:49:06,594", "levelname": "INFO", "message": "HTTP Request: GET http://localhost:8001/api/v1/users/auth/me \"HTTP/1.1 200 OK\"", "url": null, "method": null, "process_time": null, "taskName": "Task-1909"}
{"asctime": "2026-03-03 16:49:07,811", "levelname": "INFO", "message": "HTTP Request: GET http://localhost:8002/api/v1/payment_intake_matching/matching/dashboard/recent?limit=200 \"HTTP/1.1 200 OK\"", "url": null, "method": null, "process_time": null, "taskName": "starlette.middleware.base.BaseHTTPMiddleware.__call__.<locals>.call_next.<locals>.coro"}
{"asctime": "2026-03-03 16:49:07,825", "levelname": "INFO", "message": "", "url": "/api/v1/payment_intake_matching/matching/dashboard/recent", "method": "GET", "process_time": 7.965315103530884, "taskName": "Task-1899"}
{"asctime": "2026-03-03 16:49:08,990", "levelname": "INFO", "message": "HTTP Request: GET http://localhost:8001/api/v1/users/auth/me \"HTTP/1.1 200 OK\"", "url": null, "method": null, "process_time": null, "taskName": "Task-1916"}
{"asctime": "2026-03-03 16:49:10,027", "levelname": "INFO", "message": "HTTP Request: GET http://localhost:8002/api/v1/payment_intake_matching/documents/1/invoices \"HTTP/1.1 200 OK\"", "url": null, "method": null, "process_time": null, "taskName": "starlette.middleware.base.BaseHTTPMiddleware.__call__.<locals>.call_next.<locals>.coro"}
{"asctime": "2026-03-03 16:49:10,035", "levelname": "INFO", "message": "HTTP Request: GET http://localhost:8001/api/v1/users/auth/me \"HTTP/1.1 200 OK\"", "url": null, "method": null, "process_time": null, "taskName": "Task-1919"}
{"asctime": "2026-03-03 16:49:10,037", "levelname": "INFO", "message": "HTTP Request: GET http://localhost:8001/api/v1/users/auth/me \"HTTP/1.1 200 OK\"", "url": null, "method": null, "process_time": null, "taskName": "Task-1917"}
{"asctime": "2026-03-03 16:49:10,039", "levelname": "INFO", "message": "HTTP Request: GET http://localhost:8001/api/v1/users/auth/me \"HTTP/1.1 200 OK\"", "url": null, "method": null, "process_time": null, "taskName": "Task-1918"}
{"asctime": "2026-03-03 16:49:10,058", "levelname": "INFO", "message": "", "url": "/api/v1/payment_intake_matching/documents/1/invoices", "method": "GET", "process_time": 3.4554409980773926, "taskName": "Task-1909"}
{"asctime": "2026-03-03 16:49:15,306", "levelname": "INFO", "message": "HTTP Request: GET http://localhost:8001/api/v1/users/auth/me \"HTTP/1.1 200 OK\"", "url": null, "method": null, "process_time": null, "taskName": "Task-1954"}
{"asctime": "2026-03-03 16:49:16,319", "levelname": "INFO", "message": "HTTP Request: GET http://localhost:8002/api/v1/payment_intake_matching/documents/6/invoices \"HTTP/1.1 200 OK\"", "url": null, "method": null, "process_time": null, "taskName": "starlette.middleware.base.BaseHTTPMiddleware.__call__.<locals>.call_next.<locals>.coro"}
{"asctime": "2026-03-03 16:49:16,321", "levelname": "INFO", "message": "HTTP Request: GET http://localhost:8002/api/v1/payment_intake_matching/documents/3/invoices \"HTTP/1.1 200 OK\"", "url": null, "method": null, "process_time": null, "taskName": "starlette.middleware.base.BaseHTTPMiddleware.__call__.<locals>.call_next.<locals>.coro"}
{"asctime": "2026-03-03 16:49:16,321", "levelname": "INFO", "message": "HTTP Request: GET http://localhost:8002/api/v1/payment_intake_matching/documents/4/invoices \"HTTP/1.1 200 OK\"", "url": null, "method": null, "process_time": null, "taskName": "starlette.middleware.base.BaseHTTPMiddleware.__call__.<locals>.call_next.<locals>.coro"}
{"asctime": "2026-03-03 16:49:16,322", "levelname": "INFO", "message": "HTTP Request: GET http://localhost:8002/api/v1/payment_intake_matching/documents/5/invoices \"HTTP/1.1 200 OK\"", "url": null, "method": null, "process_time": null, "taskName": "starlette.middleware.base.BaseHTTPMiddleware.__call__.<locals>.call_next.<locals>.coro"}
{"asctime": "2026-03-03 16:49:16,343", "levelname": "INFO", "message": "", "url": "/api/v1/payment_intake_matching/documents/6/invoices", "method": "GET", "process_time": 6.272939920425415, "taskName": "Task-1917"}
{"asctime": "2026-03-03 16:49:16,353", "levelname": "INFO", "message": "", "url": "/api/v1/payment_intake_matching/documents/3/invoices", "method": "GET", "process_time": 6.281537055969238, "taskName": "Task-1918"}
{"asctime": "2026-03-03 16:49:16,368", "levelname": "INFO", "message": "", "url": "/api/v1/payment_intake_matching/documents/4/invoices", "method": "GET", "process_time": 7.364094495773315, "taskName": "Task-1916"}
{"asctime": "2026-03-03 16:49:16,379", "levelname": "INFO", "message": "", "url": "/api/v1/payment_intake_matching/documents/5/invoices", "method": "GET", "process_time": 6.312917709350586, "taskName": "Task-1919"}
{"asctime": "2026-03-03 16:49:19,567", "levelname": "INFO", "message": "HTTP Request: GET http://localhost:8001/api/v1/users/auth/me \"HTTP/1.1 200 OK\"", "url": null, "method": null, "process_time": null, "taskName": "Task-1958"}
{"asctime": "2026-03-03 16:49:20,557", "levelname": "INFO", "message": "HTTP Request: GET http://localhost:8002/api/v1/payment_intake_matching/documents/8/invoices \"HTTP/1.1 200 OK\"", "url": null, "method": null, "process_time": null, "taskName": "starlette.middleware.base.BaseHTTPMiddleware.__call__.<locals>.call_next.<locals>.coro"}
{"asctime": "2026-03-03 16:49:20,565", "levelname": "INFO", "message": "HTTP Request: GET http://localhost:8001/api/v1/users/auth/me \"HTTP/1.1 200 OK\"", "url": null, "method": null, "process_time": null, "taskName": "Task-1973"}
{"asctime": "2026-03-03 16:49:20,570", "levelname": "INFO", "message": "", "url": "/api/v1/payment_intake_matching/documents/8/invoices", "method": "GET", "process_time": 5.260375738143921, "taskName": "Task-1954"}
{"asctime": "2026-03-03 16:49:21,609", "levelname": "INFO", "message": "HTTP Request: GET http://localhost:8001/api/v1/users/auth/me \"HTTP/1.1 200 OK\"", "url": null, "method": null, "process_time": null, "taskName": "Task-1975"}
{"asctime": "2026-03-03 16:49:21,612", "levelname": "INFO", "message": "HTTP Request: GET http://localhost:8001/api/v1/users/auth/me \"HTTP/1.1 200 OK\"", "url": null, "method": null, "process_time": null, "taskName": "Task-1974"}
{"asctime": "2026-03-03 16:49:24,787", "levelname": "INFO", "message": "HTTP Request: GET http://localhost:8002/api/v1/payment_intake_matching/matching/dashboard/summary \"HTTP/1.1 200 OK\"", "url": null, "method": null, "process_time": null, "taskName": "starlette.middleware.base.BaseHTTPMiddleware.__call__.<locals>.call_next.<locals>.coro"}
{"asctime": "2026-03-03 16:49:24,790", "levelname": "INFO", "message": "", "url": "/api/v1/payment_intake_matching/matching/dashboard/summary", "method": "GET", "process_time": 5.215569972991943, "taskName": "Task-1958"}
{"asctime": "2026-03-03 16:49:25,065", "levelname": "INFO", "message": "HTTP Request: GET http://localhost:8002/api/v1/payment_intake_matching/matching/dashboard/unmatched-invoices \"HTTP/1.1 200 OK\"", "url": null, "method": null, "process_time": null, "taskName": "starlette.middleware.base.BaseHTTPMiddleware.__call__.<locals>.call_next.<locals>.coro"}
{"asctime": "2026-03-03 16:49:25,069", "levelname": "INFO", "message": "", "url": "/api/v1/payment_intake_matching/matching/dashboard/unmatched-invoices", "method": "GET", "process_time": 3.456800937652588, "taskName": "Task-1975"}
{"asctime": "2026-03-03 16:49:25,073", "levelname": "INFO", "message": "HTTP Request: GET http://localhost:8002/api/v1/payment_intake_matching/matching/dashboard/recent?limit=10 \"HTTP/1.1 200 OK\"", "url": null, "method": null, "process_time": null, "taskName": "starlette.middleware.base.BaseHTTPMiddleware.__call__.<locals>.call_next.<locals>.coro"}
{"asctime": "2026-03-03 16:49:25,090", "levelname": "INFO", "message": "HTTP Request: GET http://localhost:8002/api/v1/payment_intake_matching/matching/dashboard/unmatched-payments \"HTTP/1.1 200 OK\"", "url": null, "method": null, "process_time": null, "taskName": "starlette.middleware.base.BaseHTTPMiddleware.__call__.<locals>.call_next.<locals>.coro"}
{"asctime": "2026-03-03 16:49:25,098", "levelname": "INFO", "message": "", "url": "/api/v1/payment_intake_matching/matching/dashboard/recent", "method": "GET", "process_time": 4.51367974281311, "taskName": "Task-1973"}
{"asctime": "2026-03-03 16:49:25,113", "levelname": "INFO", "message": "", "url": "/api/v1/payment_intake_matching/matching/dashboard/unmatched-payments", "method": "GET", "process_time": 2.435225486755371, "taskName": "Task-1974"}
{"asctime": "2026-03-03 16:50:07,786", "levelname": "INFO", "message": "HTTP Request: GET http://localhost:8001/api/v1/users/auth/me \"HTTP/1.1 200 OK\"", "url": null, "method": null, "process_time": null, "taskName": "Task-2012"}
{"asctime": "2026-03-03 16:50:08,832", "levelname": "INFO", "message": "HTTP Request: GET http://localhost:8001/api/v1/users/auth/me \"HTTP/1.1 200 OK\"", "url": null, "method": null, "process_time": null, "taskName": "Task-2014"}
{"asctime": "2026-03-03 16:50:08,836", "levelname": "INFO", "message": "HTTP Request: GET http://localhost:8001/api/v1/users/auth/me \"HTTP/1.1 200 OK\"", "url": null, "method": null, "process_time": null, "taskName": "Task-2013"}
{"asctime": "2026-03-03 16:50:08,836", "levelname": "INFO", "message": "HTTP Request: GET http://localhost:8001/api/v1/users/auth/me \"HTTP/1.1 200 OK\"", "url": null, "method": null, "process_time": null, "taskName": "Task-2011"}
{"asctime": "2026-03-03 16:50:12,605", "levelname": "INFO", "message": "HTTP Request: GET http://localhost:8002/api/v1/payment_intake_matching/matching/dashboard/unmatched-payments \"HTTP/1.1 200 OK\"", "url": null, "method": null, "process_time": null, "taskName": "starlette.middleware.base.BaseHTTPMiddleware.__call__.<locals>.call_next.<locals>.coro"}
{"asctime": "2026-03-03 16:50:12,608", "levelname": "INFO", "message": "", "url": "/api/v1/payment_intake_matching/matching/dashboard/unmatched-payments", "method": "GET", "process_time": 2.591048240661621, "taskName": "Task-2013"}
{"asctime": "2026-03-03 16:50:12,610", "levelname": "INFO", "message": "HTTP Request: GET http://localhost:8002/api/v1/payment_intake_matching/matching/dashboard/recent?limit=10 \"HTTP/1.1 200 OK\"", "url": null, "method": null, "process_time": null, "taskName": "starlette.middleware.base.BaseHTTPMiddleware.__call__.<locals>.call_next.<locals>.coro"}
{"asctime": "2026-03-03 16:50:12,621", "levelname": "INFO", "message": "HTTP Request: GET http://localhost:8002/api/v1/payment_intake_matching/matching/dashboard/unmatched-invoices \"HTTP/1.1 200 OK\"", "url": null, "method": null, "process_time": null, "taskName": "starlette.middleware.base.BaseHTTPMiddleware.__call__.<locals>.call_next.<locals>.coro"}
{"asctime": "2026-03-03 16:50:12,623", "levelname": "INFO", "message": "HTTP Request: GET http://localhost:8002/api/v1/payment_intake_matching/matching/dashboard/summary \"HTTP/1.1 200 OK\"", "url": null, "method": null, "process_time": null, "taskName": "starlette.middleware.base.BaseHTTPMiddleware.__call__.<locals>.call_next.<locals>.coro"}
{"asctime": "2026-03-03 16:50:12,627", "levelname": "INFO", "message": "", "url": "/api/v1/payment_intake_matching/matching/dashboard/recent", "method": "GET", "process_time": 4.834427118301392, "taskName": "Task-2012"}
{"asctime": "2026-03-03 16:50:12,642", "levelname": "INFO", "message": "", "url": "/api/v1/payment_intake_matching/matching/dashboard/unmatched-invoices", "method": "GET", "process_time": 3.8048603534698486, "taskName": "Task-2014"}
{"asctime": "2026-03-03 16:50:12,650", "levelname": "INFO", "message": "", "url": "/api/v1/payment_intake_matching/matching/dashboard/summary", "method": "GET", "process_time": 2.632122278213501, "taskName": "Task-2011"}
{"asctime": "2026-03-03 16:54:13,941", "levelname": "INFO", "message": "HTTP Request: GET http://localhost:8001/api/v1/users/auth/me \"HTTP/1.1 200 OK\"", "url": null, "method": null, "process_time": null, "taskName": "Task-2049"}
{"asctime": "2026-03-03 16:54:15,222", "levelname": "INFO", "message": "HTTP Request: GET http://localhost:8002/api/v1/payment_intake_matching/matching/dashboard/recent?limit=200 \"HTTP/1.1 200 OK\"", "url": null, "method": null, "process_time": null, "taskName": "starlette.middleware.base.BaseHTTPMiddleware.__call__.<locals>.call_next.<locals>.coro"}
{"asctime": "2026-03-03 16:54:15,227", "levelname": "INFO", "message": "", "url": "/api/v1/payment_intake_matching/matching/dashboard/recent", "method": "GET", "process_time": 1.2832517623901367, "taskName": "Task-2049"}
{"asctime": "2026-03-03 16:55:32,793", "levelname": "INFO", "message": "HTTP Request: GET http://localhost:8001/api/v1/users/auth/me \"HTTP/1.1 200 OK\"", "url": null, "method": null, "process_time": null, "taskName": "Task-2065"}
{"asctime": "2026-03-03 16:55:32,928", "levelname": "INFO", "message": "HTTP Request: GET http://localhost:8001/api/v1/users/auth/me \"HTTP/1.1 200 OK\"", "url": null, "method": null, "process_time": null, "taskName": "Task-2066"}
{"asctime": "2026-03-03 16:55:36,343", "levelname": "INFO", "message": "HTTP Request: GET http://localhost:8001/api/v1/users/auth/me \"HTTP/1.1 200 OK\"", "url": null, "method": null, "process_time": null, "taskName": "Task-2064"}
{"asctime": "2026-03-03 16:55:36,344", "levelname": "INFO", "message": "HTTP Request: GET http://localhost:8001/api/v1/users/auth/me \"HTTP/1.1 200 OK\"", "url": null, "method": null, "process_time": null, "taskName": "Task-2063"}
{"asctime": "2026-03-03 16:55:38,723", "levelname": "INFO", "message": "HTTP Request: GET http://localhost:8002/api/v1/payment_intake_matching/matching/dashboard/unmatched-payments \"HTTP/1.1 200 OK\"", "url": null, "method": null, "process_time": null, "taskName": "starlette.middleware.base.BaseHTTPMiddleware.__call__.<locals>.call_next.<locals>.coro"}
{"asctime": "2026-03-03 16:55:38,737", "levelname": "INFO", "message": "", "url": "/api/v1/payment_intake_matching/matching/dashboard/unmatched-payments", "method": "GET", "process_time": 5.809168577194214, "taskName": "Task-2065"}
{"asctime": "2026-03-03 16:55:39,093", "levelname": "INFO", "message": "HTTP Request: GET http://localhost:8002/api/v1/payment_intake_matching/matching/dashboard/recent?limit=10 \"HTTP/1.1 200 OK\"", "url": null, "method": null, "process_time": null, "taskName": "starlette.middleware.base.BaseHTTPMiddleware.__call__.<locals>.call_next.<locals>.coro"}
{"asctime": "2026-03-03 16:55:39,190", "levelname": "INFO", "message": "", "url": "/api/v1/payment_intake_matching/matching/dashboard/recent", "method": "GET", "process_time": 2.8407490253448486, "taskName": "Task-2064"}
{"asctime": "2026-03-03 16:55:39,208", "levelname": "INFO", "message": "HTTP Request: GET http://localhost:8002/api/v1/payment_intake_matching/matching/dashboard/summary \"HTTP/1.1 200 OK\"", "url": null, "method": null, "process_time": null, "taskName": "starlette.middleware.base.BaseHTTPMiddleware.__call__.<locals>.call_next.<locals>.coro"}
{"asctime": "2026-03-03 16:55:39,644", "levelname": "INFO", "message": "HTTP Request: GET http://localhost:8002/api/v1/payment_intake_matching/matching/dashboard/unmatched-invoices \"HTTP/1.1 200 OK\"", "url": null, "method": null, "process_time": null, "taskName": "starlette.middleware.base.BaseHTTPMiddleware.__call__.<locals>.call_next.<locals>.coro"}
{"asctime": "2026-03-03 16:55:39,657", "levelname": "INFO", "message": "", "url": "/api/v1/payment_intake_matching/matching/dashboard/summary", "method": "GET", "process_time": 3.306612730026245, "taskName": "Task-2063"}
{"asctime": "2026-03-03 16:55:39,674", "levelname": "INFO", "message": "", "url": "/api/v1/payment_intake_matching/matching/dashboard/unmatched-invoices", "method": "GET", "process_time": 5.129667520523071, "taskName": "Task-2066"}
{"asctime": "2026-03-03 16:56:14,804", "levelname": "INFO", "message": "HTTP Request: GET http://localhost:8001/api/v1/users/auth/me \"HTTP/1.1 200 OK\"", "url": null, "method": null, "process_time": null, "taskName": "Task-2100"}
{"asctime": "2026-03-03 16:56:16,060", "levelname": "INFO", "message": "HTTP Request: GET http://localhost:8002/api/v1/payment_intake_matching/matching/dashboard/recent?limit=200 \"HTTP/1.1 200 OK\"", "url": null, "method": null, "process_time": null, "taskName": "starlette.middleware.base.BaseHTTPMiddleware.__call__.<locals>.call_next.<locals>.coro"}
{"asctime": "2026-03-03 16:56:16,065", "levelname": "INFO", "message": "", "url": "/api/v1/payment_intake_matching/matching/dashboard/recent", "method": "GET", "process_time": 1.257721185684204, "taskName": "Task-2100"}
{"asctime": "2026-03-03 16:56:20,889", "levelname": "INFO", "message": "HTTP Request: GET http://localhost:8001/api/v1/users/auth/me \"HTTP/1.1 200 OK\"", "url": null, "method": null, "process_time": null, "taskName": "Task-2109"}
{"asctime": "2026-03-03 16:56:22,090", "levelname": "INFO", "message": "HTTP Request: GET http://localhost:8002/api/v1/payment_intake_matching/aging/reminders \"HTTP/1.1 200 OK\"", "url": null, "method": null, "process_time": null, "taskName": "starlette.middleware.base.BaseHTTPMiddleware.__call__.<locals>.call_next.<locals>.coro"}
{"asctime": "2026-03-03 16:56:22,093", "levelname": "INFO", "message": "", "url": "/api/v1/payment_intake_matching/aging/reminders", "method": "GET", "process_time": 1.2019999027252197, "taskName": "Task-2109"}
{"asctime": "2026-03-03 16:59:14,383", "levelname": "INFO", "message": "HTTP Request: GET http://localhost:8001/api/v1/users/auth/me \"HTTP/1.1 200 OK\"", "url": null, "method": null, "process_time": null, "taskName": "Task-2122"}
{"asctime": "2026-03-03 16:59:15,424", "levelname": "INFO", "message": "HTTP Request: GET http://localhost:8001/api/v1/users/auth/me \"HTTP/1.1 200 OK\"", "url": null, "method": null, "process_time": null, "taskName": "Task-2123"}
{"asctime": "2026-03-03 16:59:17,719", "levelname": "INFO", "message": "HTTP Request: GET http://localhost:8001/api/v1/users/auth/me \"HTTP/1.1 200 OK\"", "url": null, "method": null, "process_time": null, "taskName": "Task-2124"}
{"asctime": "2026-03-03 16:59:18,694", "levelname": "INFO", "message": "HTTP Request: GET http://localhost:8001/api/v1/users/auth/me \"HTTP/1.1 200 OK\"", "url": null, "method": null, "process_time": null, "taskName": "Task-2129"}
{"asctime": "2026-03-03 16:59:18,696", "levelname": "INFO", "message": "HTTP Request: GET http://localhost:8001/api/v1/users/auth/me \"HTTP/1.1 200 OK\"", "url": null, "method": null, "process_time": null, "taskName": "Task-2125"}
{"asctime": "2026-03-03 16:59:25,743", "levelname": "INFO", "message": "HTTP Request: GET http://localhost:8002/api/v1/payment_intake_matching/matching/dashboard/summary \"HTTP/1.1 200 OK\"", "url": null, "method": null, "process_time": null, "taskName": "starlette.middleware.base.BaseHTTPMiddleware.__call__.<locals>.call_next.<locals>.coro"}
{"asctime": "2026-03-03 16:59:26,005", "levelname": "INFO", "message": "HTTP Request: GET http://localhost:8001/api/v1/users/auth/me \"HTTP/1.1 200 OK\"", "url": null, "method": null, "process_time": null, "taskName": "Task-2159"}
{"asctime": "2026-03-03 16:59:26,129", "levelname": "INFO", "message": "", "url": "/api/v1/payment_intake_matching/matching/dashboard/summary", "method": "GET", "process_time": 11.741270542144775, "taskName": "Task-2122"}
{"asctime": "2026-03-03 16:59:28,442", "levelname": "INFO", "message": "HTTP Request: GET http://localhost:8002/api/v1/payment_intake_matching/matching/dashboard/unmatched-invoices \"HTTP/1.1 200 OK\"", "url": null, "method": null, "process_time": null, "taskName": "starlette.middleware.base.BaseHTTPMiddleware.__call__.<locals>.call_next.<locals>.coro"}
{"asctime": "2026-03-03 16:59:28,454", "levelname": "INFO", "message": "HTTP Request: GET http://localhost:8002/api/v1/payment_intake_matching/matching/dashboard/recent?limit=200 \"HTTP/1.1 200 OK\"", "url": null, "method": null, "process_time": null, "taskName": "starlette.middleware.base.BaseHTTPMiddleware.__call__.<locals>.call_next.<locals>.coro"}
{"asctime": "2026-03-03 16:59:28,456", "levelname": "INFO", "message": "HTTP Request: GET http://localhost:8002/api/v1/payment_intake_matching/matching/dashboard/recent?limit=10 \"HTTP/1.1 200 OK\"", "url": null, "method": null, "process_time": null, "taskName": "starlette.middleware.base.BaseHTTPMiddleware.__call__.<locals>.call_next.<locals>.coro"}
{"asctime": "2026-03-03 16:59:29,753", "levelname": "INFO", "message": "HTTP Request: GET http://localhost:8002/api/v1/payment_intake_matching/matching/dashboard/unmatched-payments \"HTTP/1.1 200 OK\"", "url": null, "method": null, "process_time": null, "taskName": "starlette.middleware.base.BaseHTTPMiddleware.__call__.<locals>.call_next.<locals>.coro"}
{"asctime": "2026-03-03 16:59:29,757", "levelname": "INFO", "message": "", "url": "/api/v1/payment_intake_matching/matching/dashboard/unmatched-invoices", "method": "GET", "process_time": 14.328630685806274, "taskName": "Task-2123"}
{"asctime": "2026-03-03 16:59:29,757", "levelname": "INFO", "message": "", "url": "/api/v1/payment_intake_matching/matching/dashboard/recent", "method": "GET", "process_time": 11.051239490509033, "taskName": "Task-2129"}
{"asctime": "2026-03-03 16:59:29,760", "levelname": "INFO", "message": "", "url": "/api/v1/payment_intake_matching/matching/dashboard/recent", "method": "GET", "process_time": 12.038224458694458, "taskName": "Task-2124"}
{"asctime": "2026-03-03 16:59:29,760", "levelname": "INFO", "message": "", "url": "/api/v1/payment_intake_matching/matching/dashboard/unmatched-payments", "method": "GET", "process_time": 11.053401231765747, "taskName": "Task-2125"}
{"asctime": "2026-03-03 16:59:33,678", "levelname": "INFO", "message": "HTTP Request: GET http://localhost:8001/api/v1/users/auth/me \"HTTP/1.1 200 OK\"", "url": null, "method": null, "process_time": null, "taskName": "Task-2176"}
{"asctime": "2026-03-03 16:59:34,693", "levelname": "INFO", "message": "HTTP Request: GET http://localhost:8002/api/v1/payment_intake_matching/documents/ \"HTTP/1.1 200 OK\"", "url": null, "method": null, "process_time": null, "taskName": "starlette.middleware.base.BaseHTTPMiddleware.__call__.<locals>.call_next.<locals>.coro"}
{"asctime": "2026-03-03 16:59:34,703", "levelname": "INFO", "message": "", "url": "/api/v1/payment_intake_matching/documents/", "method": "GET", "process_time": 8.436101198196411, "taskName": "Task-2159"}
{"asctime": "2026-03-03 16:59:35,483", "levelname": "INFO", "message": "HTTP Request: GET http://localhost:8001/api/v1/users/auth/me \"HTTP/1.1 200 OK\"", "url": null, "method": null, "process_time": null, "taskName": "Task-2179"}
{"asctime": "2026-03-03 16:59:35,484", "levelname": "INFO", "message": "HTTP Request: GET http://localhost:8001/api/v1/users/auth/me \"HTTP/1.1 200 OK\"", "url": null, "method": null, "process_time": null, "taskName": "Task-2182"}
{"asctime": "2026-03-03 16:59:35,485", "levelname": "INFO", "message": "HTTP Request: GET http://localhost:8001/api/v1/users/auth/me \"HTTP/1.1 200 OK\"", "url": null, "method": null, "process_time": null, "taskName": "Task-2180"}
{"asctime": "2026-03-03 16:59:35,486", "levelname": "INFO", "message": "HTTP Request: GET http://localhost:8001/api/v1/users/auth/me \"HTTP/1.1 200 OK\"", "url": null, "method": null, "process_time": null, "taskName": "Task-2181"}
{"asctime": "2026-03-03 16:59:39,090", "levelname": "INFO", "message": "HTTP Request: GET http://localhost:8001/api/v1/users/auth/me \"HTTP/1.1 200 OK\"", "url": null, "method": null, "process_time": null, "taskName": "Task-2198"}
{"asctime": "2026-03-03 16:59:40,719", "levelname": "INFO", "message": "HTTP Request: GET http://localhost:8002/api/v1/payment_intake_matching/aging/reminders \"HTTP/1.1 200 OK\"", "url": null, "method": null, "process_time": null, "taskName": "starlette.middleware.base.BaseHTTPMiddleware.__call__.<locals>.call_next.<locals>.coro"}
{"asctime": "2026-03-03 16:59:40,727", "levelname": "INFO", "message": "", "url": "/api/v1/payment_intake_matching/aging/reminders", "method": "GET", "process_time": 7.046610593795776, "taskName": "Task-2176"}
{"asctime": "2026-03-03 16:59:41,634", "levelname": "INFO", "message": "HTTP Request: GET http://localhost:8002/api/v1/payment_intake_matching/matching/dashboard/recent?limit=200 \"HTTP/1.1 200 OK\"", "url": null, "method": null, "process_time": null, "taskName": "starlette.middleware.base.BaseHTTPMiddleware.__call__.<locals>.call_next.<locals>.coro"}
{"asctime": "2026-03-03 16:59:41,636", "levelname": "INFO", "message": "", "url": "/api/v1/payment_intake_matching/matching/dashboard/recent", "method": "GET", "process_time": 6.145677804946899, "taskName": "Task-2181"}
{"asctime": "2026-03-03 16:59:41,638", "levelname": "INFO", "message": "HTTP Request: GET http://localhost:8002/api/v1/payment_intake_matching/matching/dashboard/recent?limit=10 \"HTTP/1.1 200 OK\"", "url": null, "method": null, "process_time": null, "taskName": "starlette.middleware.base.BaseHTTPMiddleware.__call__.<locals>.call_next.<locals>.coro"}
{"asctime": "2026-03-03 16:59:42,438", "levelname": "INFO", "message": "HTTP Request: GET http://localhost:8002/api/v1/payment_intake_matching/matching/dashboard/unmatched-invoices \"HTTP/1.1 200 OK\"", "url": null, "method": null, "process_time": null, "taskName": "starlette.middleware.base.BaseHTTPMiddleware.__call__.<locals>.call_next.<locals>.coro"}
{"asctime": "2026-03-03 16:59:42,441", "levelname": "INFO", "message": "HTTP Request: GET http://localhost:8002/api/v1/payment_intake_matching/matching/dashboard/unmatched-payments \"HTTP/1.1 200 OK\"", "url": null, "method": null, "process_time": null, "taskName": "starlette.middleware.base.BaseHTTPMiddleware.__call__.<locals>.call_next.<locals>.coro"}
{"asctime": "2026-03-03 16:59:42,443", "levelname": "INFO", "message": "HTTP Request: GET http://localhost:8002/api/v1/payment_intake_matching/matching/dashboard/summary \"HTTP/1.1 200 OK\"", "url": null, "method": null, "process_time": null, "taskName": "starlette.middleware.base.BaseHTTPMiddleware.__call__.<locals>.call_next.<locals>.coro"}
{"asctime": "2026-03-03 16:59:42,444", "levelname": "INFO", "message": "", "url": "/api/v1/payment_intake_matching/matching/dashboard/recent", "method": "GET", "process_time": 6.954770803451538, "taskName": "Task-2180"}
{"asctime": "2026-03-03 16:59:42,450", "levelname": "INFO", "message": "", "url": "/api/v1/payment_intake_matching/matching/dashboard/unmatched-invoices", "method": "GET", "process_time": 6.9604949951171875, "taskName": "Task-2182"}
{"asctime": "2026-03-03 16:59:42,460", "levelname": "INFO", "message": "", "url": "/api/v1/payment_intake_matching/matching/dashboard/unmatched-payments", "method": "GET", "process_time": 3.362471103668213, "taskName": "Task-2198"}
{"asctime": "2026-03-03 16:59:42,463", "levelname": "INFO", "message": "", "url": "/api/v1/payment_intake_matching/matching/dashboard/summary", "method": "GET", "process_time": 6.9735143184661865, "taskName": "Task-2179"}
{"asctime": "2026-03-03 16:59:45,492", "levelname": "INFO", "message": "HTTP Request: GET http://localhost:8001/api/v1/users/auth/me \"HTTP/1.1 200 OK\"", "url": null, "method": null, "process_time": null, "taskName": "Task-2231"}
{"asctime": "2026-03-03 16:59:46,304", "levelname": "INFO", "message": "HTTP Request: GET http://localhost:8001/api/v1/users/auth/me \"HTTP/1.1 200 OK\"", "url": null, "method": null, "process_time": null, "taskName": "Task-2234"}
{"asctime": "2026-03-03 16:59:47,306", "levelname": "INFO", "message": "HTTP Request: GET http://localhost:8001/api/v1/users/auth/me \"HTTP/1.1 200 OK\"", "url": null, "method": null, "process_time": null, "taskName": "Task-2240"}
{"asctime": "2026-03-03 16:59:48,403", "levelname": "INFO", "message": "HTTP Request: GET http://localhost:8001/api/v1/users/auth/me \"HTTP/1.1 200 OK\"", "url": null, "method": null, "process_time": null, "taskName": "Task-2237"}
{"asctime": "2026-03-03 16:59:48,404", "levelname": "INFO", "message": "HTTP Request: GET http://localhost:8001/api/v1/users/auth/me \"HTTP/1.1 200 OK\"", "url": null, "method": null, "process_time": null, "taskName": "Task-2238"}
{"asctime": "2026-03-03 16:59:48,405", "levelname": "INFO", "message": "HTTP Request: GET http://localhost:8001/api/v1/users/auth/me \"HTTP/1.1 200 OK\"", "url": null, "method": null, "process_time": null, "taskName": "Task-2239"}
{"asctime": "2026-03-03 16:59:51,001", "levelname": "INFO", "message": "HTTP Request: GET http://localhost:8002/api/v1/payment_intake_matching/documents/1/invoices \"HTTP/1.1 200 OK\"", "url": null, "method": null, "process_time": null, "taskName": "starlette.middleware.base.BaseHTTPMiddleware.__call__.<locals>.call_next.<locals>.coro"}
{"asctime": "2026-03-03 16:59:51,003", "levelname": "INFO", "message": "", "url": "/api/v1/payment_intake_matching/documents/1/invoices", "method": "GET", "process_time": 4.651223182678223, "taskName": "Task-2234"}
{"asctime": "2026-03-03 16:59:51,007", "levelname": "INFO", "message": "HTTP Request: GET http://localhost:8002/api/v1/payment_intake_matching/documents/ \"HTTP/1.1 200 OK\"", "url": null, "method": null, "process_time": null, "taskName": "starlette.middleware.base.BaseHTTPMiddleware.__call__.<locals>.call_next.<locals>.coro"}
{"asctime": "2026-03-03 16:59:52,974", "levelname": "INFO", "message": "", "url": "/api/v1/payment_intake_matching/documents/", "method": "GET", "process_time": 7.4782984256744385, "taskName": "Task-2231"}
{"asctime": "2026-03-03 16:59:53,743", "levelname": "INFO", "message": "HTTP Request: GET http://localhost:8001/api/v1/users/auth/me \"HTTP/1.1 200 OK\"", "url": null, "method": null, "process_time": null, "taskName": "Task-2282"}
{"asctime": "2026-03-03 16:59:54,560", "levelname": "INFO", "message": "HTTP Request: GET http://localhost:8002/api/v1/payment_intake_matching/documents/5/invoices \"HTTP/1.1 200 OK\"", "url": null, "method": null, "process_time": null, "taskName": "starlette.middleware.base.BaseHTTPMiddleware.__call__.<locals>.call_next.<locals>.coro"}
{"asctime": "2026-03-03 16:59:54,562", "levelname": "INFO", "message": "HTTP Request: GET http://localhost:8002/api/v1/payment_intake_matching/documents/4/invoices \"HTTP/1.1 200 OK\"", "url": null, "method": null, "process_time": null, "taskName": "starlette.middleware.base.BaseHTTPMiddleware.__call__.<locals>.call_next.<locals>.coro"}
{"asctime": "2026-03-03 16:59:54,587", "levelname": "INFO", "message": "HTTP Request: GET http://localhost:8002/api/v1/payment_intake_matching/documents/6/invoices \"HTTP/1.1 200 OK\"", "url": null, "method": null, "process_time": null, "taskName": "starlette.middleware.base.BaseHTTPMiddleware.__call__.<locals>.call_next.<locals>.coro"}
{"asctime": "2026-03-03 16:59:54,590", "levelname": "INFO", "message": "HTTP Request: GET http://localhost:8002/api/v1/payment_intake_matching/documents/3/invoices \"HTTP/1.1 200 OK\"", "url": null, "method": null, "process_time": null, "taskName": "starlette.middleware.base.BaseHTTPMiddleware.__call__.<locals>.call_next.<locals>.coro"}
{"asctime": "2026-03-03 16:59:55,079", "levelname": "INFO", "message": "", "url": "/api/v1/payment_intake_matching/documents/5/invoices", "method": "GET", "process_time": 7.770911693572998, "taskName": "Task-2240"}
{"asctime": "2026-03-03 16:59:55,086", "levelname": "INFO", "message": "", "url": "/api/v1/payment_intake_matching/documents/4/invoices", "method": "GET", "process_time": 6.677834510803223, "taskName": "Task-2238"}
{"asctime": "2026-03-03 16:59:55,250", "levelname": "INFO", "message": "", "url": "/api/v1/payment_intake_matching/documents/6/invoices", "method": "GET", "process_time": 6.841986656188965, "taskName": "Task-2239"}
{"asctime": "2026-03-03 16:59:55,251", "levelname": "INFO", "message": "", "url": "/api/v1/payment_intake_matching/documents/3/invoices", "method": "GET", "process_time": 6.843996524810791, "taskName": "Task-2237"}
{"asctime": "2026-03-03 16:59:56,623", "levelname": "INFO", "message": "HTTP Request: GET http://localhost:8001/api/v1/users/auth/me \"HTTP/1.1 200 OK\"", "url": null, "method": null, "process_time": null, "taskName": "Task-2288"}
{"asctime": "2026-03-03 16:59:57,563", "levelname": "INFO", "message": "HTTP Request: GET http://localhost:8001/api/v1/users/auth/me \"HTTP/1.1 200 OK\"", "url": null, "method": null, "process_time": null, "taskName": "Task-2297"}
{"asctime": "2026-03-03 16:59:58,324", "levelname": "INFO", "message": "HTTP Request: GET http://localhost:8002/api/v1/payment_intake_matching/documents/7/invoices \"HTTP/1.1 200 OK\"", "url": null, "method": null, "process_time": null, "taskName": "starlette.middleware.base.BaseHTTPMiddleware.__call__.<locals>.call_next.<locals>.coro"}
{"asctime": "2026-03-03 16:59:58,342", "levelname": "INFO", "message": "", "url": "/api/v1/payment_intake_matching/documents/7/invoices", "method": "GET", "process_time": 4.59683895111084, "taskName": "Task-2282"}
{"asctime": "2026-03-03 16:59:58,360", "levelname": "INFO", "message": "HTTP Request: GET http://localhost:8002/api/v1/payment_intake_matching/documents/8/invoices \"HTTP/1.1 200 OK\"", "url": null, "method": null, "process_time": null, "taskName": "starlette.middleware.base.BaseHTTPMiddleware.__call__.<locals>.call_next.<locals>.coro"}
{"asctime": "2026-03-03 16:59:58,361", "levelname": "INFO", "message": "", "url": "/api/v1/payment_intake_matching/documents/8/invoices", "method": "GET", "process_time": 1.7351126670837402, "taskName": "Task-2288"}
{"asctime": "2026-03-03 16:59:58,627", "levelname": "INFO", "message": "HTTP Request: GET http://localhost:8002/api/v1/payment_intake_matching/documents/2/payments \"HTTP/1.1 200 OK\"", "url": null, "method": null, "process_time": null, "taskName": "starlette.middleware.base.BaseHTTPMiddleware.__call__.<locals>.call_next.<locals>.coro"}
{"asctime": "2026-03-03 16:59:58,628", "levelname": "INFO", "message": "", "url": "/api/v1/payment_intake_matching/documents/2/payments", "method": "GET", "process_time": 1.0609877109527588, "taskName": "Task-2297"}
{"asctime": "2026-03-03 17:18:51,795", "levelname": "INFO", "message": "HTTP Request: GET http://localhost:8001/api/v1/users/auth/me \"HTTP/1.1 200 OK\"", "url": null, "method": null, "process_time": null, "taskName": "Task-2314"}
{"asctime": "2026-03-03 17:18:52,914", "levelname": "INFO", "message": "HTTP Request: GET http://localhost:8001/api/v1/users/auth/me \"HTTP/1.1 200 OK\"", "url": null, "method": null, "process_time": null, "taskName": "starlette.middleware.base.BaseHTTPMiddleware.__call__.<locals>.call_next.<locals>.coro"}
{"asctime": "2026-03-03 17:18:52,919", "levelname": "INFO", "message": "", "url": "/api/v1/users/auth/me", "method": "GET", "process_time": 1.1066205501556396, "taskName": "Task-2314"}
{"asctime": "2026-03-03 17:18:54,573", "levelname": "INFO", "message": "HTTP Request: GET http://localhost:8001/api/v1/users/auth/me \"HTTP/1.1 200 OK\"", "url": null, "method": null, "process_time": null, "taskName": "Task-2324"}
{"asctime": "2026-03-03 17:18:55,247", "levelname": "INFO", "message": "HTTP Request: GET http://localhost:8002/api/v1/payment_intake_matching/aging/reminders \"HTTP/1.1 200 OK\"", "url": null, "method": null, "process_time": null, "taskName": "starlette.middleware.base.BaseHTTPMiddleware.__call__.<locals>.call_next.<locals>.coro"}
{"asctime": "2026-03-03 17:18:55,256", "levelname": "INFO", "message": "", "url": "/api/v1/payment_intake_matching/aging/reminders", "method": "GET", "process_time": 0.6809368133544922, "taskName": "Task-2324"}
{"asctime": "2026-03-03 17:19:02,732", "levelname": "INFO", "message": "HTTP Request: GET http://localhost:8001/api/v1/users/auth/me \"HTTP/1.1 200 OK\"", "url": null, "method": null, "process_time": null, "taskName": "Task-2333"}
{"asctime": "2026-03-03 17:19:03,711", "levelname": "INFO", "message": "HTTP Request: GET http://localhost:8001/api/v1/users/auth/me \"HTTP/1.1 200 OK\"", "url": null, "method": null, "process_time": null, "taskName": "Task-2338"}
{"asctime": "2026-03-03 17:19:04,707", "levelname": "INFO", "message": "HTTP Request: GET http://localhost:8001/api/v1/users/auth/me \"HTTP/1.1 200 OK\"", "url": null, "method": null, "process_time": null, "taskName": "Task-2334"}
{"asctime": "2026-03-03 17:19:04,710", "levelname": "INFO", "message": "HTTP Request: GET http://localhost:8001/api/v1/users/auth/me \"HTTP/1.1 200 OK\"", "url": null, "method": null, "process_time": null, "taskName": "Task-2339"}
{"asctime": "2026-03-03 17:19:06,704", "levelname": "INFO", "message": "HTTP Request: GET http://localhost:8002/api/v1/payment_intake_matching/matching/dashboard/recent?limit=10 \"HTTP/1.1 200 OK\"", "url": null, "method": null, "process_time": null, "taskName": "starlette.middleware.base.BaseHTTPMiddleware.__call__.<locals>.call_next.<locals>.coro"}
{"asctime": "2026-03-03 17:19:06,708", "levelname": "INFO", "message": "", "url": "/api/v1/payment_intake_matching/matching/dashboard/recent", "method": "GET", "process_time": 3.9620766639709473, "taskName": "Task-2333"}
{"asctime": "2026-03-03 17:19:06,923", "levelname": "INFO", "message": "HTTP Request: GET http://localhost:8002/api/v1/payment_intake_matching/matching/dashboard/summary \"HTTP/1.1 200 OK\"", "url": null, "method": null, "process_time": null, "taskName": "starlette.middleware.base.BaseHTTPMiddleware.__call__.<locals>.call_next.<locals>.coro"}
{"asctime": "2026-03-03 17:19:06,932", "levelname": "INFO", "message": "", "url": "/api/v1/payment_intake_matching/matching/dashboard/summary", "method": "GET", "process_time": 3.217705726623535, "taskName": "Task-2338"}
{"asctime": "2026-03-03 17:19:06,978", "levelname": "INFO", "message": "HTTP Request: GET http://localhost:8002/api/v1/payment_intake_matching/matching/dashboard/unmatched-payments \"HTTP/1.1 200 OK\"", "url": null, "method": null, "process_time": null, "taskName": "starlette.middleware.base.BaseHTTPMiddleware.__call__.<locals>.call_next.<locals>.coro"}
{"asctime": "2026-03-03 17:19:07,112", "levelname": "INFO", "message": "", "url": "/api/v1/payment_intake_matching/matching/dashboard/unmatched-payments", "method": "GET", "process_time": 2.401794910430908, "taskName": "Task-2334"}
{"asctime": "2026-03-03 17:19:07,173", "levelname": "INFO", "message": "HTTP Request: GET http://localhost:8002/api/v1/payment_intake_matching/matching/dashboard/unmatched-invoices \"HTTP/1.1 200 OK\"", "url": null, "method": null, "process_time": null, "taskName": "starlette.middleware.base.BaseHTTPMiddleware.__call__.<locals>.call_next.<locals>.coro"}
{"asctime": "2026-03-03 17:19:07,241", "levelname": "INFO", "message": "", "url": "/api/v1/payment_intake_matching/matching/dashboard/unmatched-invoices", "method": "GET", "process_time": 1.5440974235534668, "taskName": "Task-2339"}
{"asctime": "2026-03-03 17:19:34,672", "levelname": "INFO", "message": "HTTP Request: GET http://localhost:8001/api/v1/users/auth/me \"HTTP/1.1 200 OK\"", "url": null, "method": null, "process_time": null, "taskName": "Task-2374"}
{"asctime": "2026-03-03 17:19:35,737", "levelname": "INFO", "message": "HTTP Request: GET http://localhost:8001/api/v1/users/auth/me \"HTTP/1.1 200 OK\"", "url": null, "method": null, "process_time": null, "taskName": "Task-2376"}
{"asctime": "2026-03-03 17:19:36,485", "levelname": "INFO", "message": "HTTP Request: GET http://localhost:8001/api/v1/users/auth/me \"HTTP/1.1 200 OK\"", "url": null, "method": null, "process_time": null, "taskName": "Task-2380"}
{"asctime": "2026-03-03 17:19:36,487", "levelname": "INFO", "message": "HTTP Request: GET http://localhost:8001/api/v1/users/auth/me \"HTTP/1.1 200 OK\"", "url": null, "method": null, "process_time": null, "taskName": "Task-2375"}
{"asctime": "2026-03-03 17:19:38,557", "levelname": "INFO", "message": "HTTP Request: GET http://localhost:8002/api/v1/payment_intake_matching/matching/dashboard/summary \"HTTP/1.1 200 OK\"", "url": null, "method": null, "process_time": null, "taskName": "starlette.middleware.base.BaseHTTPMiddleware.__call__.<locals>.call_next.<locals>.coro"}
{"asctime": "2026-03-03 17:19:38,559", "levelname": "INFO", "message": "", "url": "/api/v1/payment_intake_matching/matching/dashboard/summary", "method": "GET", "process_time": 3.8835537433624268, "taskName": "Task-2374"}
{"asctime": "2026-03-03 17:19:38,836", "levelname": "INFO", "message": "HTTP Request: GET http://localhost:8002/api/v1/payment_intake_matching/matching/dashboard/unmatched-invoices \"HTTP/1.1 200 OK\"", "url": null, "method": null, "process_time": null, "taskName": "starlette.middleware.base.BaseHTTPMiddleware.__call__.<locals>.call_next.<locals>.coro"}
{"asctime": "2026-03-03 17:19:38,840", "levelname": "INFO", "message": "HTTP Request: GET http://localhost:8002/api/v1/payment_intake_matching/matching/dashboard/recent?limit=10 \"HTTP/1.1 200 OK\"", "url": null, "method": null, "process_time": null, "taskName": "starlette.middleware.base.BaseHTTPMiddleware.__call__.<locals>.call_next.<locals>.coro"}
{"asctime": "2026-03-03 17:19:38,845", "levelname": "INFO", "message": "", "url": "/api/v1/payment_intake_matching/matching/dashboard/unmatched-invoices", "method": "GET", "process_time": 2.3532512187957764, "taskName": "Task-2380"}
{"asctime": "2026-03-03 17:19:38,875", "levelname": "INFO", "message": "", "url": "/api/v1/payment_intake_matching/matching/dashboard/recent", "method": "GET", "process_time": 3.135359525680542, "taskName": "Task-2376"}
{"asctime": "2026-03-03 17:19:38,938", "levelname": "INFO", "message": "HTTP Request: GET http://localhost:8002/api/v1/payment_intake_matching/matching/dashboard/unmatched-payments \"HTTP/1.1 200 OK\"", "url": null, "method": null, "process_time": null, "taskName": "starlette.middleware.base.BaseHTTPMiddleware.__call__.<locals>.call_next.<locals>.coro"}
{"asctime": "2026-03-03 17:19:38,944", "levelname": "INFO", "message": "", "url": "/api/v1/payment_intake_matching/matching/dashboard/unmatched-payments", "method": "GET", "process_time": 2.4518003463745117, "taskName": "Task-2375"}
{"asctime": "2026-03-03 17:20:01,596", "levelname": "INFO", "message": "HTTP Request: GET http://localhost:8001/api/v1/users/auth/me \"HTTP/1.1 200 OK\"", "url": null, "method": null, "process_time": null, "taskName": "Task-2412"}
{"asctime": "2026-03-03 17:20:02,424", "levelname": "INFO", "message": "HTTP Request: GET http://localhost:8001/api/v1/users/auth/me \"HTTP/1.1 200 OK\"", "url": null, "method": null, "process_time": null, "taskName": "Task-2417"}
{"asctime": "2026-03-03 17:20:03,248", "levelname": "INFO", "message": "HTTP Request: GET http://localhost:8001/api/v1/users/auth/me \"HTTP/1.1 200 OK\"", "url": null, "method": null, "process_time": null, "taskName": "Task-2419"}
{"asctime": "2026-03-03 17:20:03,251", "levelname": "INFO", "message": "HTTP Request: GET http://localhost:8001/api/v1/users/auth/me \"HTTP/1.1 200 OK\"", "url": null, "method": null, "process_time": null, "taskName": "Task-2418"}
{"asctime": "2026-03-03 17:20:05,081", "levelname": "INFO", "message": "HTTP Request: GET http://localhost:8002/api/v1/payment_intake_matching/matching/dashboard/summary \"HTTP/1.1 200 OK\"", "url": null, "method": null, "process_time": null, "taskName": "starlette.middleware.base.BaseHTTPMiddleware.__call__.<locals>.call_next.<locals>.coro"}
{"asctime": "2026-03-03 17:20:05,084", "levelname": "INFO", "message": "", "url": "/api/v1/payment_intake_matching/matching/dashboard/summary", "method": "GET", "process_time": 3.483994245529175, "taskName": "Task-2412"}
{"asctime": "2026-03-03 17:20:05,347", "levelname": "INFO", "message": "HTTP Request: GET http://localhost:8002/api/v1/payment_intake_matching/matching/dashboard/unmatched-invoices \"HTTP/1.1 200 OK\"", "url": null, "method": null, "process_time": null, "taskName": "starlette.middleware.base.BaseHTTPMiddleware.__call__.<locals>.call_next.<locals>.coro"}
{"asctime": "2026-03-03 17:20:05,351", "levelname": "INFO", "message": "HTTP Request: GET http://localhost:8002/api/v1/payment_intake_matching/matching/dashboard/recent?limit=10 \"HTTP/1.1 200 OK\"", "url": null, "method": null, "process_time": null, "taskName": "starlette.middleware.base.BaseHTTPMiddleware.__call__.<locals>.call_next.<locals>.coro"}
{"asctime": "2026-03-03 17:20:05,365", "levelname": "INFO", "message": "HTTP Request: GET http://localhost:8002/api/v1/payment_intake_matching/matching/dashboard/unmatched-payments \"HTTP/1.1 200 OK\"", "url": null, "method": null, "process_time": null, "taskName": "starlette.middleware.base.BaseHTTPMiddleware.__call__.<locals>.call_next.<locals>.coro"}
{"asctime": "2026-03-03 17:20:05,366", "levelname": "INFO", "message": "", "url": "/api/v1/payment_intake_matching/matching/dashboard/unmatched-invoices", "method": "GET", "process_time": 2.9397284984588623, "taskName": "Task-2417"}
{"asctime": "2026-03-03 17:20:05,374", "levelname": "INFO", "message": "", "url": "/api/v1/payment_intake_matching/matching/dashboard/recent", "method": "GET", "process_time": 2.1032357215881348, "taskName": "Task-2419"}
{"asctime": "2026-03-03 17:20:05,377", "levelname": "INFO", "message": "", "url": "/api/v1/payment_intake_matching/matching/dashboard/unmatched-payments", "method": "GET", "process_time": 2.105311870574951, "taskName": "Task-2418"}
{"asctime": "2026-03-03 17:21:00,226", "levelname": "INFO", "message": "HTTP Request: GET http://localhost:8001/api/v1/users/auth/me \"HTTP/1.1 200 OK\"", "url": null, "method": null, "process_time": null, "taskName": "Task-2458"}
{"asctime": "2026-03-03 17:21:00,576", "levelname": "INFO", "message": "HTTP Request: GET http://localhost:8001/api/v1/users/auth/me \"HTTP/1.1 200 OK\"", "url": null, "method": null, "process_time": null, "taskName": "Task-2456"}
{"asctime": "2026-03-03 17:21:00,576", "levelname": "INFO", "message": "HTTP Request: GET http://localhost:8001/api/v1/users/auth/me \"HTTP/1.1 200 OK\"", "url": null, "method": null, "process_time": null, "taskName": "Task-2455"}
{"asctime": "2026-03-03 17:21:00,577", "levelname": "INFO", "message": "HTTP Request: GET http://localhost:8001/api/v1/users/auth/me \"HTTP/1.1 200 OK\"", "url": null, "method": null, "process_time": null, "taskName": "Task-2457"}
{"asctime": "2026-03-03 17:21:01,952", "levelname": "INFO", "message": "HTTP Request: GET http://localhost:8002/api/v1/payment_intake_matching/matching/dashboard/recent?limit=10 \"HTTP/1.1 200 OK\"", "url": null, "method": null, "process_time": null, "taskName": "starlette.middleware.base.BaseHTTPMiddleware.__call__.<locals>.call_next.<locals>.coro"}
{"asctime": "2026-03-03 17:21:01,959", "levelname": "INFO", "message": "HTTP Request: GET http://localhost:8002/api/v1/payment_intake_matching/matching/dashboard/unmatched-payments \"HTTP/1.1 200 OK\"", "url": null, "method": null, "process_time": null, "taskName": "starlette.middleware.base.BaseHTTPMiddleware.__call__.<locals>.call_next.<locals>.coro"}
{"asctime": "2026-03-03 17:21:01,960", "levelname": "INFO", "message": "HTTP Request: GET http://localhost:8002/api/v1/payment_intake_matching/matching/dashboard/unmatched-invoices \"HTTP/1.1 200 OK\"", "url": null, "method": null, "process_time": null, "taskName": "starlette.middleware.base.BaseHTTPMiddleware.__call__.<locals>.call_next.<locals>.coro"}
{"asctime": "2026-03-03 17:21:01,962", "levelname": "INFO", "message": "", "url": "/api/v1/payment_intake_matching/matching/dashboard/recent", "method": "GET", "process_time": 1.3830571174621582, "taskName": "Task-2456"}
{"asctime": "2026-03-03 17:21:01,976", "levelname": "INFO", "message": "", "url": "/api/v1/payment_intake_matching/matching/dashboard/unmatched-payments", "method": "GET", "process_time": 1.397575855255127, "taskName": "Task-2457"}
{"asctime": "2026-03-03 17:21:01,977", "levelname": "INFO", "message": "", "url": "/api/v1/payment_intake_matching/matching/dashboard/unmatched-invoices", "method": "GET", "process_time": 1.7462282180786133, "taskName": "Task-2458"}
{"asctime": "2026-03-03 17:21:02,023", "levelname": "INFO", "message": "HTTP Request: GET http://localhost:8002/api/v1/payment_intake_matching/matching/dashboard/summary \"HTTP/1.1 200 OK\"", "url": null, "method": null, "process_time": null, "taskName": "starlette.middleware.base.BaseHTTPMiddleware.__call__.<locals>.call_next.<locals>.coro"}
{"asctime": "2026-03-03 17:21:02,025", "levelname": "INFO", "message": "", "url": "/api/v1/payment_intake_matching/matching/dashboard/summary", "method": "GET", "process_time": 1.4456613063812256, "taskName": "Task-2455"}
{"asctime": "2026-03-03 17:21:48,110", "levelname": "INFO", "message": "HTTP Request: GET http://localhost:8001/api/v1/users/auth/me \"HTTP/1.1 200 OK\"", "url": null, "method": null, "process_time": null, "taskName": "Task-2492"}
{"asctime": "2026-03-03 17:21:49,212", "levelname": "INFO", "message": "HTTP Request: GET http://localhost:8001/api/v1/users/auth/me \"HTTP/1.1 200 OK\"", "url": null, "method": null, "process_time": null, "taskName": "starlette.middleware.base.BaseHTTPMiddleware.__call__.<locals>.call_next.<locals>.coro"}
{"asctime": "2026-03-03 17:21:49,215", "levelname": "INFO", "message": "", "url": "/api/v1/users/auth/me", "method": "GET", "process_time": 1.097531795501709, "taskName": "Task-2492"}
{"asctime": "2026-03-03 17:21:55,020", "levelname": "INFO", "message": "HTTP Request: GET http://localhost:8001/api/v1/users/auth/me \"HTTP/1.1 200 OK\"", "url": null, "method": null, "process_time": null, "taskName": "Task-2505"}
{"asctime": "2026-03-03 17:21:55,878", "levelname": "INFO", "message": "HTTP Request: GET http://localhost:8001/api/v1/users/auth/me \"HTTP/1.1 200 OK\"", "url": null, "method": null, "process_time": null, "taskName": "Task-2507"}
{"asctime": "2026-03-03 17:21:55,879", "levelname": "INFO", "message": "HTTP Request: GET http://localhost:8001/api/v1/users/auth/me \"HTTP/1.1 200 OK\"", "url": null, "method": null, "process_time": null, "taskName": "Task-2506"}
{"asctime": "2026-03-03 17:21:56,692", "levelname": "INFO", "message": "HTTP Request: GET http://localhost:8001/api/v1/users/auth/me \"HTTP/1.1 200 OK\"", "url": null, "method": null, "process_time": null, "taskName": "Task-2501"}
{"asctime": "2026-03-03 17:21:59,474", "levelname": "INFO", "message": "HTTP Request: GET http://localhost:8001/api/v1/users/auth/me \"HTTP/1.1 200 OK\"", "url": null, "method": null, "process_time": null, "taskName": "Task-2513"}
{"asctime": "2026-03-03 17:22:00,477", "levelname": "INFO", "message": "HTTP Request: GET http://localhost:8001/api/v1/users/auth/me \"HTTP/1.1 200 OK\"", "url": null, "method": null, "process_time": null, "taskName": "Task-2524"}
{"asctime": "2026-03-03 17:22:01,495", "levelname": "INFO", "message": "HTTP Request: GET http://localhost:8002/api/v1/payment_intake_matching/matching/dashboard/unmatched-invoices \"HTTP/1.1 200 OK\"", "url": null, "method": null, "process_time": null, "taskName": "starlette.middleware.base.BaseHTTPMiddleware.__call__.<locals>.call_next.<locals>.coro"}
{"asctime": "2026-03-03 17:22:01,498", "levelname": "INFO", "message": "HTTP Request: GET http://localhost:8002/api/v1/payment_intake_matching/matching/dashboard/unmatched-payments \"HTTP/1.1 200 OK\"", "url": null, "method": null, "process_time": null, "taskName": "starlette.middleware.base.BaseHTTPMiddleware.__call__.<locals>.call_next.<locals>.coro"}
{"asctime": "2026-03-03 17:22:01,500", "levelname": "INFO", "message": "HTTP Request: GET http://localhost:8002/api/v1/payment_intake_matching/matching/dashboard/summary \"HTTP/1.1 200 OK\"", "url": null, "method": null, "process_time": null, "taskName": "starlette.middleware.base.BaseHTTPMiddleware.__call__.<locals>.call_next.<locals>.coro"}
{"asctime": "2026-03-03 17:22:01,504", "levelname": "INFO", "message": "HTTP Request: GET http://localhost:8002/api/v1/payment_intake_matching/matching/dashboard/recent?limit=10 \"HTTP/1.1 200 OK\"", "url": null, "method": null, "process_time": null, "taskName": "starlette.middleware.base.BaseHTTPMiddleware.__call__.<locals>.call_next.<locals>.coro"}
{"asctime": "2026-03-03 17:22:01,514", "levelname": "INFO", "message": "", "url": "/api/v1/payment_intake_matching/matching/dashboard/unmatched-invoices", "method": "GET", "process_time": 4.803563594818115, "taskName": "Task-2507"}
{"asctime": "2026-03-03 17:22:01,522", "levelname": "INFO", "message": "", "url": "/api/v1/payment_intake_matching/matching/dashboard/unmatched-payments", "method": "GET", "process_time": 4.811790466308594, "taskName": "Task-2506"}
{"asctime": "2026-03-03 17:22:01,524", "levelname": "INFO", "message": "", "url": "/api/v1/payment_intake_matching/matching/dashboard/summary", "method": "GET", "process_time": 4.812587022781372, "taskName": "Task-2501"}
{"asctime": "2026-03-03 17:22:01,526", "levelname": "INFO", "message": "", "url": "/api/v1/payment_intake_matching/matching/dashboard/recent", "method": "GET", "process_time": 6.5005714893341064, "taskName": "Task-2505"}
{"asctime": "2026-03-03 17:22:02,474", "levelname": "INFO", "message": "HTTP Request: GET http://localhost:8002/api/v1/payment_intake_matching/matching/dashboard/recent?limit=200 \"HTTP/1.1 200 OK\"", "url": null, "method": null, "process_time": null, "taskName": "starlette.middleware.base.BaseHTTPMiddleware.__call__.<locals>.call_next.<locals>.coro"}
{"asctime": "2026-03-03 17:22:02,477", "levelname": "INFO", "message": "", "url": "/api/v1/payment_intake_matching/matching/dashboard/recent", "method": "GET", "process_time": 2.9995741844177246, "taskName": "Task-2513"}
{"asctime": "2026-03-03 17:22:02,479", "levelname": "INFO", "message": "HTTP Request: GET http://localhost:8002/api/v1/payment_intake_matching/documents/ \"HTTP/1.1 200 OK\"", "url": null, "method": null, "process_time": null, "taskName": "starlette.middleware.base.BaseHTTPMiddleware.__call__.<locals>.call_next.<locals>.coro"}
{"asctime": "2026-03-03 17:22:02,482", "levelname": "INFO", "message": "", "url": "/api/v1/payment_intake_matching/documents/", "method": "GET", "process_time": 2.003013849258423, "taskName": "Task-2524"}
{"asctime": "2026-03-03 17:22:06,856", "levelname": "INFO", "message": "HTTP Request: GET http://localhost:8001/api/v1/users/auth/me \"HTTP/1.1 200 OK\"", "url": null, "method": null, "process_time": null, "taskName": "Task-2559"}
{"asctime": "2026-03-03 17:22:08,029", "levelname": "INFO", "message": "HTTP Request: GET http://localhost:8001/api/v1/users/auth/me \"HTTP/1.1 200 OK\"", "url": null, "method": null, "process_time": null, "taskName": "Task-2566"}
{"asctime": "2026-03-03 17:22:08,937", "levelname": "INFO", "message": "HTTP Request: GET http://localhost:8001/api/v1/users/auth/me \"HTTP/1.1 200 OK\"", "url": null, "method": null, "process_time": null, "taskName": "Task-2562"}
{"asctime": "2026-03-03 17:22:08,939", "levelname": "INFO", "message": "HTTP Request: GET http://localhost:8001/api/v1/users/auth/me \"HTTP/1.1 200 OK\"", "url": null, "method": null, "process_time": null, "taskName": "Task-2565"}
{"asctime": "2026-03-03 17:22:08,941", "levelname": "INFO", "message": "HTTP Request: GET http://localhost:8001/api/v1/users/auth/me \"HTTP/1.1 200 OK\"", "url": null, "method": null, "process_time": null, "taskName": "Task-2564"}
{"asctime": "2026-03-03 17:22:08,942", "levelname": "INFO", "message": "HTTP Request: GET http://localhost:8001/api/v1/users/auth/me \"HTTP/1.1 200 OK\"", "url": null, "method": null, "process_time": null, "taskName": "Task-2563"}
{"asctime": "2026-03-03 17:22:12,697", "levelname": "INFO", "message": "HTTP Request: GET http://localhost:8002/api/v1/payment_intake_matching/aging/reminders \"HTTP/1.1 200 OK\"", "url": null, "method": null, "process_time": null, "taskName": "starlette.middleware.base.BaseHTTPMiddleware.__call__.<locals>.call_next.<locals>.coro"}
{"asctime": "2026-03-03 17:22:12,701", "levelname": "INFO", "message": "", "url": "/api/v1/payment_intake_matching/aging/reminders", "method": "GET", "process_time": 5.8430609703063965, "taskName": "Task-2559"}
{"asctime": "2026-03-03 17:22:13,729", "levelname": "INFO", "message": "HTTP Request: GET http://localhost:8002/api/v1/payment_intake_matching/documents/5/invoices \"HTTP/1.1 200 OK\"", "url": null, "method": null, "process_time": null, "taskName": "starlette.middleware.base.BaseHTTPMiddleware.__call__.<locals>.call_next.<locals>.coro"}
{"asctime": "2026-03-03 17:22:13,733", "levelname": "INFO", "message": "HTTP Request: GET http://localhost:8002/api/v1/payment_intake_matching/documents/ \"HTTP/1.1 200 OK\"", "url": null, "method": null, "process_time": null, "taskName": "starlette.middleware.base.BaseHTTPMiddleware.__call__.<locals>.call_next.<locals>.coro"}
{"asctime": "2026-03-03 17:22:13,743", "levelname": "INFO", "message": "", "url": "/api/v1/payment_intake_matching/documents/5/invoices", "method": "GET", "process_time": 3.8565480709075928, "taskName": "Task-2563"}
{"asctime": "2026-03-03 17:22:13,748", "levelname": "INFO", "message": "HTTP Request: GET http://localhost:8002/api/v1/payment_intake_matching/documents/1/invoices \"HTTP/1.1 200 OK\"", "url": null, "method": null, "process_time": null, "taskName": "starlette.middleware.base.BaseHTTPMiddleware.__call__.<locals>.call_next.<locals>.coro"}
{"asctime": "2026-03-03 17:22:13,749", "levelname": "INFO", "message": "HTTP Request: GET http://localhost:8002/api/v1/payment_intake_matching/documents/3/invoices \"HTTP/1.1 200 OK\"", "url": null, "method": null, "process_time": null, "taskName": "starlette.middleware.base.BaseHTTPMiddleware.__call__.<locals>.call_next.<locals>.coro"}
{"asctime": "2026-03-03 17:22:13,755", "levelname": "INFO", "message": "", "url": "/api/v1/payment_intake_matching/documents/", "method": "GET", "process_time": 4.810590505599976, "taskName": "Task-2562"}
{"asctime": "2026-03-03 17:22:14,764", "levelname": "INFO", "message": "", "url": "/api/v1/payment_intake_matching/documents/1/invoices", "method": "GET", "process_time": 4.881150007247925, "taskName": "Task-2565"}
{"asctime": "2026-03-03 17:22:14,766", "levelname": "INFO", "message": "", "url": "/api/v1/payment_intake_matching/documents/3/invoices", "method": "GET", "process_time": 4.880927562713623, "taskName": "Task-2564"}
{"asctime": "2026-03-03 17:22:14,773", "levelname": "INFO", "message": "HTTP Request: GET http://localhost:8002/api/v1/payment_intake_matching/documents/6/invoices \"HTTP/1.1 200 OK\"", "url": null, "method": null, "process_time": null, "taskName": "starlette.middleware.base.BaseHTTPMiddleware.__call__.<locals>.call_next.<locals>.coro"}
{"asctime": "2026-03-03 17:22:17,439", "levelname": "INFO", "message": "", "url": "/api/v1/payment_intake_matching/documents/6/invoices", "method": "GET", "process_time": 9.406629800796509, "taskName": "Task-2566"}
{"asctime": "2026-03-03 17:22:18,385", "levelname": "INFO", "message": "HTTP Request: GET http://localhost:8001/api/v1/users/auth/me \"HTTP/1.1 200 OK\"", "url": null, "method": null, "process_time": null, "taskName": "Task-2609"}
{"asctime": "2026-03-03 17:22:19,309", "levelname": "INFO", "message": "HTTP Request: GET http://localhost:8001/api/v1/users/auth/me \"HTTP/1.1 200 OK\"", "url": null, "method": null, "process_time": null, "taskName": "Task-2616"}
{"asctime": "2026-03-03 17:22:19,310", "levelname": "INFO", "message": "HTTP Request: GET http://localhost:8001/api/v1/users/auth/me \"HTTP/1.1 200 OK\"", "url": null, "method": null, "process_time": null, "taskName": "Task-2620"}
{"asctime": "2026-03-03 17:22:19,312", "levelname": "INFO", "message": "HTTP Request: GET http://localhost:8001/api/v1/users/auth/me \"HTTP/1.1 200 OK\"", "url": null, "method": null, "process_time": null, "taskName": "Task-2619"}
{"asctime": "2026-03-03 17:22:19,313", "levelname": "INFO", "message": "HTTP Request: GET http://localhost:8001/api/v1/users/auth/me \"HTTP/1.1 200 OK\"", "url": null, "method": null, "process_time": null, "taskName": "Task-2617"}
{"asctime": "2026-03-03 17:22:22,966", "levelname": "INFO", "message": "HTTP Request: GET http://localhost:8001/api/v1/users/auth/me \"HTTP/1.1 200 OK\"", "url": null, "method": null, "process_time": null, "taskName": "Task-2626"}
{"asctime": "2026-03-03 17:22:23,945", "levelname": "INFO", "message": "HTTP Request: GET http://localhost:8002/api/v1/payment_intake_matching/documents/8/invoices \"HTTP/1.1 200 OK\"", "url": null, "method": null, "process_time": null, "taskName": "starlette.middleware.base.BaseHTTPMiddleware.__call__.<locals>.call_next.<locals>.coro"}
{"asctime": "2026-03-03 17:22:23,948", "levelname": "INFO", "message": "HTTP Request: GET http://localhost:8002/api/v1/payment_intake_matching/documents/4/invoices \"HTTP/1.1 200 OK\"", "url": null, "method": null, "process_time": null, "taskName": "starlette.middleware.base.BaseHTTPMiddleware.__call__.<locals>.call_next.<locals>.coro"}
{"asctime": "2026-03-03 17:22:23,950", "levelname": "INFO", "message": "HTTP Request: GET http://localhost:8002/api/v1/payment_intake_matching/documents/ \"HTTP/1.1 200 OK\"", "url": null, "method": null, "process_time": null, "taskName": "starlette.middleware.base.BaseHTTPMiddleware.__call__.<locals>.call_next.<locals>.coro"}
{"asctime": "2026-03-03 17:22:23,954", "levelname": "INFO", "message": "", "url": "/api/v1/payment_intake_matching/documents/8/invoices", "method": "GET", "process_time": 4.629441022872925, "taskName": "Task-2617"}
{"asctime": "2026-03-03 17:22:23,958", "levelname": "INFO", "message": "HTTP Request: GET http://localhost:8002/api/v1/payment_intake_matching/documents/7/invoices \"HTTP/1.1 200 OK\"", "url": null, "method": null, "process_time": null, "taskName": "starlette.middleware.base.BaseHTTPMiddleware.__call__.<locals>.call_next.<locals>.coro"}
{"asctime": "2026-03-03 17:22:23,960", "levelname": "INFO", "message": "HTTP Request: GET http://localhost:8002/api/v1/payment_intake_matching/matching/dashboard/recent?limit=200 \"HTTP/1.1 200 OK\"", "url": null, "method": null, "process_time": null, "taskName": "starlette.middleware.base.BaseHTTPMiddleware.__call__.<locals>.call_next.<locals>.coro"}
{"asctime": "2026-03-03 17:22:23,962", "levelname": "INFO", "message": "", "url": "/api/v1/payment_intake_matching/documents/4/invoices", "method": "GET", "process_time": 5.574458122253418, "taskName": "Task-2609"}
{"asctime": "2026-03-03 17:22:23,964", "levelname": "INFO", "message": "", "url": "/api/v1/payment_intake_matching/documents/", "method": "GET", "process_time": 4.639967679977417, "taskName": "Task-2619"}
{"asctime": "2026-03-03 17:22:23,972", "levelname": "INFO", "message": "", "url": "/api/v1/payment_intake_matching/documents/7/invoices", "method": "GET", "process_time": 4.65191125869751, "taskName": "Task-2616"}
{"asctime": "2026-03-03 17:22:23,975", "levelname": "INFO", "message": "", "url": "/api/v1/payment_intake_matching/matching/dashboard/recent", "method": "GET", "process_time": 4.650711297988892, "taskName": "Task-2620"}
{"asctime": "2026-03-03 17:22:24,905", "levelname": "INFO", "message": "HTTP Request: GET http://localhost:8002/api/v1/payment_intake_matching/documents/2/payments \"HTTP/1.1 200 OK\"", "url": null, "method": null, "process_time": null, "taskName": "starlette.middleware.base.BaseHTTPMiddleware.__call__.<locals>.call_next.<locals>.coro"}
{"asctime": "2026-03-03 17:22:24,908", "levelname": "INFO", "message": "", "url": "/api/v1/payment_intake_matching/documents/2/payments", "method": "GET", "process_time": 1.9357476234436035, "taskName": "Task-2626"}
{"asctime": "2026-03-03 17:22:25,868", "levelname": "INFO", "message": "HTTP Request: GET http://localhost:8001/api/v1/users/auth/me \"HTTP/1.1 200 OK\"", "url": null, "method": null, "process_time": null, "taskName": "Task-2667"}
{"asctime": "2026-03-03 17:22:26,930", "levelname": "INFO", "message": "HTTP Request: GET http://localhost:8001/api/v1/users/auth/me \"HTTP/1.1 200 OK\"", "url": null, "method": null, "process_time": null, "taskName": "Task-2670"}
{"asctime": "2026-03-03 17:22:27,854", "levelname": "INFO", "message": "HTTP Request: GET http://localhost:8002/api/v1/payment_intake_matching/documents/ \"HTTP/1.1 200 OK\"", "url": null, "method": null, "process_time": null, "taskName": "starlette.middleware.base.BaseHTTPMiddleware.__call__.<locals>.call_next.<locals>.coro"}
{"asctime": "2026-03-03 17:22:27,857", "levelname": "INFO", "message": "", "url": "/api/v1/payment_intake_matching/documents/", "method": "GET", "process_time": 1.9825448989868164, "taskName": "Task-2667"}
{"asctime": "2026-03-03 17:22:32,436", "levelname": "INFO", "message": "HTTP Request: GET http://localhost:8002/api/v1/payment_intake_matching/documents/2/payments \"HTTP/1.1 200 OK\"", "url": null, "method": null, "process_time": null, "taskName": "starlette.middleware.base.BaseHTTPMiddleware.__call__.<locals>.call_next.<locals>.coro"}
{"asctime": "2026-03-03 17:22:32,439", "levelname": "INFO", "message": "", "url": "/api/v1/payment_intake_matching/documents/2/payments", "method": "GET", "process_time": 5.507286548614502, "taskName": "Task-2670"}
{"asctime": "2026-03-03 17:22:33,373", "levelname": "INFO", "message": "HTTP Request: GET http://localhost:8001/api/v1/users/auth/me \"HTTP/1.1 200 OK\"", "url": null, "method": null, "process_time": null, "taskName": "Task-2687"}
{"asctime": "2026-03-03 17:22:34,282", "levelname": "INFO", "message": "HTTP Request: GET http://localhost:8001/api/v1/users/auth/me \"HTTP/1.1 200 OK\"", "url": null, "method": null, "process_time": null, "taskName": "Task-2688"}
{"asctime": "2026-03-03 17:22:34,286", "levelname": "INFO", "message": "HTTP Request: GET http://localhost:8001/api/v1/users/auth/me \"HTTP/1.1 200 OK\"", "url": null, "method": null, "process_time": null, "taskName": "Task-2685"}
{"asctime": "2026-03-03 17:22:34,287", "levelname": "INFO", "message": "HTTP Request: GET http://localhost:8001/api/v1/users/auth/me \"HTTP/1.1 200 OK\"", "url": null, "method": null, "process_time": null, "taskName": "Task-2686"}
{"asctime": "2026-03-03 17:22:34,289", "levelname": "INFO", "message": "HTTP Request: GET http://localhost:8001/api/v1/users/auth/me \"HTTP/1.1 200 OK\"", "url": null, "method": null, "process_time": null, "taskName": "Task-2689"}
{"asctime": "2026-03-03 17:22:37,897", "levelname": "INFO", "message": "HTTP Request: GET http://localhost:8001/api/v1/users/auth/me \"HTTP/1.1 200 OK\"", "url": null, "method": null, "process_time": null, "taskName": "Task-2696"}
{"asctime": "2026-03-03 17:22:38,836", "levelname": "INFO", "message": "HTTP Request: GET http://localhost:8002/api/v1/payment_intake_matching/documents/1/invoices \"HTTP/1.1 200 OK\"", "url": null, "method": null, "process_time": null, "taskName": "starlette.middleware.base.BaseHTTPMiddleware.__call__.<locals>.call_next.<locals>.coro"}
{"asctime": "2026-03-03 17:22:38,843", "levelname": "INFO", "message": "HTTP Request: GET http://localhost:8002/api/v1/payment_intake_matching/documents/4/invoices \"HTTP/1.1 200 OK\"", "url": null, "method": null, "process_time": null, "taskName": "starlette.middleware.base.BaseHTTPMiddleware.__call__.<locals>.call_next.<locals>.coro"}
{"asctime": "2026-03-03 17:22:38,845", "levelname": "INFO", "message": "HTTP Request: GET http://localhost:8002/api/v1/payment_intake_matching/documents/3/invoices \"HTTP/1.1 200 OK\"", "url": null, "method": null, "process_time": null, "taskName": "starlette.middleware.base.BaseHTTPMiddleware.__call__.<locals>.call_next.<locals>.coro"}
{"asctime": "2026-03-03 17:22:38,846", "levelname": "INFO", "message": "", "url": "/api/v1/payment_intake_matching/documents/1/invoices", "method": "GET", "process_time": 3.6551454067230225, "taskName": "Task-2685"}
{"asctime": "2026-03-03 17:22:38,850", "levelname": "INFO", "message": "HTTP Request: GET http://localhost:8002/api/v1/payment_intake_matching/documents/5/invoices \"HTTP/1.1 200 OK\"", "url": null, "method": null, "process_time": null, "taskName": "starlette.middleware.base.BaseHTTPMiddleware.__call__.<locals>.call_next.<locals>.coro"}
{"asctime": "2026-03-03 17:22:38,851", "levelname": "INFO", "message": "HTTP Request: GET http://localhost:8002/api/v1/payment_intake_matching/documents/6/invoices \"HTTP/1.1 200 OK\"", "url": null, "method": null, "process_time": null, "taskName": "starlette.middleware.base.BaseHTTPMiddleware.__call__.<locals>.call_next.<locals>.coro"}
{"asctime": "2026-03-03 17:22:38,855", "levelname": "INFO", "message": "", "url": "/api/v1/payment_intake_matching/documents/4/invoices", "method": "GET", "process_time": 3.659910202026367, "taskName": "Task-2686"}
{"asctime": "2026-03-03 17:22:38,857", "levelname": "INFO", "message": "", "url": "/api/v1/payment_intake_matching/documents/3/invoices", "method": "GET", "process_time": 4.565572023391724, "taskName": "Task-2688"}
{"asctime": "2026-03-03 17:22:38,860", "levelname": "INFO", "message": "", "url": "/api/v1/payment_intake_matching/documents/5/invoices", "method": "GET", "process_time": 5.485222339630127, "taskName": "Task-2687"}
{"asctime": "2026-03-03 17:22:38,862", "levelname": "INFO", "message": "", "url": "/api/v1/payment_intake_matching/documents/6/invoices", "method": "GET", "process_time": 3.666025400161743, "taskName": "Task-2689"}
{"asctime": "2026-03-03 17:22:39,784", "levelname": "INFO", "message": "HTTP Request: GET http://localhost:8002/api/v1/payment_intake_matching/documents/7/invoices \"HTTP/1.1 200 OK\"", "url": null, "method": null, "process_time": null, "taskName": "starlette.middleware.base.BaseHTTPMiddleware.__call__.<locals>.call_next.<locals>.coro"}
{"asctime": "2026-03-03 17:22:39,789", "levelname": "INFO", "message": "", "url": "/api/v1/payment_intake_matching/documents/7/invoices", "method": "GET", "process_time": 1.890207290649414, "taskName": "Task-2696"}
{"asctime": "2026-03-03 17:22:40,051", "levelname": "INFO", "message": "HTTP Request: GET http://localhost:8001/api/v1/users/auth/me \"HTTP/1.1 200 OK\"", "url": null, "method": null, "process_time": null, "taskName": "Task-2739"}
{"asctime": "2026-03-03 17:22:41,270", "levelname": "INFO", "message": "HTTP Request: GET http://localhost:8002/api/v1/payment_intake_matching/documents/8/invoices \"HTTP/1.1 200 OK\"", "url": null, "method": null, "process_time": null, "taskName": "starlette.middleware.base.BaseHTTPMiddleware.__call__.<locals>.call_next.<locals>.coro"}
{"asctime": "2026-03-03 17:22:41,274", "levelname": "INFO", "message": "", "url": "/api/v1/payment_intake_matching/documents/8/invoices", "method": "GET", "process_time": 1.2194101810455322, "taskName": "Task-2739"}
{"asctime": "2026-03-03 17:37:20,434", "levelname": "INFO", "message": "HTTP Request: GET http://localhost:8001/api/v1/users/auth/me \"HTTP/1.1 200 OK\"", "url": null, "method": null, "process_time": null, "taskName": "Task-2756"}
{"asctime": "2026-03-03 17:37:20,445", "levelname": "INFO", "message": "HTTP Request: GET http://localhost:8001/api/v1/users/auth/me \"HTTP/1.1 200 OK\"", "url": null, "method": null, "process_time": null, "taskName": "Task-2753"}
{"asctime": "2026-03-03 17:37:22,425", "levelname": "INFO", "message": "HTTP Request: GET http://localhost:8001/api/v1/users/auth/me \"HTTP/1.1 200 OK\"", "url": null, "method": null, "process_time": null, "taskName": "Task-2755"}
{"asctime": "2026-03-03 17:37:22,446", "levelname": "INFO", "message": "HTTP Request: GET http://localhost:8001/api/v1/users/auth/me \"HTTP/1.1 200 OK\"", "url": null, "method": null, "process_time": null, "taskName": "Task-2754"}
{"asctime": "2026-03-03 17:37:25,159", "levelname": "INFO", "message": "HTTP Request: GET http://localhost:8002/api/v1/payment_intake_matching/matching/dashboard/unmatched-invoices \"HTTP/1.1 200 OK\"", "url": null, "method": null, "process_time": null, "taskName": "starlette.middleware.base.BaseHTTPMiddleware.__call__.<locals>.call_next.<locals>.coro"}
{"asctime": "2026-03-03 17:37:25,162", "levelname": "INFO", "message": "HTTP Request: GET http://localhost:8002/api/v1/payment_intake_matching/matching/dashboard/unmatched-payments \"HTTP/1.1 200 OK\"", "url": null, "method": null, "process_time": null, "taskName": "starlette.middleware.base.BaseHTTPMiddleware.__call__.<locals>.call_next.<locals>.coro"}
{"asctime": "2026-03-03 17:37:25,164", "levelname": "INFO", "message": "HTTP Request: GET http://localhost:8002/api/v1/payment_intake_matching/matching/dashboard/summary \"HTTP/1.1 200 OK\"", "url": null, "method": null, "process_time": null, "taskName": "starlette.middleware.base.BaseHTTPMiddleware.__call__.<locals>.call_next.<locals>.coro"}
{"asctime": "2026-03-03 17:37:25,166", "levelname": "INFO", "message": "", "url": "/api/v1/payment_intake_matching/matching/dashboard/unmatched-invoices", "method": "GET", "process_time": 1.6656043529510498, "taskName": "Task-2754"}
{"asctime": "2026-03-03 17:37:25,179", "levelname": "INFO", "message": "HTTP Request: GET http://localhost:8002/api/v1/payment_intake_matching/matching/dashboard/recent?limit=10 \"HTTP/1.1 200 OK\"", "url": null, "method": null, "process_time": null, "taskName": "starlette.middleware.base.BaseHTTPMiddleware.__call__.<locals>.call_next.<locals>.coro"}
{"asctime": "2026-03-03 17:37:25,409", "levelname": "INFO", "message": "", "url": "/api/v1/payment_intake_matching/matching/dashboard/unmatched-payments", "method": "GET", "process_time": 4.956488370895386, "taskName": "Task-2756"}
{"asctime": "2026-03-03 17:37:25,473", "levelname": "INFO", "message": "", "url": "/api/v1/payment_intake_matching/matching/dashboard/summary", "method": "GET", "process_time": 5.023871421813965, "taskName": "Task-2753"}
{"asctime": "2026-03-03 17:37:25,525", "levelname": "INFO", "message": "", "url": "/api/v1/payment_intake_matching/matching/dashboard/recent", "method": "GET", "process_time": 3.0779531002044678, "taskName": "Task-2755"}
{"asctime": "2026-03-03 17:38:18,018", "levelname": "INFO", "message": "HTTP Request: GET http://localhost:8001/api/v1/users/auth/me \"HTTP/1.1 200 OK\"", "url": null, "method": null, "process_time": null, "taskName": "Task-2796"}
{"asctime": "2026-03-03 17:38:18,291", "levelname": "INFO", "message": "HTTP Request: GET http://localhost:8001/api/v1/users/auth/me \"HTTP/1.1 200 OK\"", "url": null, "method": null, "process_time": null, "taskName": "Task-2798"}
{"asctime": "2026-03-03 17:38:18,292", "levelname": "INFO", "message": "HTTP Request: GET http://localhost:8001/api/v1/users/auth/me \"HTTP/1.1 200 OK\"", "url": null, "method": null, "process_time": null, "taskName": "Task-2795"}
{"asctime": "2026-03-03 17:38:18,292", "levelname": "INFO", "message": "HTTP Request: GET http://localhost:8001/api/v1/users/auth/me \"HTTP/1.1 200 OK\"", "url": null, "method": null, "process_time": null, "taskName": "Task-2794"}
{"asctime": "2026-03-03 17:38:19,416", "levelname": "INFO", "message": "HTTP Request: GET http://localhost:8002/api/v1/payment_intake_matching/matching/dashboard/summary \"HTTP/1.1 200 OK\"", "url": null, "method": null, "process_time": null, "taskName": "starlette.middleware.base.BaseHTTPMiddleware.__call__.<locals>.call_next.<locals>.coro"}
{"asctime": "2026-03-03 17:38:19,418", "levelname": "INFO", "message": "HTTP Request: GET http://localhost:8002/api/v1/payment_intake_matching/matching/dashboard/recent?limit=10 \"HTTP/1.1 200 OK\"", "url": null, "method": null, "process_time": null, "taskName": "starlette.middleware.base.BaseHTTPMiddleware.__call__.<locals>.call_next.<locals>.coro"}
{"asctime": "2026-03-03 17:38:19,420", "levelname": "INFO", "message": "HTTP Request: GET http://localhost:8002/api/v1/payment_intake_matching/matching/dashboard/unmatched-invoices \"HTTP/1.1 200 OK\"", "url": null, "method": null, "process_time": null, "taskName": "starlette.middleware.base.BaseHTTPMiddleware.__call__.<locals>.call_next.<locals>.coro"}
{"asctime": "2026-03-03 17:38:19,421", "levelname": "INFO", "message": "HTTP Request: GET http://localhost:8002/api/v1/payment_intake_matching/matching/dashboard/unmatched-payments \"HTTP/1.1 200 OK\"", "url": null, "method": null, "process_time": null, "taskName": "starlette.middleware.base.BaseHTTPMiddleware.__call__.<locals>.call_next.<locals>.coro"}
{"asctime": "2026-03-03 17:38:19,422", "levelname": "INFO", "message": "", "url": "/api/v1/payment_intake_matching/matching/dashboard/summary", "method": "GET", "process_time": 1.1278889179229736, "taskName": "Task-2794"}
{"asctime": "2026-03-03 17:38:19,443", "levelname": "INFO", "message": "", "url": "/api/v1/payment_intake_matching/matching/dashboard/recent", "method": "GET", "process_time": 1.1494121551513672, "taskName": "Task-2798"}
{"asctime": "2026-03-03 17:38:19,448", "levelname": "INFO", "message": "", "url": "/api/v1/payment_intake_matching/matching/dashboard/unmatched-invoices", "method": "GET", "process_time": 1.4272146224975586, "taskName": "Task-2796"}
{"asctime": "2026-03-03 17:38:19,452", "levelname": "INFO", "message": "", "url": "/api/v1/payment_intake_matching/matching/dashboard/unmatched-payments", "method": "GET", "process_time": 1.1578431129455566, "taskName": "Task-2795"}
{"asctime": "2026-03-03 17:39:18,936", "levelname": "INFO", "message": "HTTP Request: GET http://localhost:8001/api/v1/users/auth/me \"HTTP/1.1 200 OK\"", "url": null, "method": null, "process_time": null, "taskName": "Task-2831"}
{"asctime": "2026-03-03 17:39:19,828", "levelname": "INFO", "message": "HTTP Request: GET http://localhost:8001/api/v1/users/auth/me \"HTTP/1.1 200 OK\"", "url": null, "method": null, "process_time": null, "taskName": "Task-2836"}
{"asctime": "2026-03-03 17:39:20,690", "levelname": "INFO", "message": "HTTP Request: GET http://localhost:8001/api/v1/users/auth/me \"HTTP/1.1 200 OK\"", "url": null, "method": null, "process_time": null, "taskName": "Task-2838"}
{"asctime": "2026-03-03 17:39:20,692", "levelname": "INFO", "message": "HTTP Request: GET http://localhost:8001/api/v1/users/auth/me \"HTTP/1.1 200 OK\"", "url": null, "method": null, "process_time": null, "taskName": "Task-2837"}
{"asctime": "2026-03-03 17:39:22,383", "levelname": "INFO", "message": "HTTP Request: GET http://localhost:8002/api/v1/payment_intake_matching/matching/dashboard/summary \"HTTP/1.1 200 OK\"", "url": null, "method": null, "process_time": null, "taskName": "starlette.middleware.base.BaseHTTPMiddleware.__call__.<locals>.call_next.<locals>.coro"}
{"asctime": "2026-03-03 17:39:22,385", "levelname": "INFO", "message": "", "url": "/api/v1/payment_intake_matching/matching/dashboard/summary", "method": "GET", "process_time": 3.4422740936279297, "taskName": "Task-2831"}
{"asctime": "2026-03-03 17:39:22,617", "levelname": "INFO", "message": "HTTP Request: GET http://localhost:8002/api/v1/payment_intake_matching/matching/dashboard/recent?limit=10 \"HTTP/1.1 200 OK\"", "url": null, "method": null, "process_time": null, "taskName": "starlette.middleware.base.BaseHTTPMiddleware.__call__.<locals>.call_next.<locals>.coro"}
{"asctime": "2026-03-03 17:39:22,649", "levelname": "INFO", "message": "", "url": "/api/v1/payment_intake_matching/matching/dashboard/recent", "method": "GET", "process_time": 2.8184890747070312, "taskName": "Task-2836"}
{"asctime": "2026-03-03 17:39:24,407", "levelname": "INFO", "message": "HTTP Request: GET http://localhost:8002/api/v1/payment_intake_matching/matching/dashboard/unmatched-invoices \"HTTP/1.1 200 OK\"", "url": null, "method": null, "process_time": null, "taskName": "starlette.middleware.base.BaseHTTPMiddleware.__call__.<locals>.call_next.<locals>.coro"}
{"asctime": "2026-03-03 17:39:25,479", "levelname": "INFO", "message": "", "url": "/api/v1/payment_intake_matching/matching/dashboard/unmatched-invoices", "method": "GET", "process_time": 4.781659364700317, "taskName": "Task-2838"}
{"asctime": "2026-03-03 17:39:25,481", "levelname": "INFO", "message": "HTTP Request: GET http://localhost:8002/api/v1/payment_intake_matching/matching/dashboard/unmatched-payments \"HTTP/1.1 200 OK\"", "url": null, "method": null, "process_time": null, "taskName": "starlette.middleware.base.BaseHTTPMiddleware.__call__.<locals>.call_next.<locals>.coro"}
{"asctime": "2026-03-03 17:39:26,103", "levelname": "INFO", "message": "", "url": "/api/v1/payment_intake_matching/matching/dashboard/unmatched-payments", "method": "GET", "process_time": 5.405400276184082, "taskName": "Task-2837"}
{"asctime": "2026-03-03 17:40:22,195", "levelname": "INFO", "message": "HTTP Request: GET http://localhost:8001/api/v1/users/auth/me \"HTTP/1.1 200 OK\"", "url": null, "method": null, "process_time": null, "taskName": "Task-2874"}
{"asctime": "2026-03-03 17:40:24,735", "levelname": "INFO", "message": "HTTP Request: GET http://localhost:8001/api/v1/users/auth/me \"HTTP/1.1 200 OK\"", "url": null, "method": null, "process_time": null, "taskName": "Task-2875"}
{"asctime": "2026-03-03 17:40:24,740", "levelname": "INFO", "message": "HTTP Request: GET http://localhost:8001/api/v1/users/auth/me \"HTTP/1.1 200 OK\"", "url": null, "method": null, "process_time": null, "taskName": "Task-2876"}
{"asctime": "2026-03-03 17:40:24,753", "levelname": "INFO", "message": "HTTP Request: GET http://localhost:8001/api/v1/users/auth/me \"HTTP/1.1 200 OK\"", "url": null, "method": null, "process_time": null, "taskName": "Task-2878"}
{"asctime": "2026-03-03 17:40:31,570", "levelname": "INFO", "message": "HTTP Request: GET http://localhost:8002/api/v1/payment_intake_matching/matching/dashboard/summary \"HTTP/1.1 200 OK\"", "url": null, "method": null, "process_time": null, "taskName": "starlette.middleware.base.BaseHTTPMiddleware.__call__.<locals>.call_next.<locals>.coro"}
{"asctime": "2026-03-03 17:40:31,717", "levelname": "INFO", "message": "HTTP Request: GET http://localhost:8002/api/v1/payment_intake_matching/matching/dashboard/unmatched-invoices \"HTTP/1.1 200 OK\"", "url": null, "method": null, "process_time": null, "taskName": "starlette.middleware.base.BaseHTTPMiddleware.__call__.<locals>.call_next.<locals>.coro"}
{"asctime": "2026-03-03 17:40:31,742", "levelname": "INFO", "message": "", "url": "/api/v1/payment_intake_matching/matching/dashboard/summary", "method": "GET", "process_time": 9.498901844024658, "taskName": "Task-2874"}
{"asctime": "2026-03-03 17:40:31,774", "levelname": "INFO", "message": "HTTP Request: GET http://localhost:8002/api/v1/payment_intake_matching/matching/dashboard/recent?limit=10 \"HTTP/1.1 200 OK\"", "url": null, "method": null, "process_time": null, "taskName": "starlette.middleware.base.BaseHTTPMiddleware.__call__.<locals>.call_next.<locals>.coro"}
{"asctime": "2026-03-03 17:40:31,787", "levelname": "INFO", "message": "HTTP Request: GET http://localhost:8002/api/v1/payment_intake_matching/matching/dashboard/unmatched-payments \"HTTP/1.1 200 OK\"", "url": null, "method": null, "process_time": null, "taskName": "starlette.middleware.base.BaseHTTPMiddleware.__call__.<locals>.call_next.<locals>.coro"}
{"asctime": "2026-03-03 17:40:31,951", "levelname": "INFO", "message": "", "url": "/api/v1/payment_intake_matching/matching/dashboard/unmatched-invoices", "method": "GET", "process_time": 7.015491724014282, "taskName": "Task-2878"}
{"asctime": "2026-03-03 17:40:31,954", "levelname": "INFO", "message": "", "url": "/api/v1/payment_intake_matching/matching/dashboard/recent", "method": "GET", "process_time": 7.103921175003052, "taskName": "Task-2875"}
{"asctime": "2026-03-03 17:40:31,955", "levelname": "INFO", "message": "", "url": "/api/v1/payment_intake_matching/matching/dashboard/unmatched-payments", "method": "GET", "process_time": 7.071685791015625, "taskName": "Task-2876"}
{"asctime": "2026-03-03 17:41:18,032", "levelname": "INFO", "message": "HTTP Request: GET http://localhost:8001/api/v1/users/auth/me \"HTTP/1.1 200 OK\"", "url": null, "method": null, "process_time": null, "taskName": "Task-2918"}
{"asctime": "2026-03-03 17:41:18,369", "levelname": "INFO", "message": "HTTP Request: GET http://localhost:8001/api/v1/users/auth/me \"HTTP/1.1 200 OK\"", "url": null, "method": null, "process_time": null, "taskName": "Task-2917"}
{"asctime": "2026-03-03 17:41:18,371", "levelname": "INFO", "message": "HTTP Request: GET http://localhost:8001/api/v1/users/auth/me \"HTTP/1.1 200 OK\"", "url": null, "method": null, "process_time": null, "taskName": "Task-2916"}
{"asctime": "2026-03-03 17:41:18,372", "levelname": "INFO", "message": "HTTP Request: GET http://localhost:8001/api/v1/users/auth/me \"HTTP/1.1 200 OK\"", "url": null, "method": null, "process_time": null, "taskName": "Task-2915"}
{"asctime": "2026-03-03 17:41:19,645", "levelname": "INFO", "message": "HTTP Request: GET http://localhost:8002/api/v1/payment_intake_matching/matching/dashboard/unmatched-invoices \"HTTP/1.1 200 OK\"", "url": null, "method": null, "process_time": null, "taskName": "starlette.middleware.base.BaseHTTPMiddleware.__call__.<locals>.call_next.<locals>.coro"}
{"asctime": "2026-03-03 17:41:19,649", "levelname": "INFO", "message": "HTTP Request: GET http://localhost:8002/api/v1/payment_intake_matching/matching/dashboard/summary \"HTTP/1.1 200 OK\"", "url": null, "method": null, "process_time": null, "taskName": "starlette.middleware.base.BaseHTTPMiddleware.__call__.<locals>.call_next.<locals>.coro"}
{"asctime": "2026-03-03 17:41:19,650", "levelname": "INFO", "message": "HTTP Request: GET http://localhost:8002/api/v1/payment_intake_matching/matching/dashboard/recent?limit=10 \"HTTP/1.1 200 OK\"", "url": null, "method": null, "process_time": null, "taskName": "starlette.middleware.base.BaseHTTPMiddleware.__call__.<locals>.call_next.<locals>.coro"}
{"asctime": "2026-03-03 17:41:19,650", "levelname": "INFO", "message": "HTTP Request: GET http://localhost:8002/api/v1/payment_intake_matching/matching/dashboard/unmatched-payments \"HTTP/1.1 200 OK\"", "url": null, "method": null, "process_time": null, "taskName": "starlette.middleware.base.BaseHTTPMiddleware.__call__.<locals>.call_next.<locals>.coro"}
{"asctime": "2026-03-03 17:41:19,652", "levelname": "INFO", "message": "", "url": "/api/v1/payment_intake_matching/matching/dashboard/unmatched-invoices", "method": "GET", "process_time": 1.2799599170684814, "taskName": "Task-2917"}
{"asctime": "2026-03-03 17:41:19,655", "levelname": "INFO", "message": "", "url": "/api/v1/payment_intake_matching/matching/dashboard/summary", "method": "GET", "process_time": 0.9863851070404053, "taskName": "Task-2915"}
{"asctime": "2026-03-03 17:41:19,656", "levelname": "INFO", "message": "", "url": "/api/v1/payment_intake_matching/matching/dashboard/recent", "method": "GET", "process_time": 0.9882850646972656, "taskName": "Task-2916"}
{"asctime": "2026-03-03 17:41:19,657", "levelname": "INFO", "message": "", "url": "/api/v1/payment_intake_matching/matching/dashboard/unmatched-payments", "method": "GET", "process_time": 1.622318983078003, "taskName": "Task-2918"}
{"asctime": "2026-03-03 17:42:06,069", "levelname": "INFO", "message": "HTTP Request: GET http://localhost:8001/api/v1/users/auth/me \"HTTP/1.1 200 OK\"", "url": null, "method": null, "process_time": null, "taskName": "Task-2952"}
{"asctime": "2026-03-03 17:42:23,764", "levelname": "INFO", "message": "HTTP Request: GET http://localhost:8001/api/v1/users/auth/me \"HTTP/1.1 200 OK\"", "url": null, "method": null, "process_time": null, "taskName": "Task-2964"}
{"asctime": "2026-03-03 17:42:26,867", "levelname": "INFO", "message": "HTTP Request: GET http://localhost:8001/api/v1/users/auth/me \"HTTP/1.1 200 OK\"", "url": null, "method": null, "process_time": null, "taskName": "Task-2965"}
{"asctime": "2026-03-03 17:42:26,899", "levelname": "INFO", "message": "HTTP Request: GET http://localhost:8001/api/v1/users/auth/me \"HTTP/1.1 200 OK\"", "url": null, "method": null, "process_time": null, "taskName": "Task-2963"}
{"asctime": "2026-03-03 17:42:34,666", "levelname": "INFO", "message": "HTTP Request: GET http://localhost:8001/api/v1/users/auth/me \"HTTP/1.1 200 OK\"", "url": null, "method": null, "process_time": null, "taskName": "Task-2980"}
{"asctime": "2026-03-03 17:42:37,849", "levelname": "INFO", "message": "HTTP Request: GET http://localhost:8002/api/v1/payment_intake_matching/matching/dashboard/unmatched-payments \"HTTP/1.1 200 OK\"", "url": null, "method": null, "process_time": null, "taskName": "starlette.middleware.base.BaseHTTPMiddleware.__call__.<locals>.call_next.<locals>.coro"}
{"asctime": "2026-03-03 17:42:38,858", "levelname": "INFO", "message": "HTTP Request: GET http://localhost:8002/api/v1/payment_intake_matching/matching/dashboard/unmatched-invoices \"HTTP/1.1 200 OK\"", "url": null, "method": null, "process_time": null, "taskName": "starlette.middleware.base.BaseHTTPMiddleware.__call__.<locals>.call_next.<locals>.coro"}
{"asctime": "2026-03-03 17:42:39,143", "levelname": "INFO", "message": "", "url": "/api/v1/payment_intake_matching/matching/dashboard/unmatched-invoices", "method": "GET", "process_time": 12.243578433990479, "taskName": "Task-2965"}
{"asctime": "2026-03-03 17:42:39,184", "levelname": "INFO", "message": "", "url": "/api/v1/payment_intake_matching/matching/dashboard/unmatched-payments", "method": "GET", "process_time": 15.416192770004272, "taskName": "Task-2964"}
{"asctime": "2026-03-03 17:42:39,230", "levelname": "INFO", "message": "HTTP Request: GET http://localhost:8002/api/v1/payment_intake_matching/matching/dashboard/recent?limit=10 \"HTTP/1.1 200 OK\"", "url": null, "method": null, "process_time": null, "taskName": "starlette.middleware.base.BaseHTTPMiddleware.__call__.<locals>.call_next.<locals>.coro"}
{"asctime": "2026-03-03 17:42:39,317", "levelname": "INFO", "message": "", "url": "/api/v1/payment_intake_matching/matching/dashboard/recent", "method": "GET", "process_time": 7.1263415813446045, "taskName": "Task-2963"}
{"asctime": "2026-03-03 17:42:39,383", "levelname": "INFO", "message": "HTTP Request: GET http://localhost:8001/api/v1/users/auth/me \"HTTP/1.1 200 OK\"", "url": null, "method": null, "process_time": null, "taskName": "starlette.middleware.base.BaseHTTPMiddleware.__call__.<locals>.call_next.<locals>.coro"}
{"asctime": "2026-03-03 17:42:39,413", "levelname": "INFO", "message": "", "url": "/api/v1/users/auth/me", "method": "GET", "process_time": 4.678312063217163, "taskName": "Task-2980"}
{"asctime": "2026-03-03 17:43:20,700", "levelname": "INFO", "message": "HTTP Request: GET http://localhost:8001/api/v1/users/auth/me \"HTTP/1.1 200 OK\"", "url": null, "method": null, "process_time": null, "taskName": "Task-3008"}
{"asctime": "2026-03-03 17:43:22,068", "levelname": "INFO", "message": "HTTP Request: GET http://localhost:8001/api/v1/users/auth/me \"HTTP/1.1 200 OK\"", "url": null, "method": null, "process_time": null, "taskName": "Task-3010"}
{"asctime": "2026-03-03 17:43:22,070", "levelname": "INFO", "message": "HTTP Request: GET http://localhost:8001/api/v1/users/auth/me \"HTTP/1.1 200 OK\"", "url": null, "method": null, "process_time": null, "taskName": "Task-3009"}
{"asctime": "2026-03-03 17:43:22,073", "levelname": "INFO", "message": "HTTP Request: GET http://localhost:8001/api/v1/users/auth/me \"HTTP/1.1 200 OK\"", "url": null, "method": null, "process_time": null, "taskName": "Task-3012"}
{"asctime": "2026-03-03 17:43:25,975", "levelname": "INFO", "message": "HTTP Request: GET http://localhost:8002/api/v1/payment_intake_matching/matching/dashboard/summary \"HTTP/1.1 200 OK\"", "url": null, "method": null, "process_time": null, "taskName": "starlette.middleware.base.BaseHTTPMiddleware.__call__.<locals>.call_next.<locals>.coro"}
{"asctime": "2026-03-03 17:43:25,985", "levelname": "INFO", "message": "HTTP Request: GET http://localhost:8002/api/v1/payment_intake_matching/matching/dashboard/unmatched-invoices \"HTTP/1.1 200 OK\"", "url": null, "method": null, "process_time": null, "taskName": "starlette.middleware.base.BaseHTTPMiddleware.__call__.<locals>.call_next.<locals>.coro"}
{"asctime": "2026-03-03 17:43:26,291", "levelname": "INFO", "message": "HTTP Request: GET http://localhost:8002/api/v1/payment_intake_matching/matching/dashboard/unmatched-payments \"HTTP/1.1 200 OK\"", "url": null, "method": null, "process_time": null, "taskName": "starlette.middleware.base.BaseHTTPMiddleware.__call__.<locals>.call_next.<locals>.coro"}
{"asctime": "2026-03-03 17:43:26,561", "levelname": "INFO", "message": "HTTP Request: GET http://localhost:8002/api/v1/payment_intake_matching/matching/dashboard/recent?limit=10 \"HTTP/1.1 200 OK\"", "url": null, "method": null, "process_time": null, "taskName": "starlette.middleware.base.BaseHTTPMiddleware.__call__.<locals>.call_next.<locals>.coro"}
{"asctime": "2026-03-03 17:43:27,453", "levelname": "INFO", "message": "", "url": "/api/v1/payment_intake_matching/matching/dashboard/summary", "method": "GET", "process_time": 6.7162559032440186, "taskName": "Task-3008"}
{"asctime": "2026-03-03 17:43:28,030", "levelname": "INFO", "message": "", "url": "/api/v1/payment_intake_matching/matching/dashboard/unmatched-invoices", "method": "GET", "process_time": 5.94364595413208, "taskName": "Task-3012"}
{"asctime": "2026-03-03 17:43:29,209", "levelname": "INFO", "message": "", "url": "/api/v1/payment_intake_matching/matching/dashboard/unmatched-payments", "method": "GET", "process_time": 7.123739242553711, "taskName": "Task-3009"}
{"asctime": "2026-03-03 17:43:30,164", "levelname": "INFO", "message": "", "url": "/api/v1/payment_intake_matching/matching/dashboard/recent", "method": "GET", "process_time": 8.079637289047241, "taskName": "Task-3010"}
{"asctime": "2026-03-03 17:44:20,272", "levelname": "INFO", "message": "HTTP Request: GET http://localhost:8001/api/v1/users/auth/me \"HTTP/1.1 200 OK\"", "url": null, "method": null, "process_time": null, "taskName": "Task-3049"}
{"asctime": "2026-03-03 17:44:21,073", "levelname": "INFO", "message": "HTTP Request: GET http://localhost:8001/api/v1/users/auth/me \"HTTP/1.1 200 OK\"", "url": null, "method": null, "process_time": null, "taskName": "Task-3051"}
{"asctime": "2026-03-03 17:44:21,074", "levelname": "INFO", "message": "HTTP Request: GET http://localhost:8001/api/v1/users/auth/me \"HTTP/1.1 200 OK\"", "url": null, "method": null, "process_time": null, "taskName": "Task-3050"}
{"asctime": "2026-03-03 17:44:21,076", "levelname": "INFO", "message": "HTTP Request: GET http://localhost:8001/api/v1/users/auth/me \"HTTP/1.1 200 OK\"", "url": null, "method": null, "process_time": null, "taskName": "Task-3052"}
{"asctime": "2026-03-03 17:44:23,796", "levelname": "INFO", "message": "HTTP Request: GET http://localhost:8002/api/v1/payment_intake_matching/matching/dashboard/summary \"HTTP/1.1 200 OK\"", "url": null, "method": null, "process_time": null, "taskName": "starlette.middleware.base.BaseHTTPMiddleware.__call__.<locals>.call_next.<locals>.coro"}
{"asctime": "2026-03-03 17:44:23,800", "levelname": "INFO", "message": "HTTP Request: GET http://localhost:8002/api/v1/payment_intake_matching/matching/dashboard/recent?limit=10 \"HTTP/1.1 200 OK\"", "url": null, "method": null, "process_time": null, "taskName": "starlette.middleware.base.BaseHTTPMiddleware.__call__.<locals>.call_next.<locals>.coro"}
{"asctime": "2026-03-03 17:44:23,804", "levelname": "INFO", "message": "HTTP Request: GET http://localhost:8002/api/v1/payment_intake_matching/matching/dashboard/unmatched-invoices \"HTTP/1.1 200 OK\"", "url": null, "method": null, "process_time": null, "taskName": "starlette.middleware.base.BaseHTTPMiddleware.__call__.<locals>.call_next.<locals>.coro"}
{"asctime": "2026-03-03 17:44:23,806", "levelname": "INFO", "message": "", "url": "/api/v1/payment_intake_matching/matching/dashboard/summary", "method": "GET", "process_time": 3.5245585441589355, "taskName": "Task-3049"}
{"asctime": "2026-03-03 17:44:23,935", "levelname": "INFO", "message": "HTTP Request: GET http://localhost:8002/api/v1/payment_intake_matching/matching/dashboard/unmatched-payments \"HTTP/1.1 200 OK\"", "url": null, "method": null, "process_time": null, "taskName": "starlette.middleware.base.BaseHTTPMiddleware.__call__.<locals>.call_next.<locals>.coro"}
{"asctime": "2026-03-03 17:44:23,942", "levelname": "INFO", "message": "", "url": "/api/v1/payment_intake_matching/matching/dashboard/recent", "method": "GET", "process_time": 2.8619041442871094, "taskName": "Task-3051"}
{"asctime": "2026-03-03 17:44:23,969", "levelname": "INFO", "message": "", "url": "/api/v1/payment_intake_matching/matching/dashboard/unmatched-invoices", "method": "GET", "process_time": 2.887054204940796, "taskName": "Task-3052"}
{"asctime": "2026-03-03 17:44:23,979", "levelname": "INFO", "message": "", "url": "/api/v1/payment_intake_matching/matching/dashboard/unmatched-payments", "method": "GET", "process_time": 2.8979079723358154, "taskName": "Task-3050"}
{"asctime": "2026-03-03 17:45:25,058", "levelname": "INFO", "message": "HTTP Request: GET http://localhost:8001/api/v1/users/auth/me \"HTTP/1.1 200 OK\"", "url": null, "method": null, "process_time": null, "taskName": "Task-3092"}
{"asctime": "2026-03-03 17:45:25,350", "levelname": "INFO", "message": "HTTP Request: GET http://localhost:8001/api/v1/users/auth/me \"HTTP/1.1 200 OK\"", "url": null, "method": null, "process_time": null, "taskName": "Task-3093"}
{"asctime": "2026-03-03 17:45:25,353", "levelname": "INFO", "message": "HTTP Request: GET http://localhost:8001/api/v1/users/auth/me \"HTTP/1.1 200 OK\"", "url": null, "method": null, "process_time": null, "taskName": "Task-3091"}
{"asctime": "2026-03-03 17:45:25,354", "levelname": "INFO", "message": "HTTP Request: GET http://localhost:8001/api/v1/users/auth/me \"HTTP/1.1 200 OK\"", "url": null, "method": null, "process_time": null, "taskName": "Task-3090"}
{"asctime": "2026-03-03 17:45:26,493", "levelname": "INFO", "message": "HTTP Request: GET http://localhost:8002/api/v1/payment_intake_matching/matching/dashboard/summary \"HTTP/1.1 200 OK\"", "url": null, "method": null, "process_time": null, "taskName": "starlette.middleware.base.BaseHTTPMiddleware.__call__.<locals>.call_next.<locals>.coro"}
{"asctime": "2026-03-03 17:45:26,525", "levelname": "INFO", "message": "HTTP Request: GET http://localhost:8002/api/v1/payment_intake_matching/matching/dashboard/unmatched-payments \"HTTP/1.1 200 OK\"", "url": null, "method": null, "process_time": null, "taskName": "starlette.middleware.base.BaseHTTPMiddleware.__call__.<locals>.call_next.<locals>.coro"}
{"asctime": "2026-03-03 17:45:26,526", "levelname": "INFO", "message": "HTTP Request: GET http://localhost:8002/api/v1/payment_intake_matching/matching/dashboard/recent?limit=10 \"HTTP/1.1 200 OK\"", "url": null, "method": null, "process_time": null, "taskName": "starlette.middleware.base.BaseHTTPMiddleware.__call__.<locals>.call_next.<locals>.coro"}
{"asctime": "2026-03-03 17:45:26,527", "levelname": "INFO", "message": "HTTP Request: GET http://localhost:8002/api/v1/payment_intake_matching/matching/dashboard/unmatched-invoices \"HTTP/1.1 200 OK\"", "url": null, "method": null, "process_time": null, "taskName": "starlette.middleware.base.BaseHTTPMiddleware.__call__.<locals>.call_next.<locals>.coro"}
{"asctime": "2026-03-03 17:45:26,528", "levelname": "INFO", "message": "", "url": "/api/v1/payment_intake_matching/matching/dashboard/summary", "method": "GET", "process_time": 1.1697170734405518, "taskName": "Task-3090"}
{"asctime": "2026-03-03 17:45:26,534", "levelname": "INFO", "message": "", "url": "/api/v1/payment_intake_matching/matching/dashboard/unmatched-payments", "method": "GET", "process_time": 1.1770439147949219, "taskName": "Task-3093"}
{"asctime": "2026-03-03 17:45:26,538", "levelname": "INFO", "message": "", "url": "/api/v1/payment_intake_matching/matching/dashboard/recent", "method": "GET", "process_time": 1.179473876953125, "taskName": "Task-3091"}
{"asctime": "2026-03-03 17:45:26,541", "levelname": "INFO", "message": "", "url": "/api/v1/payment_intake_matching/matching/dashboard/unmatched-invoices", "method": "GET", "process_time": 1.4817445278167725, "taskName": "Task-3092"}
{"asctime": "2026-03-03 17:46:24,783", "levelname": "INFO", "message": "HTTP Request: GET http://localhost:8001/api/v1/users/auth/me \"HTTP/1.1 200 OK\"", "url": null, "method": null, "process_time": null, "taskName": "Task-3131"}
{"asctime": "2026-03-03 17:46:25,064", "levelname": "INFO", "message": "HTTP Request: GET http://localhost:8001/api/v1/users/auth/me \"HTTP/1.1 200 OK\"", "url": null, "method": null, "process_time": null, "taskName": "Task-3132"}
{"asctime": "2026-03-03 17:46:25,065", "levelname": "INFO", "message": "HTTP Request: GET http://localhost:8001/api/v1/users/auth/me \"HTTP/1.1 200 OK\"", "url": null, "method": null, "process_time": null, "taskName": "Task-3133"}
{"asctime": "2026-03-03 17:46:25,065", "levelname": "INFO", "message": "HTTP Request: GET http://localhost:8001/api/v1/users/auth/me \"HTTP/1.1 200 OK\"", "url": null, "method": null, "process_time": null, "taskName": "Task-3127"}
{"asctime": "2026-03-03 17:46:26,341", "levelname": "INFO", "message": "HTTP Request: GET http://localhost:8002/api/v1/payment_intake_matching/matching/dashboard/summary \"HTTP/1.1 200 OK\"", "url": null, "method": null, "process_time": null, "taskName": "starlette.middleware.base.BaseHTTPMiddleware.__call__.<locals>.call_next.<locals>.coro"}
{"asctime": "2026-03-03 17:46:26,344", "levelname": "INFO", "message": "", "url": "/api/v1/payment_intake_matching/matching/dashboard/summary", "method": "GET", "process_time": 1.2772939205169678, "taskName": "Task-3127"}
{"asctime": "2026-03-03 17:46:26,421", "levelname": "INFO", "message": "HTTP Request: GET http://localhost:8002/api/v1/payment_intake_matching/matching/dashboard/recent?limit=10 \"HTTP/1.1 200 OK\"", "url": null, "method": null, "process_time": null, "taskName": "starlette.middleware.base.BaseHTTPMiddleware.__call__.<locals>.call_next.<locals>.coro"}
{"asctime": "2026-03-03 17:46:26,424", "levelname": "INFO", "message": "HTTP Request: GET http://localhost:8002/api/v1/payment_intake_matching/matching/dashboard/unmatched-invoices \"HTTP/1.1 200 OK\"", "url": null, "method": null, "process_time": null, "taskName": "starlette.middleware.base.BaseHTTPMiddleware.__call__.<locals>.call_next.<locals>.coro"}
{"asctime": "2026-03-03 17:46:26,424", "levelname": "INFO", "message": "", "url": "/api/v1/payment_intake_matching/matching/dashboard/recent", "method": "GET", "process_time": 1.3579280376434326, "taskName": "Task-3133"}
{"asctime": "2026-03-03 17:46:26,425", "levelname": "INFO", "message": "", "url": "/api/v1/payment_intake_matching/matching/dashboard/unmatched-invoices", "method": "GET", "process_time": 1.6393702030181885, "taskName": "Task-3131"}
{"asctime": "2026-03-03 17:46:26,441", "levelname": "INFO", "message": "HTTP Request: GET http://localhost:8002/api/v1/payment_intake_matching/matching/dashboard/unmatched-payments \"HTTP/1.1 200 OK\"", "url": null, "method": null, "process_time": null, "taskName": "starlette.middleware.base.BaseHTTPMiddleware.__call__.<locals>.call_next.<locals>.coro"}
{"asctime": "2026-03-03 17:46:26,445", "levelname": "INFO", "message": "", "url": "/api/v1/payment_intake_matching/matching/dashboard/unmatched-payments", "method": "GET", "process_time": 1.3785877227783203, "taskName": "Task-3132"}
{"asctime": "2026-03-03 17:47:25,003", "levelname": "INFO", "message": "HTTP Request: GET http://localhost:8001/api/v1/users/auth/me \"HTTP/1.1 200 OK\"", "url": null, "method": null, "process_time": null, "taskName": "Task-3171"}
{"asctime": "2026-03-03 17:47:25,276", "levelname": "INFO", "message": "HTTP Request: GET http://localhost:8001/api/v1/users/auth/me \"HTTP/1.1 200 OK\"", "url": null, "method": null, "process_time": null, "taskName": "Task-3170"}
{"asctime": "2026-03-03 17:47:25,278", "levelname": "INFO", "message": "HTTP Request: GET http://localhost:8001/api/v1/users/auth/me \"HTTP/1.1 200 OK\"", "url": null, "method": null, "process_time": null, "taskName": "Task-3173"}
{"asctime": "2026-03-03 17:47:25,279", "levelname": "INFO", "message": "HTTP Request: GET http://localhost:8001/api/v1/users/auth/me \"HTTP/1.1 200 OK\"", "url": null, "method": null, "process_time": null, "taskName": "Task-3172"}
{"asctime": "2026-03-03 17:47:26,407", "levelname": "INFO", "message": "HTTP Request: GET http://localhost:8002/api/v1/payment_intake_matching/matching/dashboard/recent?limit=10 \"HTTP/1.1 200 OK\"", "url": null, "method": null, "process_time": null, "taskName": "starlette.middleware.base.BaseHTTPMiddleware.__call__.<locals>.call_next.<locals>.coro"}
{"asctime": "2026-03-03 17:47:26,413", "levelname": "INFO", "message": "HTTP Request: GET http://localhost:8002/api/v1/payment_intake_matching/matching/dashboard/unmatched-invoices \"HTTP/1.1 200 OK\"", "url": null, "method": null, "process_time": null, "taskName": "starlette.middleware.base.BaseHTTPMiddleware.__call__.<locals>.call_next.<locals>.coro"}
{"asctime": "2026-03-03 17:47:26,415", "levelname": "INFO", "message": "HTTP Request: GET http://localhost:8002/api/v1/payment_intake_matching/matching/dashboard/unmatched-payments \"HTTP/1.1 200 OK\"", "url": null, "method": null, "process_time": null, "taskName": "starlette.middleware.base.BaseHTTPMiddleware.__call__.<locals>.call_next.<locals>.coro"}
{"asctime": "2026-03-03 17:47:26,416", "levelname": "INFO", "message": "HTTP Request: GET http://localhost:8002/api/v1/payment_intake_matching/matching/dashboard/summary \"HTTP/1.1 200 OK\"", "url": null, "method": null, "process_time": null, "taskName": "starlette.middleware.base.BaseHTTPMiddleware.__call__.<locals>.call_next.<locals>.coro"}
{"asctime": "2026-03-03 17:47:26,418", "levelname": "INFO", "message": "", "url": "/api/v1/payment_intake_matching/matching/dashboard/recent", "method": "GET", "process_time": 1.4057681560516357, "taskName": "Task-3171"}
{"asctime": "2026-03-03 17:47:26,422", "levelname": "INFO", "message": "", "url": "/api/v1/payment_intake_matching/matching/dashboard/unmatched-invoices", "method": "GET", "process_time": 0.8539721965789795, "taskName": "Task-3173"}
{"asctime": "2026-03-03 17:47:26,424", "levelname": "INFO", "message": "", "url": "/api/v1/payment_intake_matching/matching/dashboard/unmatched-payments", "method": "GET", "process_time": 0.8559708595275879, "taskName": "Task-3172"}
{"asctime": "2026-03-03 17:47:26,427", "levelname": "INFO", "message": "", "url": "/api/v1/payment_intake_matching/matching/dashboard/summary", "method": "GET", "process_time": 1.1470096111297607, "taskName": "Task-3170"}
{"asctime": "2026-03-03 17:48:26,361", "levelname": "INFO", "message": "HTTP Request: GET http://localhost:8001/api/v1/users/auth/me \"HTTP/1.1 200 OK\"", "url": null, "method": null, "process_time": null, "taskName": "Task-3207"}
{"asctime": "2026-03-03 17:48:27,216", "levelname": "INFO", "message": "HTTP Request: GET http://localhost:8001/api/v1/users/auth/me \"HTTP/1.1 200 OK\"", "url": null, "method": null, "process_time": null, "taskName": "Task-3214"}
{"asctime": "2026-03-03 17:48:27,220", "levelname": "INFO", "message": "HTTP Request: GET http://localhost:8001/api/v1/users/auth/me \"HTTP/1.1 200 OK\"", "url": null, "method": null, "process_time": null, "taskName": "Task-3213"}
{"asctime": "2026-03-03 17:48:27,959", "levelname": "INFO", "message": "HTTP Request: GET http://localhost:8001/api/v1/users/auth/me \"HTTP/1.1 200 OK\"", "url": null, "method": null, "process_time": null, "taskName": "Task-3212"}
{"asctime": "2026-03-03 17:48:29,451", "levelname": "INFO", "message": "HTTP Request: GET http://localhost:8002/api/v1/payment_intake_matching/matching/dashboard/summary \"HTTP/1.1 200 OK\"", "url": null, "method": null, "process_time": null, "taskName": "starlette.middleware.base.BaseHTTPMiddleware.__call__.<locals>.call_next.<locals>.coro"}
{"asctime": "2026-03-03 17:48:29,453", "levelname": "INFO", "message": "", "url": "/api/v1/payment_intake_matching/matching/dashboard/summary", "method": "GET", "process_time": 3.089296817779541, "taskName": "Task-3207"}
{"asctime": "2026-03-03 17:48:29,745", "levelname": "INFO", "message": "HTTP Request: GET http://localhost:8002/api/v1/payment_intake_matching/matching/dashboard/unmatched-payments \"HTTP/1.1 200 OK\"", "url": null, "method": null, "process_time": null, "taskName": "starlette.middleware.base.BaseHTTPMiddleware.__call__.<locals>.call_next.<locals>.coro"}
{"asctime": "2026-03-03 17:48:29,760", "levelname": "INFO", "message": "HTTP Request: GET http://localhost:8002/api/v1/payment_intake_matching/matching/dashboard/unmatched-invoices \"HTTP/1.1 200 OK\"", "url": null, "method": null, "process_time": null, "taskName": "starlette.middleware.base.BaseHTTPMiddleware.__call__.<locals>.call_next.<locals>.coro"}
{"asctime": "2026-03-03 17:48:29,776", "levelname": "INFO", "message": "HTTP Request: GET http://localhost:8002/api/v1/payment_intake_matching/matching/dashboard/recent?limit=10 \"HTTP/1.1 200 OK\"", "url": null, "method": null, "process_time": null, "taskName": "starlette.middleware.base.BaseHTTPMiddleware.__call__.<locals>.call_next.<locals>.coro"}
{"asctime": "2026-03-03 17:48:29,782", "levelname": "INFO", "message": "", "url": "/api/v1/payment_intake_matching/matching/dashboard/unmatched-payments", "method": "GET", "process_time": 0.9991979598999023, "taskName": "Task-3212"}
{"asctime": "2026-03-03 17:48:29,784", "levelname": "INFO", "message": "", "url": "/api/v1/payment_intake_matching/matching/dashboard/unmatched-invoices", "method": "GET", "process_time": 2.5643770694732666, "taskName": "Task-3214"}
{"asctime": "2026-03-03 17:48:29,786", "levelname": "INFO", "message": "", "url": "/api/v1/payment_intake_matching/matching/dashboard/recent", "method": "GET", "process_time": 1.8264424800872803, "taskName": "Task-3213"}
{"asctime": "2026-03-03 17:49:31,363", "levelname": "INFO", "message": "HTTP Request: GET http://localhost:8001/api/v1/users/auth/me \"HTTP/1.1 200 OK\"", "url": null, "method": null, "process_time": null, "taskName": "Task-3250"}
{"asctime": "2026-03-03 17:49:32,211", "levelname": "INFO", "message": "HTTP Request: GET http://localhost:8001/api/v1/users/auth/me \"HTTP/1.1 200 OK\"", "url": null, "method": null, "process_time": null, "taskName": "Task-3251"}
{"asctime": "2026-03-03 17:49:32,213", "levelname": "INFO", "message": "HTTP Request: GET http://localhost:8001/api/v1/users/auth/me \"HTTP/1.1 200 OK\"", "url": null, "method": null, "process_time": null, "taskName": "Task-3253"}
{"asctime": "2026-03-03 17:49:32,214", "levelname": "INFO", "message": "HTTP Request: GET http://localhost:8001/api/v1/users/auth/me \"HTTP/1.1 200 OK\"", "url": null, "method": null, "process_time": null, "taskName": "Task-3252"}
{"asctime": "2026-03-03 17:49:35,065", "levelname": "INFO", "message": "HTTP Request: GET http://localhost:8002/api/v1/payment_intake_matching/matching/dashboard/summary \"HTTP/1.1 200 OK\"", "url": null, "method": null, "process_time": null, "taskName": "starlette.middleware.base.BaseHTTPMiddleware.__call__.<locals>.call_next.<locals>.coro"}
{"asctime": "2026-03-03 17:49:35,066", "levelname": "INFO", "message": "", "url": "/api/v1/payment_intake_matching/matching/dashboard/summary", "method": "GET", "process_time": 3.7002947330474854, "taskName": "Task-3250"}
{"asctime": "2026-03-03 17:49:35,091", "levelname": "INFO", "message": "HTTP Request: GET http://localhost:8002/api/v1/payment_intake_matching/matching/dashboard/unmatched-payments \"HTTP/1.1 200 OK\"", "url": null, "method": null, "process_time": null, "taskName": "starlette.middleware.base.BaseHTTPMiddleware.__call__.<locals>.call_next.<locals>.coro"}
{"asctime": "2026-03-03 17:49:35,100", "levelname": "INFO", "message": "HTTP Request: GET http://localhost:8002/api/v1/payment_intake_matching/matching/dashboard/unmatched-invoices \"HTTP/1.1 200 OK\"", "url": null, "method": null, "process_time": null, "taskName": "starlette.middleware.base.BaseHTTPMiddleware.__call__.<locals>.call_next.<locals>.coro"}
{"asctime": "2026-03-03 17:49:35,105", "levelname": "INFO", "message": "HTTP Request: GET http://localhost:8002/api/v1/payment_intake_matching/matching/dashboard/recent?limit=10 \"HTTP/1.1 200 OK\"", "url": null, "method": null, "process_time": null, "taskName": "starlette.middleware.base.BaseHTTPMiddleware.__call__.<locals>.call_next.<locals>.coro"}
{"asctime": "2026-03-03 17:49:35,106", "levelname": "INFO", "message": "", "url": "/api/v1/payment_intake_matching/matching/dashboard/unmatched-payments", "method": "GET", "process_time": 2.1440486907958984, "taskName": "Task-3253"}
{"asctime": "2026-03-03 17:49:35,111", "levelname": "INFO", "message": "", "url": "/api/v1/payment_intake_matching/matching/dashboard/unmatched-invoices", "method": "GET", "process_time": 2.1461181640625, "taskName": "Task-3252"}
{"asctime": "2026-03-03 17:49:35,114", "levelname": "INFO", "message": "", "url": "/api/v1/payment_intake_matching/matching/dashboard/recent", "method": "GET", "process_time": 2.897826910018921, "taskName": "Task-3251"}
{"asctime": "2026-03-03 17:50:26,993", "levelname": "INFO", "message": "HTTP Request: GET http://localhost:8001/api/v1/users/auth/me \"HTTP/1.1 200 OK\"", "url": null, "method": null, "process_time": null, "taskName": "Task-3287"}
{"asctime": "2026-03-03 17:50:27,875", "levelname": "INFO", "message": "HTTP Request: GET http://localhost:8001/api/v1/users/auth/me \"HTTP/1.1 200 OK\"", "url": null, "method": null, "process_time": null, "taskName": "Task-3293"}
{"asctime": "2026-03-03 17:50:29,361", "levelname": "INFO", "message": "HTTP Request: GET http://localhost:8001/api/v1/users/auth/me \"HTTP/1.1 200 OK\"", "url": null, "method": null, "process_time": null, "taskName": "Task-3291"}
{"asctime": "2026-03-03 17:50:29,364", "levelname": "INFO", "message": "HTTP Request: GET http://localhost:8001/api/v1/users/auth/me \"HTTP/1.1 200 OK\"", "url": null, "method": null, "process_time": null, "taskName": "Task-3292"}
{"asctime": "2026-03-03 17:50:31,137", "levelname": "INFO", "message": "HTTP Request: GET http://localhost:8002/api/v1/payment_intake_matching/matching/dashboard/summary \"HTTP/1.1 200 OK\"", "url": null, "method": null, "process_time": null, "taskName": "starlette.middleware.base.BaseHTTPMiddleware.__call__.<locals>.call_next.<locals>.coro"}
{"asctime": "2026-03-03 17:50:31,140", "levelname": "INFO", "message": "", "url": "/api/v1/payment_intake_matching/matching/dashboard/summary", "method": "GET", "process_time": 4.13696813583374, "taskName": "Task-3287"}
{"asctime": "2026-03-03 17:50:31,438", "levelname": "INFO", "message": "HTTP Request: GET http://localhost:8002/api/v1/payment_intake_matching/matching/dashboard/unmatched-payments \"HTTP/1.1 200 OK\"", "url": null, "method": null, "process_time": null, "taskName": "starlette.middleware.base.BaseHTTPMiddleware.__call__.<locals>.call_next.<locals>.coro"}
{"asctime": "2026-03-03 17:50:31,451", "levelname": "INFO", "message": "", "url": "/api/v1/payment_intake_matching/matching/dashboard/unmatched-payments", "method": "GET", "process_time": 2.071333646774292, "taskName": "Task-3291"}
{"asctime": "2026-03-03 17:50:31,563", "levelname": "INFO", "message": "HTTP Request: GET http://localhost:8002/api/v1/payment_intake_matching/matching/dashboard/recent?limit=10 \"HTTP/1.1 200 OK\"", "url": null, "method": null, "process_time": null, "taskName": "starlette.middleware.base.BaseHTTPMiddleware.__call__.<locals>.call_next.<locals>.coro"}
{"asctime": "2026-03-03 17:50:31,599", "levelname": "INFO", "message": "", "url": "/api/v1/payment_intake_matching/matching/dashboard/recent", "method": "GET", "process_time": 2.2196896076202393, "taskName": "Task-3292"}
{"asctime": "2026-03-03 17:50:31,609", "levelname": "INFO", "message": "HTTP Request: GET http://localhost:8002/api/v1/payment_intake_matching/matching/dashboard/unmatched-invoices \"HTTP/1.1 200 OK\"", "url": null, "method": null, "process_time": null, "taskName": "starlette.middleware.base.BaseHTTPMiddleware.__call__.<locals>.call_next.<locals>.coro"}
{"asctime": "2026-03-03 17:50:31,618", "levelname": "INFO", "message": "", "url": "/api/v1/payment_intake_matching/matching/dashboard/unmatched-invoices", "method": "GET", "process_time": 3.7335429191589355, "taskName": "Task-3293"}
{"asctime": "2026-03-03 17:51:14,774", "levelname": "INFO", "message": "HTTP Request: GET http://localhost:8001/api/v1/users/auth/me \"HTTP/1.1 200 OK\"", "url": null, "method": null, "process_time": null, "taskName": "Task-3327"}
{"asctime": "2026-03-03 17:51:15,906", "levelname": "INFO", "message": "HTTP Request: GET http://localhost:8001/api/v1/users/auth/me \"HTTP/1.1 200 OK\"", "url": null, "method": null, "process_time": null, "taskName": "starlette.middleware.base.BaseHTTPMiddleware.__call__.<locals>.call_next.<locals>.coro"}
{"asctime": "2026-03-03 17:51:15,915", "levelname": "INFO", "message": "", "url": "/api/v1/users/auth/me", "method": "GET", "process_time": 1.1321864128112793, "taskName": "Task-3327"}
{"asctime": "2026-03-03 17:51:20,780", "levelname": "INFO", "message": "HTTP Request: GET http://localhost:8001/api/v1/users/auth/me \"HTTP/1.1 200 OK\"", "url": null, "method": null, "process_time": null, "taskName": "Task-3337"}
{"asctime": "2026-03-03 17:51:21,785", "levelname": "INFO", "message": "HTTP Request: GET http://localhost:8001/api/v1/users/auth/me \"HTTP/1.1 200 OK\"", "url": null, "method": null, "process_time": null, "taskName": "Task-3342"}
{"asctime": "2026-03-03 17:51:23,782", "levelname": "INFO", "message": "HTTP Request: GET http://localhost:8001/api/v1/users/auth/me \"HTTP/1.1 200 OK\"", "url": null, "method": null, "process_time": null, "taskName": "Task-3343"}
{"asctime": "2026-03-03 17:51:23,784", "levelname": "INFO", "message": "HTTP Request: GET http://localhost:8001/api/v1/users/auth/me \"HTTP/1.1 200 OK\"", "url": null, "method": null, "process_time": null, "taskName": "Task-3338"}
{"asctime": "2026-03-03 17:51:26,804", "levelname": "INFO", "message": "HTTP Request: GET http://localhost:8002/api/v1/payment_intake_matching/matching/dashboard/summary \"HTTP/1.1 200 OK\"", "url": null, "method": null, "process_time": null, "taskName": "starlette.middleware.base.BaseHTTPMiddleware.__call__.<locals>.call_next.<locals>.coro"}
{"asctime": "2026-03-03 17:51:26,810", "levelname": "INFO", "message": "", "url": "/api/v1/payment_intake_matching/matching/dashboard/summary", "method": "GET", "process_time": 6.025026798248291, "taskName": "Task-3337"}
{"asctime": "2026-03-03 17:51:27,065", "levelname": "INFO", "message": "HTTP Request: GET http://localhost:8001/api/v1/users/auth/me \"HTTP/1.1 200 OK\"", "url": null, "method": null, "process_time": null, "taskName": "Task-3366"}
{"asctime": "2026-03-03 17:51:28,294", "levelname": "INFO", "message": "HTTP Request: GET http://localhost:8002/api/v1/payment_intake_matching/matching/dashboard/unmatched-invoices \"HTTP/1.1 200 OK\"", "url": null, "method": null, "process_time": null, "taskName": "starlette.middleware.base.BaseHTTPMiddleware.__call__.<locals>.call_next.<locals>.coro"}
{"asctime": "2026-03-03 17:51:28,296", "levelname": "INFO", "message": "HTTP Request: GET http://localhost:8002/api/v1/payment_intake_matching/matching/dashboard/unmatched-payments \"HTTP/1.1 200 OK\"", "url": null, "method": null, "process_time": null, "taskName": "starlette.middleware.base.BaseHTTPMiddleware.__call__.<locals>.call_next.<locals>.coro"}
{"asctime": "2026-03-03 17:51:28,298", "levelname": "INFO", "message": "HTTP Request: GET http://localhost:8002/api/v1/payment_intake_matching/matching/dashboard/recent?limit=10 \"HTTP/1.1 200 OK\"", "url": null, "method": null, "process_time": null, "taskName": "starlette.middleware.base.BaseHTTPMiddleware.__call__.<locals>.call_next.<locals>.coro"}
{"asctime": "2026-03-03 17:51:28,318", "levelname": "INFO", "message": "", "url": "/api/v1/payment_intake_matching/matching/dashboard/unmatched-invoices", "method": "GET", "process_time": 6.502265453338623, "taskName": "Task-3342"}
{"asctime": "2026-03-03 17:51:28,320", "levelname": "INFO", "message": "", "url": "/api/v1/payment_intake_matching/matching/dashboard/unmatched-payments", "method": "GET", "process_time": 4.52736234664917, "taskName": "Task-3343"}
{"asctime": "2026-03-03 17:51:28,327", "levelname": "INFO", "message": "", "url": "/api/v1/payment_intake_matching/matching/dashboard/recent", "method": "GET", "process_time": 4.533127069473267, "taskName": "Task-3338"}
{"asctime": "2026-03-03 17:51:28,634", "levelname": "INFO", "message": "HTTP Request: GET http://localhost:8002/api/v1/payment_intake_matching/documents/ \"HTTP/1.1 200 OK\"", "url": null, "method": null, "process_time": null, "taskName": "starlette.middleware.base.BaseHTTPMiddleware.__call__.<locals>.call_next.<locals>.coro"}
{"asctime": "2026-03-03 17:51:28,644", "levelname": "INFO", "message": "", "url": "/api/v1/payment_intake_matching/documents/", "method": "GET", "process_time": 1.5678513050079346, "taskName": "Task-3366"}
{"asctime": "2026-03-03 17:51:34,778", "levelname": "INFO", "message": "HTTP Request: GET http://localhost:8001/api/v1/users/auth/me \"HTTP/1.1 200 OK\"", "url": null, "method": null, "process_time": null, "taskName": "Task-3387"}
{"asctime": "2026-03-03 17:51:35,774", "levelname": "INFO", "message": "HTTP Request: GET http://localhost:8001/api/v1/users/auth/me \"HTTP/1.1 200 OK\"", "url": null, "method": null, "process_time": null, "taskName": "Task-3388"}
{"asctime": "2026-03-03 17:51:35,776", "levelname": "INFO", "message": "HTTP Request: GET http://localhost:8001/api/v1/users/auth/me \"HTTP/1.1 200 OK\"", "url": null, "method": null, "process_time": null, "taskName": "Task-3386"}
{"asctime": "2026-03-03 17:51:35,778", "levelname": "INFO", "message": "HTTP Request: GET http://localhost:8001/api/v1/users/auth/me \"HTTP/1.1 200 OK\"", "url": null, "method": null, "process_time": null, "taskName": "Task-3385"}
{"asctime": "2026-03-03 17:51:38,699", "levelname": "INFO", "message": "HTTP Request: GET http://localhost:8001/api/v1/users/auth/me \"HTTP/1.1 200 OK\"", "url": null, "method": null, "process_time": null, "taskName": "Task-3389"}
{"asctime": "2026-03-03 17:51:38,703", "levelname": "INFO", "message": "HTTP Request: GET http://localhost:8001/api/v1/users/auth/me \"HTTP/1.1 200 OK\"", "url": null, "method": null, "process_time": null, "taskName": "Task-3395"}
{"asctime": "2026-03-03 17:51:40,757", "levelname": "INFO", "message": "HTTP Request: GET http://localhost:8002/api/v1/payment_intake_matching/documents/1/invoices \"HTTP/1.1 200 OK\"", "url": null, "method": null, "process_time": null, "taskName": "starlette.middleware.base.BaseHTTPMiddleware.__call__.<locals>.call_next.<locals>.coro"}
{"asctime": "2026-03-03 17:51:40,764", "levelname": "INFO", "message": "HTTP Request: GET http://localhost:8002/api/v1/payment_intake_matching/documents/3/invoices \"HTTP/1.1 200 OK\"", "url": null, "method": null, "process_time": null, "taskName": "starlette.middleware.base.BaseHTTPMiddleware.__call__.<locals>.call_next.<locals>.coro"}
{"asctime": "2026-03-03 17:51:40,769", "levelname": "INFO", "message": "", "url": "/api/v1/payment_intake_matching/documents/1/invoices", "method": "GET", "process_time": 4.98114013671875, "taskName": "Task-3385"}
{"asctime": "2026-03-03 17:51:41,032", "levelname": "INFO", "message": "HTTP Request: GET http://localhost:8002/api/v1/payment_intake_matching/documents/4/invoices \"HTTP/1.1 200 OK\"", "url": null, "method": null, "process_time": null, "taskName": "starlette.middleware.base.BaseHTTPMiddleware.__call__.<locals>.call_next.<locals>.coro"}
{"asctime": "2026-03-03 17:51:41,052", "levelname": "INFO", "message": "", "url": "/api/v1/payment_intake_matching/documents/3/invoices", "method": "GET", "process_time": 5.267175912857056, "taskName": "Task-3388"}
{"asctime": "2026-03-03 17:51:41,203", "levelname": "INFO", "message": "", "url": "/api/v1/payment_intake_matching/documents/4/invoices", "method": "GET", "process_time": 6.417707920074463, "taskName": "Task-3387"}
{"asctime": "2026-03-03 17:51:42,533", "levelname": "INFO", "message": "HTTP Request: GET http://localhost:8002/api/v1/payment_intake_matching/documents/5/invoices \"HTTP/1.1 200 OK\"", "url": null, "method": null, "process_time": null, "taskName": "starlette.middleware.base.BaseHTTPMiddleware.__call__.<locals>.call_next.<locals>.coro"}
{"asctime": "2026-03-03 17:51:42,543", "levelname": "INFO", "message": "", "url": "/api/v1/payment_intake_matching/documents/5/invoices", "method": "GET", "process_time": 6.756268739700317, "taskName": "Task-3386"}
{"asctime": "2026-03-03 17:51:42,563", "levelname": "INFO", "message": "HTTP Request: GET http://localhost:8002/api/v1/payment_intake_matching/documents/7/invoices \"HTTP/1.1 200 OK\"", "url": null, "method": null, "process_time": null, "taskName": "starlette.middleware.base.BaseHTTPMiddleware.__call__.<locals>.call_next.<locals>.coro"}
{"asctime": "2026-03-03 17:51:42,567", "levelname": "INFO", "message": "HTTP Request: GET http://localhost:8002/api/v1/payment_intake_matching/documents/6/invoices \"HTTP/1.1 200 OK\"", "url": null, "method": null, "process_time": null, "taskName": "starlette.middleware.base.BaseHTTPMiddleware.__call__.<locals>.call_next.<locals>.coro"}
{"asctime": "2026-03-03 17:51:42,570", "levelname": "INFO", "message": "", "url": "/api/v1/payment_intake_matching/documents/7/invoices", "method": "GET", "process_time": 2.8821284770965576, "taskName": "Task-3395"}
{"asctime": "2026-03-03 17:51:42,583", "levelname": "INFO", "message": "", "url": "/api/v1/payment_intake_matching/documents/6/invoices", "method": "GET", "process_time": 3.8813817501068115, "taskName": "Task-3389"}
{"asctime": "2026-03-03 17:51:42,817", "levelname": "INFO", "message": "HTTP Request: GET http://localhost:8001/api/v1/users/auth/me \"HTTP/1.1 200 OK\"", "url": null, "method": null, "process_time": null, "taskName": "Task-3440"}
{"asctime": "2026-03-03 17:51:44,240", "levelname": "INFO", "message": "HTTP Request: GET http://localhost:8002/api/v1/payment_intake_matching/documents/8/invoices \"HTTP/1.1 200 OK\"", "url": null, "method": null, "process_time": null, "taskName": "starlette.middleware.base.BaseHTTPMiddleware.__call__.<locals>.call_next.<locals>.coro"}
{"asctime": "2026-03-03 17:51:44,244", "levelname": "INFO", "message": "", "url": "/api/v1/payment_intake_matching/documents/8/invoices", "method": "GET", "process_time": 1.4252843856811523, "taskName": "Task-3440"}
{"asctime": "2026-03-03 17:54:02,298", "levelname": "INFO", "message": "HTTP Request: GET http://localhost:8001/api/v1/users/auth/me \"HTTP/1.1 200 OK\"", "url": null, "method": null, "process_time": null, "taskName": "Task-3455"}
{"asctime": "2026-03-03 17:54:02,311", "levelname": "INFO", "message": "HTTP Request: GET http://localhost:8001/api/v1/users/auth/me \"HTTP/1.1 200 OK\"", "url": null, "method": null, "process_time": null, "taskName": "Task-3456"}
{"asctime": "2026-03-03 17:54:02,314", "levelname": "INFO", "message": "HTTP Request: GET http://localhost:8001/api/v1/users/auth/me \"HTTP/1.1 200 OK\"", "url": null, "method": null, "process_time": null, "taskName": "Task-3454"}
{"asctime": "2026-03-03 17:54:03,178", "levelname": "INFO", "message": "HTTP Request: GET http://localhost:8001/api/v1/users/auth/me \"HTTP/1.1 200 OK\"", "url": null, "method": null, "process_time": null, "taskName": "Task-3453"}
{"asctime": "2026-03-03 17:54:06,182", "levelname": "INFO", "message": "HTTP Request: GET http://localhost:8002/api/v1/payment_intake_matching/matching/dashboard/unmatched-invoices \"HTTP/1.1 200 OK\"", "url": null, "method": null, "process_time": null, "taskName": "starlette.middleware.base.BaseHTTPMiddleware.__call__.<locals>.call_next.<locals>.coro"}
{"asctime": "2026-03-03 17:54:06,187", "levelname": "INFO", "message": "HTTP Request: GET http://localhost:8002/api/v1/payment_intake_matching/matching/dashboard/recent?limit=10 \"HTTP/1.1 200 OK\"", "url": null, "method": null, "process_time": null, "taskName": "starlette.middleware.base.BaseHTTPMiddleware.__call__.<locals>.call_next.<locals>.coro"}
{"asctime": "2026-03-03 17:54:06,189", "levelname": "INFO", "message": "HTTP Request: GET http://localhost:8002/api/v1/payment_intake_matching/matching/dashboard/summary \"HTTP/1.1 200 OK\"", "url": null, "method": null, "process_time": null, "taskName": "starlette.middleware.base.BaseHTTPMiddleware.__call__.<locals>.call_next.<locals>.coro"}
{"asctime": "2026-03-03 17:54:06,194", "levelname": "INFO", "message": "HTTP Request: GET http://localhost:8002/api/v1/payment_intake_matching/matching/dashboard/unmatched-payments \"HTTP/1.1 200 OK\"", "url": null, "method": null, "process_time": null, "taskName": "starlette.middleware.base.BaseHTTPMiddleware.__call__.<locals>.call_next.<locals>.coro"}
{"asctime": "2026-03-03 17:54:06,195", "levelname": "INFO", "message": "", "url": "/api/v1/payment_intake_matching/matching/dashboard/unmatched-invoices", "method": "GET", "process_time": 3.884511709213257, "taskName": "Task-3455"}
{"asctime": "2026-03-03 17:54:06,200", "levelname": "INFO", "message": "", "url": "/api/v1/payment_intake_matching/matching/dashboard/recent", "method": "GET", "process_time": 3.0225939750671387, "taskName": "Task-3456"}
{"asctime": "2026-03-03 17:54:06,202", "levelname": "INFO", "message": "", "url": "/api/v1/payment_intake_matching/matching/dashboard/summary", "method": "GET", "process_time": 1.2529256343841553, "taskName": "Task-3453"}
{"asctime": "2026-03-03 17:54:06,204", "levelname": "INFO", "message": "", "url": "/api/v1/payment_intake_matching/matching/dashboard/unmatched-payments", "method": "GET", "process_time": 3.026008129119873, "taskName": "Task-3454"}
{"asctime": "2026-03-03 17:55:04,602", "levelname": "INFO", "message": "HTTP Request: GET http://localhost:8001/api/v1/users/auth/me \"HTTP/1.1 200 OK\"", "url": null, "method": null, "process_time": null, "taskName": "Task-3491"}
{"asctime": "2026-03-03 17:55:06,010", "levelname": "INFO", "message": "HTTP Request: POST http://localhost:8002/api/v1/payment_intake_matching/documents/upload?document_type=INVOICE \"HTTP/1.1 413 Request Entity Too Large\"", "url": null, "method": null, "process_time": null, "taskName": "starlette.middleware.base.BaseHTTPMiddleware.__call__.<locals>.call_next.<locals>.coro"}
{"asctime": "2026-03-03 17:55:06,016", "levelname": "INFO", "message": "", "url": "/api/v1/payment_intake_matching/documents/upload", "method": "POST", "process_time": 1.4111332893371582, "taskName": "Task-3491"}
{"asctime": "2026-03-03 17:59:44,613", "levelname": "INFO", "message": "HTTP Request: GET http://localhost:8001/api/v1/users/auth/me \"HTTP/1.1 200 OK\"", "url": null, "method": null, "process_time": null, "taskName": "Task-3530"}
{"asctime": "2026-03-03 18:00:07,082", "levelname": "INFO", "message": "HTTP Request: POST http://localhost:8002/api/v1/payment_intake_matching/documents/upload?document_type=INVOICE \"HTTP/1.1 422 Unprocessable Entity\"", "url": null, "method": null, "process_time": null, "taskName": "starlette.middleware.base.BaseHTTPMiddleware.__call__.<locals>.call_next.<locals>.coro"}
{"asctime": "2026-03-03 18:00:07,086", "levelname": "INFO", "message": "", "url": "/api/v1/payment_intake_matching/documents/upload", "method": "POST", "process_time": 22.462119340896606, "taskName": "Task-3530"}
{"asctime": "2026-03-03 18:00:34,669", "levelname": "INFO", "message": "HTTP Request: GET http://localhost:8001/api/v1/users/auth/me \"HTTP/1.1 200 OK\"", "url": null, "method": null, "process_time": null, "taskName": "Task-3541"}
{"asctime": "2026-03-03 18:00:35,967", "levelname": "INFO", "message": "HTTP Request: POST http://localhost:8002/api/v1/payment_intake_matching/documents/upload?document_type=INVOICE \"HTTP/1.1 422 Unprocessable Entity\"", "url": null, "method": null, "process_time": null, "taskName": "starlette.middleware.base.BaseHTTPMiddleware.__call__.<locals>.call_next.<locals>.coro"}
{"asctime": "2026-03-03 18:00:35,972", "levelname": "INFO", "message": "", "url": "/api/v1/payment_intake_matching/documents/upload", "method": "POST", "process_time": 1.300316333770752, "taskName": "Task-3541"}
{"asctime": "2026-03-03 18:02:06,175", "levelname": "INFO", "message": "HTTP Request: GET http://localhost:8001/api/v1/users/auth/me \"HTTP/1.1 200 OK\"", "url": null, "method": null, "process_time": null, "taskName": "Task-3552"}
{"asctime": "2026-03-03 18:02:08,157", "levelname": "INFO", "message": "HTTP Request: POST http://localhost:8002/api/v1/payment_intake_matching/documents/upload?document_type=PAYMENT \"HTTP/1.1 422 Unprocessable Entity\"", "url": null, "method": null, "process_time": null, "taskName": "starlette.middleware.base.BaseHTTPMiddleware.__call__.<locals>.call_next.<locals>.coro"}
{"asctime": "2026-03-03 18:02:08,164", "levelname": "INFO", "message": "", "url": "/api/v1/payment_intake_matching/documents/upload", "method": "POST", "process_time": 1.9842448234558105, "taskName": "Task-3552"}
{"asctime": "2026-03-03 20:10:56,169", "levelname": "INFO", "message": "HTTP Request: GET http://localhost:8001/api/v1/users/auth/me \"HTTP/1.1 200 OK\"", "url": null, "method": null, "process_time": null, "taskName": "Task-4"}
{"asctime": "2026-03-03 20:10:57,675", "levelname": "INFO", "message": "HTTP Request: GET http://localhost:8001/api/v1/users/auth/me \"HTTP/1.1 200 OK\"", "url": null, "method": null, "process_time": null, "taskName": "starlette.middleware.base.BaseHTTPMiddleware.__call__.<locals>.call_next.<locals>.coro"}
{"asctime": "2026-03-03 20:10:57,679", "levelname": "INFO", "message": "", "url": "/api/v1/users/auth/me", "method": "GET", "process_time": 1.5034494400024414, "taskName": "Task-4"}
{"asctime": "2026-03-03 20:11:02,991", "levelname": "INFO", "message": "HTTP Request: GET http://localhost:8001/api/v1/users/auth/me \"HTTP/1.1 200 OK\"", "url": null, "method": null, "process_time": null, "taskName": "Task-14"}
{"asctime": "2026-03-03 20:11:03,918", "levelname": "INFO", "message": "HTTP Request: GET http://localhost:8001/api/v1/users/auth/me \"HTTP/1.1 200 OK\"", "url": null, "method": null, "process_time": null, "taskName": "Task-15"}
{"asctime": "2026-03-03 20:11:04,882", "levelname": "INFO", "message": "HTTP Request: GET http://localhost:8001/api/v1/users/auth/me \"HTTP/1.1 200 OK\"", "url": null, "method": null, "process_time": null, "taskName": "Task-20"}
{"asctime": "2026-03-03 20:11:04,884", "levelname": "INFO", "message": "HTTP Request: GET http://localhost:8001/api/v1/users/auth/me \"HTTP/1.1 200 OK\"", "url": null, "method": null, "process_time": null, "taskName": "Task-19"}
{"asctime": "2026-03-03 20:11:07,760", "levelname": "INFO", "message": "HTTP Request: GET http://localhost:8002/api/v1/payment_intake_matching/matching/dashboard/summary \"HTTP/1.1 200 OK\"", "url": null, "method": null, "process_time": null, "taskName": "starlette.middleware.base.BaseHTTPMiddleware.__call__.<locals>.call_next.<locals>.coro"}
{"asctime": "2026-03-03 20:11:07,770", "levelname": "INFO", "message": "", "url": "/api/v1/payment_intake_matching/matching/dashboard/summary", "method": "GET", "process_time": 4.776071786880493, "taskName": "Task-14"}
{"asctime": "2026-03-03 20:11:08,006", "levelname": "INFO", "message": "HTTP Request: GET http://localhost:8002/api/v1/payment_intake_matching/matching/dashboard/recent?limit=10 \"HTTP/1.1 200 OK\"", "url": null, "method": null, "process_time": null, "taskName": "starlette.middleware.base.BaseHTTPMiddleware.__call__.<locals>.call_next.<locals>.coro"}
{"asctime": "2026-03-03 20:11:08,022", "levelname": "INFO", "message": "", "url": "/api/v1/payment_intake_matching/matching/dashboard/recent", "method": "GET", "process_time": 4.099539756774902, "taskName": "Task-15"}
{"asctime": "2026-03-03 20:11:09,090", "levelname": "INFO", "message": "HTTP Request: GET http://localhost:8002/api/v1/payment_intake_matching/matching/dashboard/unmatched-payments \"HTTP/1.1 200 OK\"", "url": null, "method": null, "process_time": null, "taskName": "starlette.middleware.base.BaseHTTPMiddleware.__call__.<locals>.call_next.<locals>.coro"}
{"asctime": "2026-03-03 20:11:09,261", "levelname": "INFO", "message": "", "url": "/api/v1/payment_intake_matching/matching/dashboard/unmatched-payments", "method": "GET", "process_time": 4.368675947189331, "taskName": "Task-20"}
{"asctime": "2026-03-03 20:11:09,323", "levelname": "INFO", "message": "HTTP Request: GET http://localhost:8002/api/v1/payment_intake_matching/matching/dashboard/unmatched-invoices \"HTTP/1.1 200 OK\"", "url": null, "method": null, "process_time": null, "taskName": "starlette.middleware.base.BaseHTTPMiddleware.__call__.<locals>.call_next.<locals>.coro"}
{"asctime": "2026-03-03 20:11:09,493", "levelname": "INFO", "message": "", "url": "/api/v1/payment_intake_matching/matching/dashboard/unmatched-invoices", "method": "GET", "process_time": 4.599618434906006, "taskName": "Task-19"}
{"asctime": "2026-03-03 20:12:08,596", "levelname": "INFO", "message": "HTTP Request: GET http://localhost:8001/api/v1/users/auth/me \"HTTP/1.1 200 OK\"", "url": null, "method": null, "process_time": null, "taskName": "Task-57"}
{"asctime": "2026-03-03 20:12:10,093", "levelname": "INFO", "message": "HTTP Request: GET http://localhost:8001/api/v1/users/auth/me \"HTTP/1.1 200 OK\"", "url": null, "method": null, "process_time": null, "taskName": "Task-59"}
{"asctime": "2026-03-03 20:12:10,096", "levelname": "INFO", "message": "HTTP Request: GET http://localhost:8001/api/v1/users/auth/me \"HTTP/1.1 200 OK\"", "url": null, "method": null, "process_time": null, "taskName": "Task-58"}
{"asctime": "2026-03-03 20:12:14,511", "levelname": "INFO", "message": "HTTP Request: GET http://localhost:8002/api/v1/payment_intake_matching/matching/dashboard/unmatched-payments \"HTTP/1.1 200 OK\"", "url": null, "method": null, "process_time": null, "taskName": "starlette.middleware.base.BaseHTTPMiddleware.__call__.<locals>.call_next.<locals>.coro"}
{"asctime": "2026-03-03 20:12:14,527", "levelname": "INFO", "message": "", "url": "/api/v1/payment_intake_matching/matching/dashboard/unmatched-payments", "method": "GET", "process_time": 5.903820276260376, "taskName": "Task-57"}
{"asctime": "2026-03-03 20:12:14,806", "levelname": "INFO", "message": "HTTP Request: GET http://localhost:8002/api/v1/payment_intake_matching/matching/dashboard/unmatched-invoices \"HTTP/1.1 200 OK\"", "url": null, "method": null, "process_time": null, "taskName": "starlette.middleware.base.BaseHTTPMiddleware.__call__.<locals>.call_next.<locals>.coro"}
{"asctime": "2026-03-03 20:12:14,924", "levelname": "INFO", "message": "", "url": "/api/v1/payment_intake_matching/matching/dashboard/unmatched-invoices", "method": "GET", "process_time": 4.818923234939575, "taskName": "Task-59"}
{"asctime": "2026-03-03 20:12:14,957", "levelname": "INFO", "message": "HTTP Request: GET http://localhost:8002/api/v1/payment_intake_matching/matching/dashboard/recent?limit=10 \"HTTP/1.1 200 OK\"", "url": null, "method": null, "process_time": null, "taskName": "starlette.middleware.base.BaseHTTPMiddleware.__call__.<locals>.call_next.<locals>.coro"}
{"asctime": "2026-03-03 20:12:15,061", "levelname": "INFO", "message": "", "url": "/api/v1/payment_intake_matching/matching/dashboard/recent", "method": "GET", "process_time": 4.950814962387085, "taskName": "Task-58"}
{"asctime": "2026-03-03 20:12:25,140", "levelname": "INFO", "message": "HTTP Request: GET http://localhost:8001/api/v1/users/auth/me \"HTTP/1.1 200 OK\"", "url": null, "method": null, "process_time": null, "taskName": "Task-86"}
{"asctime": "2026-03-03 20:12:26,265", "levelname": "INFO", "message": "HTTP Request: GET http://localhost:8001/api/v1/users/auth/me \"HTTP/1.1 200 OK\"", "url": null, "method": null, "process_time": null, "taskName": "starlette.middleware.base.BaseHTTPMiddleware.__call__.<locals>.call_next.<locals>.coro"}
{"asctime": "2026-03-03 20:12:26,266", "levelname": "INFO", "message": "", "url": "/api/v1/users/auth/me", "method": "GET", "process_time": 1.1244947910308838, "taskName": "Task-86"}
{"asctime": "2026-03-03 20:12:37,360", "levelname": "INFO", "message": "HTTP Request: GET http://localhost:8001/api/v1/users/auth/me \"HTTP/1.1 200 OK\"", "url": null, "method": null, "process_time": null, "taskName": "Task-100"}
{"asctime": "2026-03-03 20:12:38,657", "levelname": "INFO", "message": "HTTP Request: GET http://localhost:8001/api/v1/users/auth/me \"HTTP/1.1 200 OK\"", "url": null, "method": null, "process_time": null, "taskName": "Task-102"}
{"asctime": "2026-03-03 20:12:38,658", "levelname": "INFO", "message": "HTTP Request: GET http://localhost:8001/api/v1/users/auth/me \"HTTP/1.1 200 OK\"", "url": null, "method": null, "process_time": null, "taskName": "Task-101"}
{"asctime": "2026-03-03 20:12:42,869", "levelname": "INFO", "message": "HTTP Request: GET http://localhost:8002/api/v1/payment_intake_matching/matching/dashboard/unmatched-payments \"HTTP/1.1 200 OK\"", "url": null, "method": null, "process_time": null, "taskName": "starlette.middleware.base.BaseHTTPMiddleware.__call__.<locals>.call_next.<locals>.coro"}
{"asctime": "2026-03-03 20:12:42,960", "levelname": "INFO", "message": "", "url": "/api/v1/payment_intake_matching/matching/dashboard/unmatched-payments", "method": "GET", "process_time": 5.583158493041992, "taskName": "Task-100"}
{"asctime": "2026-03-03 20:12:42,990", "levelname": "INFO", "message": "HTTP Request: GET http://localhost:8002/api/v1/payment_intake_matching/matching/dashboard/unmatched-invoices \"HTTP/1.1 200 OK\"", "url": null, "method": null, "process_time": null, "taskName": "starlette.middleware.base.BaseHTTPMiddleware.__call__.<locals>.call_next.<locals>.coro"}
{"asctime": "2026-03-03 20:12:42,993", "levelname": "INFO", "message": "HTTP Request: GET http://localhost:8002/api/v1/payment_intake_matching/matching/dashboard/recent?limit=10 \"HTTP/1.1 200 OK\"", "url": null, "method": null, "process_time": null, "taskName": "starlette.middleware.base.BaseHTTPMiddleware.__call__.<locals>.call_next.<locals>.coro"}
{"asctime": "2026-03-03 20:12:43,135", "levelname": "INFO", "message": "", "url": "/api/v1/payment_intake_matching/matching/dashboard/unmatched-invoices", "method": "GET", "process_time": 4.474500894546509, "taskName": "Task-102"}
{"asctime": "2026-03-03 20:12:43,202", "levelname": "INFO", "message": "", "url": "/api/v1/payment_intake_matching/matching/dashboard/recent", "method": "GET", "process_time": 4.540090084075928, "taskName": "Task-101"}
{"asctime": "2026-03-03 20:13:29,140", "levelname": "INFO", "message": "HTTP Request: GET http://localhost:8001/api/v1/users/auth/me \"HTTP/1.1 200 OK\"", "url": null, "method": null, "process_time": null, "taskName": "Task-132"}
{"asctime": "2026-03-03 20:13:29,446", "levelname": "INFO", "message": "HTTP Request: GET http://localhost:8001/api/v1/users/auth/me \"HTTP/1.1 200 OK\"", "url": null, "method": null, "process_time": null, "taskName": "Task-135"}
{"asctime": "2026-03-03 20:13:29,447", "levelname": "INFO", "message": "HTTP Request: GET http://localhost:8001/api/v1/users/auth/me \"HTTP/1.1 200 OK\"", "url": null, "method": null, "process_time": null, "taskName": "Task-131"}
{"asctime": "2026-03-03 20:13:29,447", "levelname": "INFO", "message": "HTTP Request: GET http://localhost:8001/api/v1/users/auth/me \"HTTP/1.1 200 OK\"", "url": null, "method": null, "process_time": null, "taskName": "Task-133"}
{"asctime": "2026-03-03 20:13:30,553", "levelname": "INFO", "message": "HTTP Request: GET http://localhost:8002/api/v1/payment_intake_matching/matching/dashboard/summary \"HTTP/1.1 200 OK\"", "url": null, "method": null, "process_time": null, "taskName": "starlette.middleware.base.BaseHTTPMiddleware.__call__.<locals>.call_next.<locals>.coro"}
{"asctime": "2026-03-03 20:13:30,568", "levelname": "INFO", "message": "HTTP Request: GET http://localhost:8002/api/v1/payment_intake_matching/matching/dashboard/recent?limit=10 \"HTTP/1.1 200 OK\"", "url": null, "method": null, "process_time": null, "taskName": "starlette.middleware.base.BaseHTTPMiddleware.__call__.<locals>.call_next.<locals>.coro"}
{"asctime": "2026-03-03 20:13:30,571", "levelname": "INFO", "message": "HTTP Request: GET http://localhost:8002/api/v1/payment_intake_matching/matching/dashboard/unmatched-payments \"HTTP/1.1 200 OK\"", "url": null, "method": null, "process_time": null, "taskName": "starlette.middleware.base.BaseHTTPMiddleware.__call__.<locals>.call_next.<locals>.coro"}
{"asctime": "2026-03-03 20:13:30,572", "levelname": "INFO", "message": "", "url": "/api/v1/payment_intake_matching/matching/dashboard/summary", "method": "GET", "process_time": 1.1231262683868408, "taskName": "Task-131"}
{"asctime": "2026-03-03 20:13:30,587", "levelname": "INFO", "message": "", "url": "/api/v1/payment_intake_matching/matching/dashboard/recent", "method": "GET", "process_time": 1.4456400871276855, "taskName": "Task-132"}
{"asctime": "2026-03-03 20:13:30,591", "levelname": "INFO", "message": "", "url": "/api/v1/payment_intake_matching/matching/dashboard/unmatched-payments", "method": "GET", "process_time": 1.1419954299926758, "taskName": "Task-133"}
{"asctime": "2026-03-03 20:13:30,639", "levelname": "INFO", "message": "HTTP Request: GET http://localhost:8002/api/v1/payment_intake_matching/matching/dashboard/unmatched-invoices \"HTTP/1.1 200 OK\"", "url": null, "method": null, "process_time": null, "taskName": "starlette.middleware.base.BaseHTTPMiddleware.__call__.<locals>.call_next.<locals>.coro"}
{"asctime": "2026-03-03 20:13:30,640", "levelname": "INFO", "message": "", "url": "/api/v1/payment_intake_matching/matching/dashboard/unmatched-invoices", "method": "GET", "process_time": 1.1919965744018555, "taskName": "Task-135"}
{"asctime": "2026-03-03 20:14:01,976", "levelname": "INFO", "message": "HTTP Request: GET http://localhost:8001/api/v1/users/auth/me \"HTTP/1.1 200 OK\"", "url": null, "method": null, "process_time": null, "taskName": "Task-168"}
{"asctime": "2026-03-03 20:14:03,138", "levelname": "INFO", "message": "HTTP Request: GET http://localhost:8001/api/v1/users/auth/me \"HTTP/1.1 200 OK\"", "url": null, "method": null, "process_time": null, "taskName": "starlette.middleware.base.BaseHTTPMiddleware.__call__.<locals>.call_next.<locals>.coro"}
{"asctime": "2026-03-03 20:14:03,140", "levelname": "INFO", "message": "", "url": "/api/v1/users/auth/me", "method": "GET", "process_time": 1.1592345237731934, "taskName": "Task-168"}
{"asctime": "2026-03-03 20:14:07,426", "levelname": "INFO", "message": "HTTP Request: GET http://localhost:8001/api/v1/users/auth/me \"HTTP/1.1 200 OK\"", "url": null, "method": null, "process_time": null, "taskName": "Task-177"}
{"asctime": "2026-03-03 20:14:08,367", "levelname": "INFO", "message": "HTTP Request: GET http://localhost:8001/api/v1/users/auth/me \"HTTP/1.1 200 OK\"", "url": null, "method": null, "process_time": null, "taskName": "Task-182"}
{"asctime": "2026-03-03 20:14:09,320", "levelname": "INFO", "message": "HTTP Request: GET http://localhost:8001/api/v1/users/auth/me \"HTTP/1.1 200 OK\"", "url": null, "method": null, "process_time": null, "taskName": "Task-183"}
{"asctime": "2026-03-03 20:14:09,321", "levelname": "INFO", "message": "HTTP Request: GET http://localhost:8001/api/v1/users/auth/me \"HTTP/1.1 200 OK\"", "url": null, "method": null, "process_time": null, "taskName": "Task-181"}
{"asctime": "2026-03-03 20:14:12,142", "levelname": "INFO", "message": "HTTP Request: GET http://localhost:8002/api/v1/payment_intake_matching/matching/dashboard/summary \"HTTP/1.1 200 OK\"", "url": null, "method": null, "process_time": null, "taskName": "starlette.middleware.base.BaseHTTPMiddleware.__call__.<locals>.call_next.<locals>.coro"}
{"asctime": "2026-03-03 20:14:12,145", "levelname": "INFO", "message": "", "url": "/api/v1/payment_intake_matching/matching/dashboard/summary", "method": "GET", "process_time": 4.712346315383911, "taskName": "Task-177"}
{"asctime": "2026-03-03 20:14:12,402", "levelname": "INFO", "message": "HTTP Request: GET http://localhost:8002/api/v1/payment_intake_matching/matching/dashboard/unmatched-invoices \"HTTP/1.1 200 OK\"", "url": null, "method": null, "process_time": null, "taskName": "starlette.middleware.base.BaseHTTPMiddleware.__call__.<locals>.call_next.<locals>.coro"}
{"asctime": "2026-03-03 20:14:12,404", "levelname": "INFO", "message": "", "url": "/api/v1/payment_intake_matching/matching/dashboard/unmatched-invoices", "method": "GET", "process_time": 3.0760161876678467, "taskName": "Task-181"}
{"asctime": "2026-03-03 20:14:12,599", "levelname": "INFO", "message": "HTTP Request: GET http://localhost:8002/api/v1/payment_intake_matching/matching/dashboard/recent?limit=10 \"HTTP/1.1 200 OK\"", "url": null, "method": null, "process_time": null, "taskName": "starlette.middleware.base.BaseHTTPMiddleware.__call__.<locals>.call_next.<locals>.coro"}
{"asctime": "2026-03-03 20:14:12,617", "levelname": "INFO", "message": "", "url": "/api/v1/payment_intake_matching/matching/dashboard/recent", "method": "GET", "process_time": 4.248455286026001, "taskName": "Task-182"}
{"asctime": "2026-03-03 20:14:12,650", "levelname": "INFO", "message": "HTTP Request: GET http://localhost:8002/api/v1/payment_intake_matching/matching/dashboard/unmatched-payments \"HTTP/1.1 200 OK\"", "url": null, "method": null, "process_time": null, "taskName": "starlette.middleware.base.BaseHTTPMiddleware.__call__.<locals>.call_next.<locals>.coro"}
{"asctime": "2026-03-03 20:14:12,718", "levelname": "INFO", "message": "", "url": "/api/v1/payment_intake_matching/matching/dashboard/unmatched-payments", "method": "GET", "process_time": 3.392076253890991, "taskName": "Task-183"}
{"asctime": "2026-03-03 20:15:08,931", "levelname": "INFO", "message": "HTTP Request: GET http://localhost:8001/api/v1/users/auth/me \"HTTP/1.1 200 OK\"", "url": null, "method": null, "process_time": null, "taskName": "Task-219"}
{"asctime": "2026-03-03 20:15:09,810", "levelname": "INFO", "message": "HTTP Request: GET http://localhost:8001/api/v1/users/auth/me \"HTTP/1.1 200 OK\"", "url": null, "method": null, "process_time": null, "taskName": "Task-222"}
{"asctime": "2026-03-03 20:15:11,373", "levelname": "INFO", "message": "HTTP Request: GET http://localhost:8001/api/v1/users/auth/me \"HTTP/1.1 200 OK\"", "url": null, "method": null, "process_time": null, "taskName": "Task-226"}
{"asctime": "2026-03-03 20:15:12,193", "levelname": "INFO", "message": "HTTP Request: GET http://localhost:8001/api/v1/users/auth/me \"HTTP/1.1 200 OK\"", "url": null, "method": null, "process_time": null, "taskName": "Task-225"}
{"asctime": "2026-03-03 20:15:12,194", "levelname": "INFO", "message": "HTTP Request: GET http://localhost:8001/api/v1/users/auth/me \"HTTP/1.1 200 OK\"", "url": null, "method": null, "process_time": null, "taskName": "Task-223"}
{"asctime": "2026-03-03 20:15:14,121", "levelname": "INFO", "message": "HTTP Request: GET http://localhost:8001/api/v1/users/auth/me \"HTTP/1.1 200 OK\"", "url": null, "method": null, "process_time": null, "taskName": "starlette.middleware.base.BaseHTTPMiddleware.__call__.<locals>.call_next.<locals>.coro"}
{"asctime": "2026-03-03 20:15:14,124", "levelname": "INFO", "message": "", "url": "/api/v1/users/auth/me", "method": "GET", "process_time": 2.7427964210510254, "taskName": "Task-226"}
{"asctime": "2026-03-03 20:15:18,527", "levelname": "INFO", "message": "HTTP Request: GET http://localhost:8001/api/v1/users/auth/me \"HTTP/1.1 200 OK\"", "url": null, "method": null, "process_time": null, "taskName": "Task-254"}
{"asctime": "2026-03-03 20:15:19,538", "levelname": "INFO", "message": "HTTP Request: GET http://localhost:8001/api/v1/users/auth/me \"HTTP/1.1 200 OK\"", "url": null, "method": null, "process_time": null, "taskName": "Task-258"}
{"asctime": "2026-03-03 20:15:20,498", "levelname": "INFO", "message": "HTTP Request: GET http://localhost:8001/api/v1/users/auth/me \"HTTP/1.1 200 OK\"", "url": null, "method": null, "process_time": null, "taskName": "Task-259"}
{"asctime": "2026-03-03 20:15:20,501", "levelname": "INFO", "message": "HTTP Request: GET http://localhost:8001/api/v1/users/auth/me \"HTTP/1.1 200 OK\"", "url": null, "method": null, "process_time": null, "taskName": "Task-260"}
{"asctime": "2026-03-03 20:15:22,415", "levelname": "INFO", "message": "HTTP Request: GET http://localhost:8002/api/v1/payment_intake_matching/matching/dashboard/summary \"HTTP/1.1 200 OK\"", "url": null, "method": null, "process_time": null, "taskName": "starlette.middleware.base.BaseHTTPMiddleware.__call__.<locals>.call_next.<locals>.coro"}
{"asctime": "2026-03-03 20:15:22,419", "levelname": "INFO", "message": "", "url": "/api/v1/payment_intake_matching/matching/dashboard/summary", "method": "GET", "process_time": 3.8865878582000732, "taskName": "Task-254"}
{"asctime": "2026-03-03 20:15:22,667", "levelname": "INFO", "message": "HTTP Request: GET http://localhost:8002/api/v1/payment_intake_matching/matching/dashboard/unmatched-invoices \"HTTP/1.1 200 OK\"", "url": null, "method": null, "process_time": null, "taskName": "starlette.middleware.base.BaseHTTPMiddleware.__call__.<locals>.call_next.<locals>.coro"}
{"asctime": "2026-03-03 20:15:22,670", "levelname": "INFO", "message": "HTTP Request: GET http://localhost:8002/api/v1/payment_intake_matching/matching/dashboard/recent?limit=10 \"HTTP/1.1 200 OK\"", "url": null, "method": null, "process_time": null, "taskName": "starlette.middleware.base.BaseHTTPMiddleware.__call__.<locals>.call_next.<locals>.coro"}
{"asctime": "2026-03-03 20:15:22,672", "levelname": "INFO", "message": "HTTP Request: GET http://localhost:8002/api/v1/payment_intake_matching/matching/dashboard/unmatched-payments \"HTTP/1.1 200 OK\"", "url": null, "method": null, "process_time": null, "taskName": "starlette.middleware.base.BaseHTTPMiddleware.__call__.<locals>.call_next.<locals>.coro"}
{"asctime": "2026-03-03 20:15:22,675", "levelname": "INFO", "message": "", "url": "/api/v1/payment_intake_matching/matching/dashboard/unmatched-invoices", "method": "GET", "process_time": 2.172555923461914, "taskName": "Task-259"}
{"asctime": "2026-03-03 20:15:22,684", "levelname": "INFO", "message": "", "url": "/api/v1/payment_intake_matching/matching/dashboard/recent", "method": "GET", "process_time": 3.141385316848755, "taskName": "Task-258"}
{"asctime": "2026-03-03 20:15:22,687", "levelname": "INFO", "message": "", "url": "/api/v1/payment_intake_matching/matching/dashboard/unmatched-payments", "method": "GET", "process_time": 1.2276513576507568, "taskName": "Task-260"}
{"asctime": "2026-03-03 20:16:19,083", "levelname": "INFO", "message": "HTTP Request: GET http://localhost:8001/api/v1/users/auth/me \"HTTP/1.1 401 Unauthorized\"", "url": null, "method": null, "process_time": null, "taskName": "Task-297"}
{"asctime": "2026-03-03 20:16:19,089", "levelname": "INFO", "message": "HTTP Request: GET http://localhost:8001/api/v1/users/auth/me \"HTTP/1.1 401 Unauthorized\"", "url": null, "method": null, "process_time": null, "taskName": "Task-301"}
{"asctime": "2026-03-03 20:16:19,093", "levelname": "INFO", "message": "HTTP Request: GET http://localhost:8001/api/v1/users/auth/me \"HTTP/1.1 401 Unauthorized\"", "url": null, "method": null, "process_time": null, "taskName": "Task-298"}
{"asctime": "2026-03-03 20:16:19,105", "levelname": "INFO", "message": "HTTP Request: GET http://localhost:8001/api/v1/users/auth/me \"HTTP/1.1 401 Unauthorized\"", "url": null, "method": null, "process_time": null, "taskName": "Task-300"}
{"asctime": "2026-03-03 20:16:20,669", "levelname": "INFO", "message": "HTTP Request: POST http://localhost:8001/api/v1/users/refresh \"HTTP/1.1 200 OK\"", "url": null, "method": null, "process_time": null, "taskName": "starlette.middleware.base.BaseHTTPMiddleware.__call__.<locals>.call_next.<locals>.coro"}
{"asctime": "2026-03-03 20:16:20,671", "levelname": "INFO", "message": "", "url": "/api/v1/users/refresh", "method": "POST", "process_time": 1.4069743156433105, "taskName": "Task-310"}
{"asctime": "2026-03-03 20:17:18,508", "levelname": "INFO", "message": "HTTP Request: GET http://localhost:8001/api/v1/users/auth/me \"HTTP/1.1 401 Unauthorized\"", "url": null, "method": null, "process_time": null, "taskName": "Task-317"}
{"asctime": "2026-03-03 20:17:19,370", "levelname": "INFO", "message": "HTTP Request: GET http://localhost:8001/api/v1/users/auth/me \"HTTP/1.1 401 Unauthorized\"", "url": null, "method": null, "process_time": null, "taskName": "Task-323"}
{"asctime": "2026-03-03 20:17:19,373", "levelname": "INFO", "message": "HTTP Request: GET http://localhost:8001/api/v1/users/auth/me \"HTTP/1.1 401 Unauthorized\"", "url": null, "method": null, "process_time": null, "taskName": "Task-322"}
{"asctime": "2026-03-03 20:17:19,380", "levelname": "INFO", "message": "HTTP Request: GET http://localhost:8001/api/v1/users/auth/me \"HTTP/1.1 401 Unauthorized\"", "url": null, "method": null, "process_time": null, "taskName": "Task-321"}
{"asctime": "2026-03-03 20:17:19,668", "levelname": "INFO", "message": "HTTP Request: POST http://localhost:8001/api/v1/users/refresh \"HTTP/1.1 200 OK\"", "url": null, "method": null, "process_time": null, "taskName": "starlette.middleware.base.BaseHTTPMiddleware.__call__.<locals>.call_next.<locals>.coro"}
{"asctime": "2026-03-03 20:17:19,672", "levelname": "INFO", "message": "", "url": "/api/v1/users/refresh", "method": "POST", "process_time": 1.154327392578125, "taskName": "Task-329"}
{"asctime": "2026-03-03 20:18:19,159", "levelname": "INFO", "message": "HTTP Request: GET http://localhost:8001/api/v1/users/auth/me \"HTTP/1.1 401 Unauthorized\"", "url": null, "method": null, "process_time": null, "taskName": "Task-347"}
{"asctime": "2026-03-03 20:18:19,176", "levelname": "INFO", "message": "HTTP Request: GET http://localhost:8001/api/v1/users/auth/me \"HTTP/1.1 401 Unauthorized\"", "url": null, "method": null, "process_time": null, "taskName": "Task-345"}
{"asctime": "2026-03-03 20:18:19,188", "levelname": "INFO", "message": "HTTP Request: GET http://localhost:8001/api/v1/users/auth/me \"HTTP/1.1 401 Unauthorized\"", "url": null, "method": null, "process_time": null, "taskName": "Task-344"}
{"asctime": "2026-03-03 20:18:19,195", "levelname": "INFO", "message": "HTTP Request: GET http://localhost:8001/api/v1/users/auth/me \"HTTP/1.1 401 Unauthorized\"", "url": null, "method": null, "process_time": null, "taskName": "Task-343"}
{"asctime": "2026-03-03 20:18:20,257", "levelname": "INFO", "message": "HTTP Request: POST http://localhost:8001/api/v1/users/refresh \"HTTP/1.1 200 OK\"", "url": null, "method": null, "process_time": null, "taskName": "starlette.middleware.base.BaseHTTPMiddleware.__call__.<locals>.call_next.<locals>.coro"}
{"asctime": "2026-03-03 20:18:20,260", "levelname": "INFO", "message": "", "url": "/api/v1/users/refresh", "method": "POST", "process_time": 1.0552937984466553, "taskName": "Task-356"}
{"asctime": "2026-03-03 20:19:18,549", "levelname": "INFO", "message": "HTTP Request: GET http://localhost:8001/api/v1/users/auth/me \"HTTP/1.1 401 Unauthorized\"", "url": null, "method": null, "process_time": null, "taskName": "Task-363"}
{"asctime": "2026-03-03 20:19:19,434", "levelname": "INFO", "message": "HTTP Request: GET http://localhost:8001/api/v1/users/auth/me \"HTTP/1.1 401 Unauthorized\"", "url": null, "method": null, "process_time": null, "taskName": "Task-370"}
{"asctime": "2026-03-03 20:19:19,440", "levelname": "INFO", "message": "HTTP Request: GET http://localhost:8001/api/v1/users/auth/me \"HTTP/1.1 401 Unauthorized\"", "url": null, "method": null, "process_time": null, "taskName": "Task-369"}
{"asctime": "2026-03-03 20:19:19,445", "levelname": "INFO", "message": "HTTP Request: GET http://localhost:8001/api/v1/users/auth/me \"HTTP/1.1 401 Unauthorized\"", "url": null, "method": null, "process_time": null, "taskName": "Task-368"}
{"asctime": "2026-03-03 20:19:19,713", "levelname": "INFO", "message": "HTTP Request: POST http://localhost:8001/api/v1/users/refresh \"HTTP/1.1 200 OK\"", "url": null, "method": null, "process_time": null, "taskName": "starlette.middleware.base.BaseHTTPMiddleware.__call__.<locals>.call_next.<locals>.coro"}
{"asctime": "2026-03-03 20:19:19,715", "levelname": "INFO", "message": "", "url": "/api/v1/users/refresh", "method": "POST", "process_time": 1.1503028869628906, "taskName": "Task-375"}
{"asctime": "2026-03-03 20:20:18,805", "levelname": "INFO", "message": "HTTP Request: GET http://localhost:8001/api/v1/users/auth/me \"HTTP/1.1 401 Unauthorized\"", "url": null, "method": null, "process_time": null, "taskName": "Task-387"}
{"asctime": "2026-03-03 20:20:19,675", "levelname": "INFO", "message": "HTTP Request: GET http://localhost:8001/api/v1/users/auth/me \"HTTP/1.1 401 Unauthorized\"", "url": null, "method": null, "process_time": null, "taskName": "Task-391"}
{"asctime": "2026-03-03 20:20:19,721", "levelname": "INFO", "message": "HTTP Request: GET http://localhost:8001/api/v1/users/auth/me \"HTTP/1.1 401 Unauthorized\"", "url": null, "method": null, "process_time": null, "taskName": "Task-394"}
{"asctime": "2026-03-03 20:20:19,886", "levelname": "INFO", "message": "HTTP Request: GET http://localhost:8001/api/v1/users/auth/me \"HTTP/1.1 401 Unauthorized\"", "url": null, "method": null, "process_time": null, "taskName": "Task-393"}
{"asctime": "2026-03-03 20:20:19,995", "levelname": "INFO", "message": "HTTP Request: POST http://localhost:8001/api/v1/users/refresh \"HTTP/1.1 200 OK\"", "url": null, "method": null, "process_time": null, "taskName": "starlette.middleware.base.BaseHTTPMiddleware.__call__.<locals>.call_next.<locals>.coro"}
{"asctime": "2026-03-03 20:20:20,080", "levelname": "INFO", "message": "", "url": "/api/v1/users/refresh", "method": "POST", "process_time": 1.2218782901763916, "taskName": "Task-399"}
{"asctime": "2026-03-03 20:27:04,208", "levelname": "INFO", "message": "HTTP Request: GET http://localhost:8001/api/v1/users/auth/me \"HTTP/1.1 401 Unauthorized\"", "url": null, "method": null, "process_time": null, "taskName": "Task-413"}
{"asctime": "2026-03-03 20:27:05,263", "levelname": "INFO", "message": "HTTP Request: POST http://localhost:8001/api/v1/users/refresh \"HTTP/1.1 200 OK\"", "url": null, "method": null, "process_time": null, "taskName": "starlette.middleware.base.BaseHTTPMiddleware.__call__.<locals>.call_next.<locals>.coro"}
{"asctime": "2026-03-03 20:27:05,265", "levelname": "INFO", "message": "", "url": "/api/v1/users/refresh", "method": "POST", "process_time": 1.0370759963989258, "taskName": "Task-416"}
{"asctime": "2026-03-03 20:30:14,512", "levelname": "INFO", "message": "HTTP Request: GET http://localhost:8001/api/v1/users/auth/me \"HTTP/1.1 401 Unauthorized\"", "url": null, "method": null, "process_time": null, "taskName": "Task-424"}
{"asctime": "2026-03-03 20:30:15,649", "levelname": "INFO", "message": "HTTP Request: POST http://localhost:8001/api/v1/users/refresh \"HTTP/1.1 200 OK\"", "url": null, "method": null, "process_time": null, "taskName": "starlette.middleware.base.BaseHTTPMiddleware.__call__.<locals>.call_next.<locals>.coro"}
{"asctime": "2026-03-03 20:30:15,652", "levelname": "INFO", "message": "", "url": "/api/v1/users/refresh", "method": "POST", "process_time": 1.1331121921539307, "taskName": "Task-428"}
{"asctime": "2026-03-03 20:35:12,944", "levelname": "INFO", "message": "HTTP Request: POST http://localhost:8001/api/v1/users/login \"HTTP/1.1 200 OK\"", "url": null, "method": null, "process_time": null, "taskName": "starlette.middleware.base.BaseHTTPMiddleware.__call__.<locals>.call_next.<locals>.coro"}
{"asctime": "2026-03-03 20:35:12,952", "levelname": "INFO", "message": "", "url": "/api/v1/users/login", "method": "POST", "process_time": 2.052961587905884, "taskName": "Task-439"}
{"asctime": "2026-03-03 20:35:18,621", "levelname": "INFO", "message": "HTTP Request: GET http://localhost:8001/api/v1/users/auth/me \"HTTP/1.1 401 Unauthorized\"", "url": null, "method": null, "process_time": null, "taskName": "Task-447"}
{"asctime": "2026-03-03 20:35:18,634", "levelname": "INFO", "message": "HTTP Request: GET http://localhost:8001/api/v1/users/auth/me \"HTTP/1.1 401 Unauthorized\"", "url": null, "method": null, "process_time": null, "taskName": "Task-448"}
{"asctime": "2026-03-03 20:35:20,168", "levelname": "INFO", "message": "HTTP Request: GET http://localhost:8001/api/v1/users/auth/me \"HTTP/1.1 401 Unauthorized\"", "url": null, "method": null, "process_time": null, "taskName": "Task-453"}
{"asctime": "2026-03-03 20:35:20,211", "levelname": "INFO", "message": "HTTP Request: GET http://localhost:8001/api/v1/users/auth/me \"HTTP/1.1 401 Unauthorized\"", "url": null, "method": null, "process_time": null, "taskName": "Task-454"}
{"asctime": "2026-03-03 20:35:20,432", "levelname": "INFO", "message": "HTTP Request: POST http://localhost:8001/api/v1/users/refresh \"HTTP/1.1 200 OK\"", "url": null, "method": null, "process_time": null, "taskName": "starlette.middleware.base.BaseHTTPMiddleware.__call__.<locals>.call_next.<locals>.coro"}
{"asctime": "2026-03-03 20:35:20,471", "levelname": "INFO", "message": "", "url": "/api/v1/users/refresh", "method": "POST", "process_time": 1.8169889450073242, "taskName": "Task-459"}
{"asctime": "2026-03-03 20:35:37,816", "levelname": "INFO", "message": "HTTP Request: GET http://localhost:8001/api/v1/users/auth/me \"HTTP/1.1 401 Unauthorized\"", "url": null, "method": null, "process_time": null, "taskName": "Task-469"}
{"asctime": "2026-03-03 20:35:39,003", "levelname": "INFO", "message": "HTTP Request: POST http://localhost:8001/api/v1/users/refresh \"HTTP/1.1 200 OK\"", "url": null, "method": null, "process_time": null, "taskName": "starlette.middleware.base.BaseHTTPMiddleware.__call__.<locals>.call_next.<locals>.coro"}
{"asctime": "2026-03-03 20:35:39,009", "levelname": "INFO", "message": "", "url": "/api/v1/users/refresh", "method": "POST", "process_time": 1.1640801429748535, "taskName": "Task-473"}
{"asctime": "2026-03-03 20:36:06,200", "levelname": "INFO", "message": "HTTP Request: POST http://localhost:8001/api/v1/users/login \"HTTP/1.1 200 OK\"", "url": null, "method": null, "process_time": null, "taskName": "starlette.middleware.base.BaseHTTPMiddleware.__call__.<locals>.call_next.<locals>.coro"}
{"asctime": "2026-03-03 20:36:06,238", "levelname": "INFO", "message": "", "url": "/api/v1/users/login", "method": "POST", "process_time": 1.960390329360962, "taskName": "Task-480"}
{"asctime": "2026-03-03 20:36:11,204", "levelname": "INFO", "message": "HTTP Request: GET http://localhost:8001/api/v1/users/auth/me \"HTTP/1.1 401 Unauthorized\"", "url": null, "method": null, "process_time": null, "taskName": "Task-487"}
{"asctime": "2026-03-03 20:36:12,500", "levelname": "INFO", "message": "HTTP Request: GET http://localhost:8001/api/v1/users/auth/me \"HTTP/1.1 401 Unauthorized\"", "url": null, "method": null, "process_time": null, "taskName": "Task-492"}
{"asctime": "2026-03-03 20:36:12,503", "levelname": "INFO", "message": "HTTP Request: GET http://localhost:8001/api/v1/users/auth/me \"HTTP/1.1 401 Unauthorized\"", "url": null, "method": null, "process_time": null, "taskName": "Task-493"}
{"asctime": "2026-03-03 20:36:12,529", "levelname": "INFO", "message": "HTTP Request: GET http://localhost:8001/api/v1/users/auth/me \"HTTP/1.1 401 Unauthorized\"", "url": null, "method": null, "process_time": null, "taskName": "Task-491"}
{"asctime": "2026-03-03 20:36:12,775", "levelname": "INFO", "message": "HTTP Request: POST http://localhost:8001/api/v1/users/refresh \"HTTP/1.1 200 OK\"", "url": null, "method": null, "process_time": null, "taskName": "starlette.middleware.base.BaseHTTPMiddleware.__call__.<locals>.call_next.<locals>.coro"}
{"asctime": "2026-03-03 20:36:12,783", "levelname": "INFO", "message": "", "url": "/api/v1/users/refresh", "method": "POST", "process_time": 1.560316562652588, "taskName": "Task-499"}
{"asctime": "2026-03-03 20:37:13,110", "levelname": "INFO", "message": "HTTP Request: GET http://localhost:8001/api/v1/users/auth/me \"HTTP/1.1 401 Unauthorized\"", "url": null, "method": null, "process_time": null, "taskName": "Task-513"}
{"asctime": "2026-03-03 20:37:14,253", "levelname": "INFO", "message": "HTTP Request: GET http://localhost:8001/api/v1/users/auth/me \"HTTP/1.1 401 Unauthorized\"", "url": null, "method": null, "process_time": null, "taskName": "Task-514"}
{"asctime": "2026-03-03 20:37:14,257", "levelname": "INFO", "message": "HTTP Request: GET http://localhost:8001/api/v1/users/auth/me \"HTTP/1.1 401 Unauthorized\"", "url": null, "method": null, "process_time": null, "taskName": "Task-517"}
{"asctime": "2026-03-03 20:37:14,262", "levelname": "INFO", "message": "HTTP Request: GET http://localhost:8001/api/v1/users/auth/me \"HTTP/1.1 401 Unauthorized\"", "url": null, "method": null, "process_time": null, "taskName": "Task-515"}
{"asctime": "2026-03-03 20:37:14,529", "levelname": "INFO", "message": "HTTP Request: POST http://localhost:8001/api/v1/users/refresh \"HTTP/1.1 200 OK\"", "url": null, "method": null, "process_time": null, "taskName": "starlette.middleware.base.BaseHTTPMiddleware.__call__.<locals>.call_next.<locals>.coro"}
{"asctime": "2026-03-03 20:37:14,536", "levelname": "INFO", "message": "", "url": "/api/v1/users/refresh", "method": "POST", "process_time": 1.406632661819458, "taskName": "Task-523"}
{"asctime": "2026-03-03 20:37:39,382", "levelname": "INFO", "message": "HTTP Request: GET http://localhost:8001/api/v1/users/auth/me \"HTTP/1.1 401 Unauthorized\"", "url": null, "method": null, "process_time": null, "taskName": "Task-533"}
{"asctime": "2026-03-03 20:37:40,988", "levelname": "INFO", "message": "HTTP Request: POST http://localhost:8001/api/v1/users/refresh \"HTTP/1.1 200 OK\"", "url": null, "method": null, "process_time": null, "taskName": "starlette.middleware.base.BaseHTTPMiddleware.__call__.<locals>.call_next.<locals>.coro"}
{"asctime": "2026-03-03 20:37:40,992", "levelname": "INFO", "message": "", "url": "/api/v1/users/refresh", "method": "POST", "process_time": 1.581040620803833, "taskName": "Task-536"}
{"asctime": "2026-03-03 20:38:12,653", "levelname": "INFO", "message": "HTTP Request: GET http://localhost:8001/api/v1/users/auth/me \"HTTP/1.1 401 Unauthorized\"", "url": null, "method": null, "process_time": null, "taskName": "Task-544"}
{"asctime": "2026-03-03 20:38:15,136", "levelname": "INFO", "message": "HTTP Request: POST http://localhost:8001/api/v1/users/refresh \"HTTP/1.1 200 OK\"", "url": null, "method": null, "process_time": null, "taskName": "starlette.middleware.base.BaseHTTPMiddleware.__call__.<locals>.call_next.<locals>.coro"}
{"asctime": "2026-03-03 20:38:15,137", "levelname": "INFO", "message": "", "url": "/api/v1/users/refresh", "method": "POST", "process_time": 2.467052459716797, "taskName": "Task-548"}
{"asctime": "2026-03-03 20:38:54,901", "levelname": "INFO", "message": "HTTP Request: POST http://localhost:8001/api/v1/users/login \"HTTP/1.1 200 OK\"", "url": null, "method": null, "process_time": null, "taskName": "starlette.middleware.base.BaseHTTPMiddleware.__call__.<locals>.call_next.<locals>.coro"}
{"asctime": "2026-03-03 20:38:54,914", "levelname": "INFO", "message": "", "url": "/api/v1/users/login", "method": "POST", "process_time": 2.174001693725586, "taskName": "Task-555"}
{"asctime": "2026-03-03 20:39:00,960", "levelname": "INFO", "message": "HTTP Request: GET http://localhost:8001/api/v1/users/auth/me \"HTTP/1.1 401 Unauthorized\"", "url": null, "method": null, "process_time": null, "taskName": "Task-562"}
{"asctime": "2026-03-03 20:39:02,283", "levelname": "INFO", "message": "HTTP Request: GET http://localhost:8001/api/v1/users/auth/me \"HTTP/1.1 401 Unauthorized\"", "url": null, "method": null, "process_time": null, "taskName": "Task-569"}
{"asctime": "2026-03-03 20:39:02,288", "levelname": "INFO", "message": "HTTP Request: GET http://localhost:8001/api/v1/users/auth/me \"HTTP/1.1 401 Unauthorized\"", "url": null, "method": null, "process_time": null, "taskName": "Task-568"}
{"asctime": "2026-03-03 20:39:02,311", "levelname": "INFO", "message": "HTTP Request: GET http://localhost:8001/api/v1/users/auth/me \"HTTP/1.1 401 Unauthorized\"", "url": null, "method": null, "process_time": null, "taskName": "Task-567"}
{"asctime": "2026-03-03 20:39:02,547", "levelname": "INFO", "message": "HTTP Request: POST http://localhost:8001/api/v1/users/refresh \"HTTP/1.1 200 OK\"", "url": null, "method": null, "process_time": null, "taskName": "starlette.middleware.base.BaseHTTPMiddleware.__call__.<locals>.call_next.<locals>.coro"}
{"asctime": "2026-03-03 20:39:02,550", "levelname": "INFO", "message": "", "url": "/api/v1/users/refresh", "method": "POST", "process_time": 1.5642330646514893, "taskName": "Task-574"}
{"asctime": "2026-03-03 20:40:00,458", "levelname": "INFO", "message": "HTTP Request: GET http://localhost:8001/api/v1/users/auth/me \"HTTP/1.1 401 Unauthorized\"", "url": null, "method": null, "process_time": null, "taskName": "Task-588"}
{"asctime": "2026-03-03 20:40:00,504", "levelname": "INFO", "message": "HTTP Request: GET http://localhost:8001/api/v1/users/auth/me \"HTTP/1.1 401 Unauthorized\"", "url": null, "method": null, "process_time": null, "taskName": "Task-592"}
{"asctime": "2026-03-03 20:40:00,519", "levelname": "INFO", "message": "HTTP Request: GET http://localhost:8001/api/v1/users/auth/me \"HTTP/1.1 401 Unauthorized\"", "url": null, "method": null, "process_time": null, "taskName": "Task-589"}
{"asctime": "2026-03-03 20:40:00,529", "levelname": "INFO", "message": "HTTP Request: GET http://localhost:8001/api/v1/users/auth/me \"HTTP/1.1 401 Unauthorized\"", "url": null, "method": null, "process_time": null, "taskName": "Task-590"}
{"asctime": "2026-03-03 20:40:01,784", "levelname": "INFO", "message": "HTTP Request: POST http://localhost:8001/api/v1/users/refresh \"HTTP/1.1 200 OK\"", "url": null, "method": null, "process_time": null, "taskName": "starlette.middleware.base.BaseHTTPMiddleware.__call__.<locals>.call_next.<locals>.coro"}
{"asctime": "2026-03-03 20:40:01,786", "levelname": "INFO", "message": "", "url": "/api/v1/users/refresh", "method": "POST", "process_time": 1.2308549880981445, "taskName": "Task-601"}
{"asctime": "2026-03-03 20:41:02,109", "levelname": "INFO", "message": "HTTP Request: GET http://localhost:8001/api/v1/users/auth/me \"HTTP/1.1 401 Unauthorized\"", "url": null, "method": null, "process_time": null, "taskName": "Task-612"}
{"asctime": "2026-03-03 20:41:02,128", "levelname": "INFO", "message": "HTTP Request: GET http://localhost:8001/api/v1/users/auth/me \"HTTP/1.1 401 Unauthorized\"", "url": null, "method": null, "process_time": null, "taskName": "Task-613"}
{"asctime": "2026-03-03 20:41:02,148", "levelname": "INFO", "message": "HTTP Request: GET http://localhost:8001/api/v1/users/auth/me \"HTTP/1.1 401 Unauthorized\"", "url": null, "method": null, "process_time": null, "taskName": "Task-614"}
{"asctime": "2026-03-03 20:41:02,816", "levelname": "INFO", "message": "HTTP Request: GET http://localhost:8001/api/v1/users/auth/me \"HTTP/1.1 401 Unauthorized\"", "url": null, "method": null, "process_time": null, "taskName": "Task-616"}
{"asctime": "2026-03-03 20:41:04,690", "levelname": "INFO", "message": "HTTP Request: POST http://localhost:8001/api/v1/users/refresh \"HTTP/1.1 200 OK\"", "url": null, "method": null, "process_time": null, "taskName": "starlette.middleware.base.BaseHTTPMiddleware.__call__.<locals>.call_next.<locals>.coro"}
{"asctime": "2026-03-03 20:41:04,695", "levelname": "INFO", "message": "", "url": "/api/v1/users/refresh", "method": "POST", "process_time": 1.883385181427002, "taskName": "Task-625"}
{"asctime": "2026-03-03 20:42:02,641", "levelname": "INFO", "message": "HTTP Request: GET http://localhost:8001/api/v1/users/auth/me \"HTTP/1.1 401 Unauthorized\"", "url": null, "method": null, "process_time": null, "taskName": "Task-639"}
{"asctime": "2026-03-03 20:42:02,653", "levelname": "INFO", "message": "HTTP Request: GET http://localhost:8001/api/v1/users/auth/me \"HTTP/1.1 401 Unauthorized\"", "url": null, "method": null, "process_time": null, "taskName": "Task-638"}
{"asctime": "2026-03-03 20:42:02,672", "levelname": "INFO", "message": "HTTP Request: GET http://localhost:8001/api/v1/users/auth/me \"HTTP/1.1 401 Unauthorized\"", "url": null, "method": null, "process_time": null, "taskName": "Task-637"}
{"asctime": "2026-03-03 20:42:04,415", "levelname": "INFO", "message": "HTTP Request: POST http://localhost:8001/api/v1/users/refresh \"HTTP/1.1 200 OK\"", "url": null, "method": null, "process_time": null, "taskName": "starlette.middleware.base.BaseHTTPMiddleware.__call__.<locals>.call_next.<locals>.coro"}
{"asctime": "2026-03-03 20:42:04,418", "levelname": "INFO", "message": "", "url": "/api/v1/users/refresh", "method": "POST", "process_time": 1.7323765754699707, "taskName": "Task-646"}
{"asctime": "2026-03-03 20:43:01,561", "levelname": "INFO", "message": "HTTP Request: GET http://localhost:8001/api/v1/users/auth/me \"HTTP/1.1 401 Unauthorized\"", "url": null, "method": null, "process_time": null, "taskName": "Task-659"}
{"asctime": "2026-03-03 20:43:01,567", "levelname": "INFO", "message": "HTTP Request: GET http://localhost:8001/api/v1/users/auth/me \"HTTP/1.1 401 Unauthorized\"", "url": null, "method": null, "process_time": null, "taskName": "Task-657"}
{"asctime": "2026-03-03 20:43:01,573", "levelname": "INFO", "message": "HTTP Request: GET http://localhost:8001/api/v1/users/auth/me \"HTTP/1.1 401 Unauthorized\"", "url": null, "method": null, "process_time": null, "taskName": "Task-658"}
{"asctime": "2026-03-03 20:43:01,582", "levelname": "INFO", "message": "HTTP Request: GET http://localhost:8001/api/v1/users/auth/me \"HTTP/1.1 401 Unauthorized\"", "url": null, "method": null, "process_time": null, "taskName": "Task-660"}
{"asctime": "2026-03-03 20:43:03,856", "levelname": "INFO", "message": "HTTP Request: POST http://localhost:8001/api/v1/users/refresh \"HTTP/1.1 200 OK\"", "url": null, "method": null, "process_time": null, "taskName": "starlette.middleware.base.BaseHTTPMiddleware.__call__.<locals>.call_next.<locals>.coro"}
{"asctime": "2026-03-03 20:43:03,862", "levelname": "INFO", "message": "", "url": "/api/v1/users/refresh", "method": "POST", "process_time": 2.2683677673339844, "taskName": "Task-670"}
{"asctime": "2026-03-03 20:44:02,980", "levelname": "INFO", "message": "HTTP Request: GET http://localhost:8001/api/v1/users/auth/me \"HTTP/1.1 401 Unauthorized\"", "url": null, "method": null, "process_time": null, "taskName": "Task-677"}
{"asctime": "2026-03-03 20:44:06,523", "levelname": "INFO", "message": "HTTP Request: GET http://localhost:8001/api/v1/users/auth/me \"HTTP/1.1 401 Unauthorized\"", "url": null, "method": null, "process_time": null, "taskName": "Task-683"}
{"asctime": "2026-03-03 20:44:06,536", "levelname": "INFO", "message": "HTTP Request: GET http://localhost:8001/api/v1/users/auth/me \"HTTP/1.1 401 Unauthorized\"", "url": null, "method": null, "process_time": null, "taskName": "Task-682"}
{"asctime": "2026-03-03 20:44:06,682", "levelname": "INFO", "message": "HTTP Request: GET http://localhost:8001/api/v1/users/auth/me \"HTTP/1.1 401 Unauthorized\"", "url": null, "method": null, "process_time": null, "taskName": "Task-684"}
{"asctime": "2026-03-03 20:44:12,087", "levelname": "INFO", "message": "HTTP Request: POST http://localhost:8001/api/v1/users/refresh \"HTTP/1.1 200 OK\"", "url": null, "method": null, "process_time": null, "taskName": "starlette.middleware.base.BaseHTTPMiddleware.__call__.<locals>.call_next.<locals>.coro"}
{"asctime": "2026-03-03 20:44:12,093", "levelname": "INFO", "message": "", "url": "/api/v1/users/refresh", "method": "POST", "process_time": 9.097336769104004, "taskName": "Task-689"}
{"asctime": "2026-03-03 20:45:00,898", "levelname": "INFO", "message": "HTTP Request: GET http://localhost:8001/api/v1/users/auth/me \"HTTP/1.1 401 Unauthorized\"", "url": null, "method": null, "process_time": null, "taskName": "Task-705"}
{"asctime": "2026-03-03 20:45:00,909", "levelname": "INFO", "message": "HTTP Request: GET http://localhost:8001/api/v1/users/auth/me \"HTTP/1.1 401 Unauthorized\"", "url": null, "method": null, "process_time": null, "taskName": "Task-704"}
{"asctime": "2026-03-03 20:45:00,911", "levelname": "INFO", "message": "HTTP Request: GET http://localhost:8001/api/v1/users/auth/me \"HTTP/1.1 401 Unauthorized\"", "url": null, "method": null, "process_time": null, "taskName": "Task-707"}
{"asctime": "2026-03-03 20:45:00,936", "levelname": "INFO", "message": "HTTP Request: GET http://localhost:8001/api/v1/users/auth/me \"HTTP/1.1 401 Unauthorized\"", "url": null, "method": null, "process_time": null, "taskName": "Task-703"}
{"asctime": "2026-03-03 20:45:02,281", "levelname": "INFO", "message": "HTTP Request: POST http://localhost:8001/api/v1/users/refresh \"HTTP/1.1 200 OK\"", "url": null, "method": null, "process_time": null, "taskName": "starlette.middleware.base.BaseHTTPMiddleware.__call__.<locals>.call_next.<locals>.coro"}
{"asctime": "2026-03-03 20:45:02,283", "levelname": "INFO", "message": "", "url": "/api/v1/users/refresh", "method": "POST", "process_time": 1.2962486743927002, "taskName": "Task-716"}
{"asctime": "2026-03-03 20:46:02,955", "levelname": "INFO", "message": "HTTP Request: GET http://localhost:8001/api/v1/users/auth/me \"HTTP/1.1 401 Unauthorized\"", "url": null, "method": null, "process_time": null, "taskName": "Task-8"}
{"asctime": "2026-03-03 20:46:02,985", "levelname": "INFO", "message": "HTTP Request: GET http://localhost:8001/api/v1/users/auth/me \"HTTP/1.1 401 Unauthorized\"", "url": null, "method": null, "process_time": null, "taskName": "Task-11"}
{"asctime": "2026-03-03 20:46:03,067", "levelname": "INFO", "message": "HTTP Request: GET http://localhost:8001/api/v1/users/auth/me \"HTTP/1.1 401 Unauthorized\"", "url": null, "method": null, "process_time": null, "taskName": "Task-10"}
{"asctime": "2026-03-03 20:46:04,484", "levelname": "INFO", "message": "HTTP Request: GET http://localhost:8001/api/v1/users/auth/me \"HTTP/1.1 401 Unauthorized\"", "url": null, "method": null, "process_time": null, "taskName": "Task-7"}
{"asctime": "2026-03-03 20:46:04,811", "levelname": "INFO", "message": "HTTP Request: POST http://localhost:8001/api/v1/users/refresh \"HTTP/1.1 200 OK\"", "url": null, "method": null, "process_time": null, "taskName": "starlette.middleware.base.BaseHTTPMiddleware.__call__.<locals>.call_next.<locals>.coro"}
{"asctime": "2026-03-03 20:46:04,813", "levelname": "INFO", "message": "", "url": "/api/v1/users/refresh", "method": "POST", "process_time": 1.73294997215271, "taskName": "Task-20"}
{"asctime": "2026-03-03 20:47:29,159", "levelname": "INFO", "message": "HTTP Request: GET http://localhost:8001/api/v1/users/auth/me \"HTTP/1.1 401 Unauthorized\"", "url": null, "method": null, "process_time": null, "taskName": "Task-33"}
{"asctime": "2026-03-03 20:47:29,169", "levelname": "INFO", "message": "HTTP Request: GET http://localhost:8001/api/v1/users/auth/me \"HTTP/1.1 401 Unauthorized\"", "url": null, "method": null, "process_time": null, "taskName": "Task-35"}
{"asctime": "2026-03-03 20:47:29,177", "levelname": "INFO", "message": "HTTP Request: GET http://localhost:8001/api/v1/users/auth/me \"HTTP/1.1 401 Unauthorized\"", "url": null, "method": null, "process_time": null, "taskName": "Task-31"}
{"asctime": "2026-03-03 20:47:29,184", "levelname": "INFO", "message": "HTTP Request: GET http://localhost:8001/api/v1/users/auth/me \"HTTP/1.1 401 Unauthorized\"", "url": null, "method": null, "process_time": null, "taskName": "Task-32"}
{"asctime": "2026-03-03 20:47:42,045", "levelname": "INFO", "message": "HTTP Request: GET http://localhost:8001/api/v1/users/auth/me \"HTTP/1.1 401 Unauthorized\"", "url": null, "method": null, "process_time": null, "taskName": "Task-44"}
{"asctime": "2026-03-03 20:47:43,421", "levelname": "INFO", "message": "HTTP Request: POST http://localhost:8001/api/v1/users/refresh \"HTTP/1.1 200 OK\"", "url": null, "method": null, "process_time": null, "taskName": "starlette.middleware.base.BaseHTTPMiddleware.__call__.<locals>.call_next.<locals>.coro"}
{"asctime": "2026-03-03 20:47:43,423", "levelname": "INFO", "message": "", "url": "/api/v1/users/refresh", "method": "POST", "process_time": 1.3517935276031494, "taskName": "Task-47"}
{"asctime": "2026-03-03 20:47:54,856", "levelname": "INFO", "message": "HTTP Request: POST http://localhost:8001/api/v1/users/login \"HTTP/1.1 200 OK\"", "url": null, "method": null, "process_time": null, "taskName": "starlette.middleware.base.BaseHTTPMiddleware.__call__.<locals>.call_next.<locals>.coro"}
{"asctime": "2026-03-03 20:47:54,869", "levelname": "INFO", "message": "", "url": "/api/v1/users/login", "method": "POST", "process_time": 2.9842841625213623, "taskName": "Task-58"}
{"asctime": "2026-03-03 20:48:00,846", "levelname": "INFO", "message": "HTTP Request: GET http://localhost:8001/api/v1/users/auth/me \"HTTP/1.1 401 Unauthorized\"", "url": null, "method": null, "process_time": null, "taskName": "Task-66"}
{"asctime": "2026-03-03 20:48:00,869", "levelname": "INFO", "message": "HTTP Request: GET http://localhost:8001/api/v1/users/auth/me \"HTTP/1.1 401 Unauthorized\"", "url": null, "method": null, "process_time": null, "taskName": "Task-67"}
{"asctime": "2026-03-03 20:48:02,014", "levelname": "INFO", "message": "HTTP Request: GET http://localhost:8001/api/v1/users/auth/me \"HTTP/1.1 401 Unauthorized\"", "url": null, "method": null, "process_time": null, "taskName": "Task-72"}
{"asctime": "2026-03-03 20:48:02,021", "levelname": "INFO", "message": "HTTP Request: GET http://localhost:8001/api/v1/users/auth/me \"HTTP/1.1 401 Unauthorized\"", "url": null, "method": null, "process_time": null, "taskName": "Task-73"}
{"asctime": "2026-03-03 20:48:02,274", "levelname": "INFO", "message": "HTTP Request: POST http://localhost:8001/api/v1/users/refresh \"HTTP/1.1 200 OK\"", "url": null, "method": null, "process_time": null, "taskName": "starlette.middleware.base.BaseHTTPMiddleware.__call__.<locals>.call_next.<locals>.coro"}
{"asctime": "2026-03-03 20:48:02,282", "levelname": "INFO", "message": "", "url": "/api/v1/users/refresh", "method": "POST", "process_time": 1.4080345630645752, "taskName": "Task-78"}
{"asctime": "2026-03-03 20:48:09,948", "levelname": "INFO", "message": "HTTP Request: GET http://localhost:8001/api/v1/users/auth/me \"HTTP/1.1 401 Unauthorized\"", "url": null, "method": null, "process_time": null, "taskName": "Task-89"}
{"asctime": "2026-03-03 20:48:09,965", "levelname": "INFO", "message": "HTTP Request: GET http://localhost:8001/api/v1/users/auth/me \"HTTP/1.1 401 Unauthorized\"", "url": null, "method": null, "process_time": null, "taskName": "Task-90"}
{"asctime": "2026-03-03 20:48:09,989", "levelname": "INFO", "message": "HTTP Request: GET http://localhost:8001/api/v1/users/auth/me \"HTTP/1.1 401 Unauthorized\"", "url": null, "method": null, "process_time": null, "taskName": "Task-87"}
{"asctime": "2026-03-03 20:48:11,504", "levelname": "INFO", "message": "HTTP Request: GET http://localhost:8001/api/v1/users/auth/me \"HTTP/1.1 401 Unauthorized\"", "url": null, "method": null, "process_time": null, "taskName": "Task-88"}
{"asctime": "2026-03-03 20:48:12,639", "levelname": "INFO", "message": "HTTP Request: POST http://localhost:8001/api/v1/users/refresh \"HTTP/1.1 200 OK\"", "url": null, "method": null, "process_time": null, "taskName": "starlette.middleware.base.BaseHTTPMiddleware.__call__.<locals>.call_next.<locals>.coro"}
{"asctime": "2026-03-03 20:48:13,456", "levelname": "INFO", "message": "", "url": "/api/v1/users/refresh", "method": "POST", "process_time": 3.460038185119629, "taskName": "Task-99"}
{"asctime": "2026-03-03 20:48:27,064", "levelname": "INFO", "message": "HTTP Request: GET http://localhost:8001/api/v1/users/auth/me \"HTTP/1.1 401 Unauthorized\"", "url": null, "method": null, "process_time": null, "taskName": "Task-112"}
{"asctime": "2026-03-03 20:48:28,857", "levelname": "INFO", "message": "HTTP Request: GET http://localhost:8001/api/v1/users/auth/me \"HTTP/1.1 401 Unauthorized\"", "url": null, "method": null, "process_time": null, "taskName": "Task-114"}
{"asctime": "2026-03-03 20:48:28,861", "levelname": "INFO", "message": "HTTP Request: GET http://localhost:8001/api/v1/users/auth/me \"HTTP/1.1 401 Unauthorized\"", "url": null, "method": null, "process_time": null, "taskName": "Task-113"}
{"asctime": "2026-03-03 20:48:29,149", "levelname": "INFO", "message": "HTTP Request: POST http://localhost:8001/api/v1/users/refresh \"HTTP/1.1 200 OK\"", "url": null, "method": null, "process_time": null, "taskName": "starlette.middleware.base.BaseHTTPMiddleware.__call__.<locals>.call_next.<locals>.coro"}
{"asctime": "2026-03-03 20:48:29,161", "levelname": "INFO", "message": "", "url": "/api/v1/users/refresh", "method": "POST", "process_time": 1.9729368686676025, "taskName": "Task-122"}
{"asctime": "2026-03-03 20:48:37,123", "levelname": "INFO", "message": "HTTP Request: GET http://localhost:8001/api/v1/users/auth/me \"HTTP/1.1 401 Unauthorized\"", "url": null, "method": null, "process_time": null, "taskName": "Task-129"}
{"asctime": "2026-03-03 20:48:38,486", "levelname": "INFO", "message": "HTTP Request: POST http://localhost:8001/api/v1/users/refresh \"HTTP/1.1 200 OK\"", "url": null, "method": null, "process_time": null, "taskName": "starlette.middleware.base.BaseHTTPMiddleware.__call__.<locals>.call_next.<locals>.coro"}
{"asctime": "2026-03-03 20:48:38,490", "levelname": "INFO", "message": "", "url": "/api/v1/users/refresh", "method": "POST", "process_time": 1.351510763168335, "taskName": "Task-132"}
{"asctime": "2026-03-03 20:48:44,280", "levelname": "INFO", "message": "HTTP Request: GET http://localhost:8001/api/v1/users/auth/me \"HTTP/1.1 401 Unauthorized\"", "url": null, "method": null, "process_time": null, "taskName": "Task-145"}
{"asctime": "2026-03-03 20:48:44,288", "levelname": "INFO", "message": "HTTP Request: GET http://localhost:8001/api/v1/users/auth/me \"HTTP/1.1 401 Unauthorized\"", "url": null, "method": null, "process_time": null, "taskName": "Task-143"}
{"asctime": "2026-03-03 20:48:46,014", "levelname": "INFO", "message": "HTTP Request: GET http://localhost:8001/api/v1/users/auth/me \"HTTP/1.1 401 Unauthorized\"", "url": null, "method": null, "process_time": null, "taskName": "Task-144"}
{"asctime": "2026-03-03 20:48:46,017", "levelname": "INFO", "message": "HTTP Request: GET http://localhost:8001/api/v1/users/auth/me \"HTTP/1.1 401 Unauthorized\"", "url": null, "method": null, "process_time": null, "taskName": "Task-139"}
{"asctime": "2026-03-03 20:48:46,319", "levelname": "INFO", "message": "HTTP Request: POST http://localhost:8001/api/v1/users/refresh \"HTTP/1.1 200 OK\"", "url": null, "method": null, "process_time": null, "taskName": "starlette.middleware.base.BaseHTTPMiddleware.__call__.<locals>.call_next.<locals>.coro"}
{"asctime": "2026-03-03 20:48:46,321", "levelname": "INFO", "message": "", "url": "/api/v1/users/refresh", "method": "POST", "process_time": 2.016098976135254, "taskName": "Task-154"}
{"asctime": "2026-03-03 20:48:51,576", "levelname": "INFO", "message": "HTTP Request: GET http://localhost:8001/api/v1/users/auth/me \"HTTP/1.1 401 Unauthorized\"", "url": null, "method": null, "process_time": null, "taskName": "Task-161"}
{"asctime": "2026-03-03 20:48:53,005", "levelname": "INFO", "message": "HTTP Request: POST http://localhost:8001/api/v1/users/refresh \"HTTP/1.1 200 OK\"", "url": null, "method": null, "process_time": null, "taskName": "starlette.middleware.base.BaseHTTPMiddleware.__call__.<locals>.call_next.<locals>.coro"}
{"asctime": "2026-03-03 20:48:53,019", "levelname": "INFO", "message": "", "url": "/api/v1/users/refresh", "method": "POST", "process_time": 1.3613884449005127, "taskName": "Task-164"}
{"asctime": "2026-03-03 20:49:02,714", "levelname": "INFO", "message": "HTTP Request: POST http://localhost:8001/api/v1/users/login \"HTTP/1.1 200 OK\"", "url": null, "method": null, "process_time": null, "taskName": "starlette.middleware.base.BaseHTTPMiddleware.__call__.<locals>.call_next.<locals>.coro"}
{"asctime": "2026-03-03 20:49:02,722", "levelname": "INFO", "message": "", "url": "/api/v1/users/login", "method": "POST", "process_time": 1.789226770401001, "taskName": "Task-172"}
{"asctime": "2026-03-03 20:49:11,377", "levelname": "INFO", "message": "HTTP Request: GET http://localhost:8001/api/v1/users/auth/me \"HTTP/1.1 401 Unauthorized\"", "url": null, "method": null, "process_time": null, "taskName": "Task-181"}
{"asctime": "2026-03-03 20:49:13,337", "levelname": "INFO", "message": "HTTP Request: GET http://localhost:8001/api/v1/users/auth/me \"HTTP/1.1 401 Unauthorized\"", "url": null, "method": null, "process_time": null, "taskName": "Task-186"}
{"asctime": "2026-03-03 20:49:13,339", "levelname": "INFO", "message": "HTTP Request: GET http://localhost:8001/api/v1/users/auth/me \"HTTP/1.1 401 Unauthorized\"", "url": null, "method": null, "process_time": null, "taskName": "Task-185"}
{"asctime": "2026-03-03 20:49:13,613", "levelname": "INFO", "message": "HTTP Request: POST http://localhost:8001/api/v1/users/refresh \"HTTP/1.1 200 OK\"", "url": null, "method": null, "process_time": null, "taskName": "starlette.middleware.base.BaseHTTPMiddleware.__call__.<locals>.call_next.<locals>.coro"}
{"asctime": "2026-03-03 20:49:13,615", "levelname": "INFO", "message": "", "url": "/api/v1/users/refresh", "method": "POST", "process_time": 2.1749751567840576, "taskName": "Task-193"}
{"asctime": "2026-03-03 20:50:08,643", "levelname": "INFO", "message": "HTTP Request: GET http://localhost:8001/api/v1/users/auth/me \"HTTP/1.1 401 Unauthorized\"", "url": null, "method": null, "process_time": null, "taskName": "Task-204"}
{"asctime": "2026-03-03 20:50:08,654", "levelname": "INFO", "message": "HTTP Request: GET http://localhost:8001/api/v1/users/auth/me \"HTTP/1.1 401 Unauthorized\"", "url": null, "method": null, "process_time": null, "taskName": "Task-205"}
{"asctime": "2026-03-03 20:50:08,670", "levelname": "INFO", "message": "HTTP Request: GET http://localhost:8001/api/v1/users/auth/me \"HTTP/1.1 401 Unauthorized\"", "url": null, "method": null, "process_time": null, "taskName": "Task-208"}
{"asctime": "2026-03-03 20:50:08,672", "levelname": "INFO", "message": "HTTP Request: GET http://localhost:8001/api/v1/users/auth/me \"HTTP/1.1 401 Unauthorized\"", "url": null, "method": null, "process_time": null, "taskName": "Task-207"}
{"asctime": "2026-03-03 20:50:10,055", "levelname": "INFO", "message": "HTTP Request: POST http://localhost:8001/api/v1/users/refresh \"HTTP/1.1 200 OK\"", "url": null, "method": null, "process_time": null, "taskName": "starlette.middleware.base.BaseHTTPMiddleware.__call__.<locals>.call_next.<locals>.coro"}
{"asctime": "2026-03-03 20:50:10,058", "levelname": "INFO", "message": "", "url": "/api/v1/users/refresh", "method": "POST", "process_time": 1.3543920516967773, "taskName": "Task-217"}
{"asctime": "2026-03-03 20:51:07,908", "levelname": "INFO", "message": "HTTP Request: GET http://localhost:8001/api/v1/users/auth/me \"HTTP/1.1 401 Unauthorized\"", "url": null, "method": null, "process_time": null, "taskName": "Task-224"}
{"asctime": "2026-03-03 20:51:09,095", "levelname": "INFO", "message": "HTTP Request: GET http://localhost:8001/api/v1/users/auth/me \"HTTP/1.1 401 Unauthorized\"", "url": null, "method": null, "process_time": null, "taskName": "Task-229"}
{"asctime": "2026-03-03 20:51:09,099", "levelname": "INFO", "message": "HTTP Request: GET http://localhost:8001/api/v1/users/auth/me \"HTTP/1.1 401 Unauthorized\"", "url": null, "method": null, "process_time": null, "taskName": "Task-230"}
{"asctime": "2026-03-03 20:51:09,107", "levelname": "INFO", "message": "HTTP Request: GET http://localhost:8001/api/v1/users/auth/me \"HTTP/1.1 401 Unauthorized\"", "url": null, "method": null, "process_time": null, "taskName": "Task-228"}
{"asctime": "2026-03-03 20:51:09,393", "levelname": "INFO", "message": "HTTP Request: POST http://localhost:8001/api/v1/users/refresh \"HTTP/1.1 200 OK\"", "url": null, "method": null, "process_time": null, "taskName": "starlette.middleware.base.BaseHTTPMiddleware.__call__.<locals>.call_next.<locals>.coro"}
{"asctime": "2026-03-03 20:51:09,432", "levelname": "INFO", "message": "", "url": "/api/v1/users/refresh", "method": "POST", "process_time": 1.5064995288848877, "taskName": "Task-236"}
{"asctime": "2026-03-03 20:52:08,825", "levelname": "INFO", "message": "HTTP Request: GET http://localhost:8001/api/v1/users/auth/me \"HTTP/1.1 401 Unauthorized\"", "url": null, "method": null, "process_time": null, "taskName": "Task-251"}
{"asctime": "2026-03-03 20:52:08,838", "levelname": "INFO", "message": "HTTP Request: GET http://localhost:8001/api/v1/users/auth/me \"HTTP/1.1 401 Unauthorized\"", "url": null, "method": null, "process_time": null, "taskName": "Task-254"}
{"asctime": "2026-03-03 20:52:08,845", "levelname": "INFO", "message": "HTTP Request: GET http://localhost:8001/api/v1/users/auth/me \"HTTP/1.1 401 Unauthorized\"", "url": null, "method": null, "process_time": null, "taskName": "Task-252"}
{"asctime": "2026-03-03 20:52:08,850", "levelname": "INFO", "message": "HTTP Request: GET http://localhost:8001/api/v1/users/auth/me \"HTTP/1.1 401 Unauthorized\"", "url": null, "method": null, "process_time": null, "taskName": "Task-250"}
{"asctime": "2026-03-03 20:52:10,373", "levelname": "INFO", "message": "HTTP Request: POST http://localhost:8001/api/v1/users/refresh \"HTTP/1.1 200 OK\"", "url": null, "method": null, "process_time": null, "taskName": "starlette.middleware.base.BaseHTTPMiddleware.__call__.<locals>.call_next.<locals>.coro"}
{"asctime": "2026-03-03 20:52:10,388", "levelname": "INFO", "message": "", "url": "/api/v1/users/refresh", "method": "POST", "process_time": 1.5161678791046143, "taskName": "Task-263"}
{"asctime": "2026-03-03 20:53:08,187", "levelname": "INFO", "message": "HTTP Request: GET http://localhost:8001/api/v1/users/auth/me \"HTTP/1.1 401 Unauthorized\"", "url": null, "method": null, "process_time": null, "taskName": "Task-270"}
{"asctime": "2026-03-03 20:53:09,291", "levelname": "INFO", "message": "HTTP Request: GET http://localhost:8001/api/v1/users/auth/me \"HTTP/1.1 401 Unauthorized\"", "url": null, "method": null, "process_time": null, "taskName": "Task-277"}
{"asctime": "2026-03-03 20:53:09,302", "levelname": "INFO", "message": "HTTP Request: GET http://localhost:8001/api/v1/users/auth/me \"HTTP/1.1 401 Unauthorized\"", "url": null, "method": null, "process_time": null, "taskName": "Task-276"}
{"asctime": "2026-03-03 20:53:09,318", "levelname": "INFO", "message": "HTTP Request: GET http://localhost:8001/api/v1/users/auth/me \"HTTP/1.1 401 Unauthorized\"", "url": null, "method": null, "process_time": null, "taskName": "Task-275"}
{"asctime": "2026-03-03 20:53:09,548", "levelname": "INFO", "message": "HTTP Request: POST http://localhost:8001/api/v1/users/refresh \"HTTP/1.1 200 OK\"", "url": null, "method": null, "process_time": null, "taskName": "starlette.middleware.base.BaseHTTPMiddleware.__call__.<locals>.call_next.<locals>.coro"}
{"asctime": "2026-03-03 20:53:09,552", "levelname": "INFO", "message": "", "url": "/api/v1/users/refresh", "method": "POST", "process_time": 1.3544328212738037, "taskName": "Task-282"}
{"asctime": "2026-03-03 20:54:08,087", "levelname": "INFO", "message": "HTTP Request: GET http://localhost:8001/api/v1/users/auth/me \"HTTP/1.1 401 Unauthorized\"", "url": null, "method": null, "process_time": null, "taskName": "Task-296"}
{"asctime": "2026-03-03 20:54:08,091", "levelname": "INFO", "message": "HTTP Request: GET http://localhost:8001/api/v1/users/auth/me \"HTTP/1.1 401 Unauthorized\"", "url": null, "method": null, "process_time": null, "taskName": "Task-299"}
{"asctime": "2026-03-03 20:54:08,096", "levelname": "INFO", "message": "HTTP Request: GET http://localhost:8001/api/v1/users/auth/me \"HTTP/1.1 401 Unauthorized\"", "url": null, "method": null, "process_time": null, "taskName": "Task-300"}
{"asctime": "2026-03-03 20:54:08,099", "levelname": "INFO", "message": "HTTP Request: GET http://localhost:8001/api/v1/users/auth/me \"HTTP/1.1 401 Unauthorized\"", "url": null, "method": null, "process_time": null, "taskName": "Task-297"}
{"asctime": "2026-03-03 20:54:09,370", "levelname": "INFO", "message": "HTTP Request: POST http://localhost:8001/api/v1/users/refresh \"HTTP/1.1 200 OK\"", "url": null, "method": null, "process_time": null, "taskName": "starlette.middleware.base.BaseHTTPMiddleware.__call__.<locals>.call_next.<locals>.coro"}
{"asctime": "2026-03-03 20:54:09,372", "levelname": "INFO", "message": "", "url": "/api/v1/users/refresh", "method": "POST", "process_time": 1.2655367851257324, "taskName": "Task-309"}
{"asctime": "2026-03-03 20:55:07,236", "levelname": "INFO", "message": "HTTP Request: GET http://localhost:8001/api/v1/users/auth/me \"HTTP/1.1 401 Unauthorized\"", "url": null, "method": null, "process_time": null, "taskName": "Task-316"}
{"asctime": "2026-03-03 20:55:08,418", "levelname": "INFO", "message": "HTTP Request: GET http://localhost:8001/api/v1/users/auth/me \"HTTP/1.1 401 Unauthorized\"", "url": null, "method": null, "process_time": null, "taskName": "Task-320"}
{"asctime": "2026-03-03 20:55:08,422", "levelname": "INFO", "message": "HTTP Request: GET http://localhost:8001/api/v1/users/auth/me \"HTTP/1.1 401 Unauthorized\"", "url": null, "method": null, "process_time": null, "taskName": "Task-321"}
{"asctime": "2026-03-03 20:55:08,441", "levelname": "INFO", "message": "HTTP Request: GET http://localhost:8001/api/v1/users/auth/me \"HTTP/1.1 401 Unauthorized\"", "url": null, "method": null, "process_time": null, "taskName": "Task-322"}
{"asctime": "2026-03-03 20:55:08,672", "levelname": "INFO", "message": "HTTP Request: POST http://localhost:8001/api/v1/users/refresh \"HTTP/1.1 200 OK\"", "url": null, "method": null, "process_time": null, "taskName": "starlette.middleware.base.BaseHTTPMiddleware.__call__.<locals>.call_next.<locals>.coro"}
{"asctime": "2026-03-03 20:55:08,674", "levelname": "INFO", "message": "", "url": "/api/v1/users/refresh", "method": "POST", "process_time": 1.4219965934753418, "taskName": "Task-328"}
{"asctime": "2026-03-03 20:56:07,669", "levelname": "INFO", "message": "HTTP Request: GET http://localhost:8001/api/v1/users/auth/me \"HTTP/1.1 401 Unauthorized\"", "url": null, "method": null, "process_time": null, "taskName": "Task-341"}
{"asctime": "2026-03-03 20:56:08,829", "levelname": "INFO", "message": "HTTP Request: GET http://localhost:8001/api/v1/users/auth/me \"HTTP/1.1 401 Unauthorized\"", "url": null, "method": null, "process_time": null, "taskName": "Task-344"}
{"asctime": "2026-03-03 20:56:08,844", "levelname": "INFO", "message": "HTTP Request: GET http://localhost:8001/api/v1/users/auth/me \"HTTP/1.1 401 Unauthorized\"", "url": null, "method": null, "process_time": null, "taskName": "Task-347"}
{"asctime": "2026-03-03 20:56:08,855", "levelname": "INFO", "message": "HTTP Request: GET http://localhost:8001/api/v1/users/auth/me \"HTTP/1.1 401 Unauthorized\"", "url": null, "method": null, "process_time": null, "taskName": "Task-345"}
{"asctime": "2026-03-03 20:56:09,107", "levelname": "INFO", "message": "HTTP Request: POST http://localhost:8001/api/v1/users/refresh \"HTTP/1.1 200 OK\"", "url": null, "method": null, "process_time": null, "taskName": "starlette.middleware.base.BaseHTTPMiddleware.__call__.<locals>.call_next.<locals>.coro"}
{"asctime": "2026-03-03 20:56:09,110", "levelname": "INFO", "message": "", "url": "/api/v1/users/refresh", "method": "POST", "process_time": 1.4225983619689941, "taskName": "Task-352"}
{"asctime": "2026-03-03 20:57:23,465", "levelname": "INFO", "message": "HTTP Request: GET http://localhost:8001/api/v1/users/auth/me \"HTTP/1.1 401 Unauthorized\"", "url": null, "method": null, "process_time": null, "taskName": "Task-363"}
{"asctime": "2026-03-03 20:57:24,652", "levelname": "INFO", "message": "HTTP Request: GET http://localhost:8001/api/v1/users/auth/me \"HTTP/1.1 401 Unauthorized\"", "url": null, "method": null, "process_time": null, "taskName": "Task-370"}
{"asctime": "2026-03-03 20:57:24,699", "levelname": "INFO", "message": "HTTP Request: GET http://localhost:8001/api/v1/users/auth/me \"HTTP/1.1 401 Unauthorized\"", "url": null, "method": null, "process_time": null, "taskName": "Task-369"}
{"asctime": "2026-03-03 20:57:24,702", "levelname": "INFO", "message": "HTTP Request: GET http://localhost:8001/api/v1/users/auth/me \"HTTP/1.1 401 Unauthorized\"", "url": null, "method": null, "process_time": null, "taskName": "Task-368"}
{"asctime": "2026-03-03 20:57:24,930", "levelname": "INFO", "message": "HTTP Request: POST http://localhost:8001/api/v1/users/refresh \"HTTP/1.1 200 OK\"", "url": null, "method": null, "process_time": null, "taskName": "starlette.middleware.base.BaseHTTPMiddleware.__call__.<locals>.call_next.<locals>.coro"}
{"asctime": "2026-03-03 20:57:24,932", "levelname": "INFO", "message": "", "url": "/api/v1/users/refresh", "method": "POST", "process_time": 1.453575849533081, "taskName": "Task-376"}
{"asctime": "2026-03-03 20:58:07,772", "levelname": "INFO", "message": "HTTP Request: GET http://localhost:8001/api/v1/users/auth/me \"HTTP/1.1 401 Unauthorized\"", "url": null, "method": null, "process_time": null, "taskName": "Task-386"}
{"asctime": "2026-03-03 20:58:08,972", "levelname": "INFO", "message": "HTTP Request: GET http://localhost:8001/api/v1/users/auth/me \"HTTP/1.1 401 Unauthorized\"", "url": null, "method": null, "process_time": null, "taskName": "Task-392"}
{"asctime": "2026-03-03 20:58:08,978", "levelname": "INFO", "message": "HTTP Request: GET http://localhost:8001/api/v1/users/auth/me \"HTTP/1.1 401 Unauthorized\"", "url": null, "method": null, "process_time": null, "taskName": "Task-390"}
{"asctime": "2026-03-03 20:58:08,990", "levelname": "INFO", "message": "HTTP Request: GET http://localhost:8001/api/v1/users/auth/me \"HTTP/1.1 401 Unauthorized\"", "url": null, "method": null, "process_time": null, "taskName": "Task-391"}
{"asctime": "2026-03-03 20:58:09,240", "levelname": "INFO", "message": "HTTP Request: POST http://localhost:8001/api/v1/users/refresh \"HTTP/1.1 200 OK\"", "url": null, "method": null, "process_time": null, "taskName": "starlette.middleware.base.BaseHTTPMiddleware.__call__.<locals>.call_next.<locals>.coro"}
{"asctime": "2026-03-03 20:58:09,242", "levelname": "INFO", "message": "", "url": "/api/v1/users/refresh", "method": "POST", "process_time": 1.4403173923492432, "taskName": "Task-398"}
{"asctime": "2026-03-03 20:59:25,902", "levelname": "INFO", "message": "HTTP Request: GET http://localhost:8001/api/v1/users/auth/me \"HTTP/1.1 401 Unauthorized\"", "url": null, "method": null, "process_time": null, "taskName": "Task-412"}
{"asctime": "2026-03-03 20:59:27,060", "levelname": "INFO", "message": "HTTP Request: GET http://localhost:8001/api/v1/users/auth/me \"HTTP/1.1 401 Unauthorized\"", "url": null, "method": null, "process_time": null, "taskName": "Task-413"}
{"asctime": "2026-03-03 20:59:27,062", "levelname": "INFO", "message": "HTTP Request: GET http://localhost:8001/api/v1/users/auth/me \"HTTP/1.1 401 Unauthorized\"", "url": null, "method": null, "process_time": null, "taskName": "Task-415"}
{"asctime": "2026-03-03 20:59:27,063", "levelname": "INFO", "message": "HTTP Request: GET http://localhost:8001/api/v1/users/auth/me \"HTTP/1.1 401 Unauthorized\"", "url": null, "method": null, "process_time": null, "taskName": "Task-416"}
{"asctime": "2026-03-03 20:59:27,369", "levelname": "INFO", "message": "HTTP Request: POST http://localhost:8001/api/v1/users/refresh \"HTTP/1.1 200 OK\"", "url": null, "method": null, "process_time": null, "taskName": "starlette.middleware.base.BaseHTTPMiddleware.__call__.<locals>.call_next.<locals>.coro"}
{"asctime": "2026-03-03 20:59:27,372", "levelname": "INFO", "message": "", "url": "/api/v1/users/refresh", "method": "POST", "process_time": 1.4399895668029785, "taskName": "Task-425"}
{"asctime": "2026-03-03 21:00:19,536", "levelname": "INFO", "message": "HTTP Request: GET http://localhost:8001/api/v1/users/auth/me \"HTTP/1.1 401 Unauthorized\"", "url": null, "method": null, "process_time": null, "taskName": "Task-432"}
{"asctime": "2026-03-03 21:00:20,726", "levelname": "INFO", "message": "HTTP Request: GET http://localhost:8001/api/v1/users/auth/me \"HTTP/1.1 401 Unauthorized\"", "url": null, "method": null, "process_time": null, "taskName": "Task-436"}
{"asctime": "2026-03-03 21:00:20,734", "levelname": "INFO", "message": "HTTP Request: GET http://localhost:8001/api/v1/users/auth/me \"HTTP/1.1 401 Unauthorized\"", "url": null, "method": null, "process_time": null, "taskName": "Task-438"}
{"asctime": "2026-03-03 21:00:20,759", "levelname": "INFO", "message": "HTTP Request: GET http://localhost:8001/api/v1/users/auth/me \"HTTP/1.1 401 Unauthorized\"", "url": null, "method": null, "process_time": null, "taskName": "Task-437"}
{"asctime": "2026-03-03 21:00:21,008", "levelname": "INFO", "message": "HTTP Request: POST http://localhost:8001/api/v1/users/refresh \"HTTP/1.1 200 OK\"", "url": null, "method": null, "process_time": null, "taskName": "starlette.middleware.base.BaseHTTPMiddleware.__call__.<locals>.call_next.<locals>.coro"}
{"asctime": "2026-03-03 21:00:21,045", "levelname": "INFO", "message": "", "url": "/api/v1/users/refresh", "method": "POST", "process_time": 1.482022762298584, "taskName": "Task-444"}
{"asctime": "2026-03-03 21:00:21,056", "levelname": "INFO", "message": "", "url": "/docs", "method": "GET", "process_time": 0.0015304088592529297, "taskName": "Task-454"}
{"asctime": "2026-03-03 21:00:21,457", "levelname": "INFO", "message": "", "url": "/openapi.json", "method": "GET", "process_time": 0.13864636421203613, "taskName": "Task-457"}
{"asctime": "2026-03-03 21:01:07,468", "levelname": "INFO", "message": "HTTP Request: GET http://localhost:8001/api/v1/users/auth/me \"HTTP/1.1 401 Unauthorized\"", "url": null, "method": null, "process_time": null, "taskName": "Task-465"}
{"asctime": "2026-03-03 21:01:07,482", "levelname": "INFO", "message": "HTTP Request: GET http://localhost:8001/api/v1/users/auth/me \"HTTP/1.1 401 Unauthorized\"", "url": null, "method": null, "process_time": null, "taskName": "Task-466"}
{"asctime": "2026-03-03 21:01:07,494", "levelname": "INFO", "message": "HTTP Request: GET http://localhost:8001/api/v1/users/auth/me \"HTTP/1.1 401 Unauthorized\"", "url": null, "method": null, "process_time": null, "taskName": "Task-467"}
{"asctime": "2026-03-03 21:01:07,504", "levelname": "INFO", "message": "HTTP Request: GET http://localhost:8001/api/v1/users/auth/me \"HTTP/1.1 401 Unauthorized\"", "url": null, "method": null, "process_time": null, "taskName": "Task-464"}
{"asctime": "2026-03-03 21:01:08,881", "levelname": "INFO", "message": "HTTP Request: POST http://localhost:8001/api/v1/users/refresh \"HTTP/1.1 200 OK\"", "url": null, "method": null, "process_time": null, "taskName": "starlette.middleware.base.BaseHTTPMiddleware.__call__.<locals>.call_next.<locals>.coro"}
{"asctime": "2026-03-03 21:01:08,883", "levelname": "INFO", "message": "", "url": "/api/v1/users/refresh", "method": "POST", "process_time": 1.233729600906372, "taskName": "Task-477"}
{"asctime": "2026-03-03 21:02:04,565", "levelname": "INFO", "message": "HTTP Request: GET http://localhost:8001/api/v1/users/auth/me \"HTTP/1.1 200 OK\"", "url": null, "method": null, "process_time": null, "taskName": "Task-484"}
{"asctime": "2026-03-03 21:02:05,973", "levelname": "INFO", "message": "HTTP Request: GET http://localhost:8001/api/v1/users/auth/me \"HTTP/1.1 200 OK\"", "url": null, "method": null, "process_time": null, "taskName": "starlette.middleware.base.BaseHTTPMiddleware.__call__.<locals>.call_next.<locals>.coro"}
{"asctime": "2026-03-03 21:02:05,984", "levelname": "INFO", "message": "", "url": "/api/v1/users/auth/me", "method": "GET", "process_time": 1.411083698272705, "taskName": "Task-484"}
{"asctime": "2026-03-03 21:02:10,642", "levelname": "INFO", "message": "HTTP Request: GET http://localhost:8001/api/v1/users/auth/me \"HTTP/1.1 200 OK\"", "url": null, "method": null, "process_time": null, "taskName": "Task-493"}
{"asctime": "2026-03-03 21:02:11,673", "levelname": "INFO", "message": "HTTP Request: GET http://localhost:8001/api/v1/users/auth/me \"HTTP/1.1 200 OK\"", "url": null, "method": null, "process_time": null, "taskName": "Task-499"}
{"asctime": "2026-03-03 21:02:12,671", "levelname": "INFO", "message": "HTTP Request: GET http://localhost:8001/api/v1/users/auth/me \"HTTP/1.1 200 OK\"", "url": null, "method": null, "process_time": null, "taskName": "Task-498"}
{"asctime": "2026-03-03 21:02:12,674", "levelname": "INFO", "message": "HTTP Request: GET http://localhost:8001/api/v1/users/auth/me \"HTTP/1.1 200 OK\"", "url": null, "method": null, "process_time": null, "taskName": "Task-497"}
{"asctime": "2026-03-03 21:02:14,551", "levelname": "INFO", "message": "HTTP Request: GET http://localhost:8002/api/v1/payment_intake_matching/matching/dashboard/summary \"HTTP/1.1 200 OK\"", "url": null, "method": null, "process_time": null, "taskName": "starlette.middleware.base.BaseHTTPMiddleware.__call__.<locals>.call_next.<locals>.coro"}
{"asctime": "2026-03-03 21:02:14,554", "levelname": "INFO", "message": "", "url": "/api/v1/payment_intake_matching/matching/dashboard/summary", "method": "GET", "process_time": 3.9089725017547607, "taskName": "Task-493"}
{"asctime": "2026-03-03 21:02:14,966", "levelname": "INFO", "message": "HTTP Request: GET http://localhost:8002/api/v1/payment_intake_matching/matching/dashboard/recent?limit=10 \"HTTP/1.1 200 OK\"", "url": null, "method": null, "process_time": null, "taskName": "starlette.middleware.base.BaseHTTPMiddleware.__call__.<locals>.call_next.<locals>.coro"}
{"asctime": "2026-03-03 21:02:14,970", "levelname": "INFO", "message": "", "url": "/api/v1/payment_intake_matching/matching/dashboard/recent", "method": "GET", "process_time": 3.281083106994629, "taskName": "Task-499"}
{"asctime": "2026-03-03 21:02:15,078", "levelname": "INFO", "message": "HTTP Request: GET http://localhost:8002/api/v1/payment_intake_matching/matching/dashboard/unmatched-invoices \"HTTP/1.1 200 OK\"", "url": null, "method": null, "process_time": null, "taskName": "starlette.middleware.base.BaseHTTPMiddleware.__call__.<locals>.call_next.<locals>.coro"}
{"asctime": "2026-03-03 21:02:15,081", "levelname": "INFO", "message": "HTTP Request: GET http://localhost:8002/api/v1/payment_intake_matching/matching/dashboard/unmatched-payments \"HTTP/1.1 200 OK\"", "url": null, "method": null, "process_time": null, "taskName": "starlette.middleware.base.BaseHTTPMiddleware.__call__.<locals>.call_next.<locals>.coro"}
{"asctime": "2026-03-03 21:02:15,082", "levelname": "INFO", "message": "", "url": "/api/v1/payment_intake_matching/matching/dashboard/unmatched-invoices", "method": "GET", "process_time": 1.4860036373138428, "taskName": "Task-497"}
{"asctime": "2026-03-03 21:02:15,086", "levelname": "INFO", "message": "", "url": "/api/v1/payment_intake_matching/matching/dashboard/unmatched-payments", "method": "GET", "process_time": 2.4093918800354004, "taskName": "Task-498"}
{"asctime": "2026-03-03 21:02:25,272", "levelname": "INFO", "message": "HTTP Request: GET http://localhost:8001/api/v1/users/auth/me \"HTTP/1.1 200 OK\"", "url": null, "method": null, "process_time": null, "taskName": "Task-533"}
{"asctime": "2026-03-03 21:02:26,536", "levelname": "INFO", "message": "HTTP Request: POST http://localhost:8001/api/v1/users/logout \"HTTP/1.1 200 OK\"", "url": null, "method": null, "process_time": null, "taskName": "starlette.middleware.base.BaseHTTPMiddleware.__call__.<locals>.call_next.<locals>.coro"}
{"asctime": "2026-03-03 21:02:26,539", "levelname": "INFO", "message": "", "url": "/api/v1/users/logout", "method": "POST", "process_time": 1.2631864547729492, "taskName": "Task-533"}
{"asctime": "2026-03-03 21:02:37,690", "levelname": "INFO", "message": "HTTP Request: POST http://localhost:8001/api/v1/users/login \"HTTP/1.1 200 OK\"", "url": null, "method": null, "process_time": null, "taskName": "starlette.middleware.base.BaseHTTPMiddleware.__call__.<locals>.call_next.<locals>.coro"}
{"asctime": "2026-03-03 21:02:37,692", "levelname": "INFO", "message": "", "url": "/api/v1/users/login", "method": "POST", "process_time": 1.4735805988311768, "taskName": "Task-545"}
{"asctime": "2026-03-03 21:02:42,109", "levelname": "INFO", "message": "HTTP Request: GET http://localhost:8001/api/v1/users/auth/me \"HTTP/1.1 200 OK\"", "url": null, "method": null, "process_time": null, "taskName": "Task-553"}
{"asctime": "2026-03-03 21:02:43,271", "levelname": "INFO", "message": "HTTP Request: GET http://localhost:8001/api/v1/users/auth/me \"HTTP/1.1 200 OK\"", "url": null, "method": null, "process_time": null, "taskName": "Task-558"}
{"asctime": "2026-03-03 21:02:44,602", "levelname": "INFO", "message": "HTTP Request: GET http://localhost:8001/api/v1/users/auth/me \"HTTP/1.1 200 OK\"", "url": null, "method": null, "process_time": null, "taskName": "Task-559"}
{"asctime": "2026-03-03 21:02:44,605", "levelname": "INFO", "message": "HTTP Request: GET http://localhost:8001/api/v1/users/auth/me \"HTTP/1.1 200 OK\"", "url": null, "method": null, "process_time": null, "taskName": "Task-557"}
{"asctime": "2026-03-03 21:02:47,278", "levelname": "INFO", "message": "HTTP Request: GET http://localhost:8002/api/v1/payment_intake_matching/matching/dashboard/summary \"HTTP/1.1 200 OK\"", "url": null, "method": null, "process_time": null, "taskName": "starlette.middleware.base.BaseHTTPMiddleware.__call__.<locals>.call_next.<locals>.coro"}
{"asctime": "2026-03-03 21:02:47,281", "levelname": "INFO", "message": "", "url": "/api/v1/payment_intake_matching/matching/dashboard/summary", "method": "GET", "process_time": 5.169074296951294, "taskName": "Task-553"}
{"asctime": "2026-03-03 21:02:47,568", "levelname": "INFO", "message": "HTTP Request: GET http://localhost:8002/api/v1/payment_intake_matching/matching/dashboard/unmatched-payments \"HTTP/1.1 200 OK\"", "url": null, "method": null, "process_time": null, "taskName": "starlette.middleware.base.BaseHTTPMiddleware.__call__.<locals>.call_next.<locals>.coro"}
{"asctime": "2026-03-03 21:02:47,570", "levelname": "INFO", "message": "", "url": "/api/v1/payment_intake_matching/matching/dashboard/unmatched-payments", "method": "GET", "process_time": 1.414407730102539, "taskName": "Task-557"}
{"asctime": "2026-03-03 21:02:47,573", "levelname": "INFO", "message": "HTTP Request: GET http://localhost:8002/api/v1/payment_intake_matching/matching/dashboard/recent?limit=10 \"HTTP/1.1 200 OK\"", "url": null, "method": null, "process_time": null, "taskName": "starlette.middleware.base.BaseHTTPMiddleware.__call__.<locals>.call_next.<locals>.coro"}
{"asctime": "2026-03-03 21:02:47,584", "levelname": "INFO", "message": "HTTP Request: GET http://localhost:8002/api/v1/payment_intake_matching/matching/dashboard/unmatched-invoices \"HTTP/1.1 200 OK\"", "url": null, "method": null, "process_time": null, "taskName": "starlette.middleware.base.BaseHTTPMiddleware.__call__.<locals>.call_next.<locals>.coro"}
{"asctime": "2026-03-03 21:02:47,588", "levelname": "INFO", "message": "", "url": "/api/v1/payment_intake_matching/matching/dashboard/recent", "method": "GET", "process_time": 2.978166341781616, "taskName": "Task-559"}
{"asctime": "2026-03-03 21:02:47,593", "levelname": "INFO", "message": "", "url": "/api/v1/payment_intake_matching/matching/dashboard/unmatched-invoices", "method": "GET", "process_time": 4.317598104476929, "taskName": "Task-558"}
{"asctime": "2026-03-03 21:03:07,195", "levelname": "INFO", "message": "HTTP Request: GET http://localhost:8001/api/v1/users/auth/me \"HTTP/1.1 200 OK\"", "url": null, "method": null, "process_time": null, "taskName": "Task-596"}
{"asctime": "2026-03-03 21:03:08,188", "levelname": "INFO", "message": "HTTP Request: GET http://localhost:8001/api/v1/users/auth/me \"HTTP/1.1 200 OK\"", "url": null, "method": null, "process_time": null, "taskName": "Task-598"}
{"asctime": "2026-03-03 21:03:09,333", "levelname": "INFO", "message": "HTTP Request: GET http://localhost:8001/api/v1/users/auth/me \"HTTP/1.1 200 OK\"", "url": null, "method": null, "process_time": null, "taskName": "Task-599"}
{"asctime": "2026-03-03 21:03:09,335", "levelname": "INFO", "message": "HTTP Request: GET http://localhost:8001/api/v1/users/auth/me \"HTTP/1.1 200 OK\"", "url": null, "method": null, "process_time": null, "taskName": "Task-597"}
{"asctime": "2026-03-03 21:03:11,387", "levelname": "INFO", "message": "HTTP Request: GET http://localhost:8002/api/v1/payment_intake_matching/matching/dashboard/summary \"HTTP/1.1 200 OK\"", "url": null, "method": null, "process_time": null, "taskName": "starlette.middleware.base.BaseHTTPMiddleware.__call__.<locals>.call_next.<locals>.coro"}
{"asctime": "2026-03-03 21:03:11,390", "levelname": "INFO", "message": "", "url": "/api/v1/payment_intake_matching/matching/dashboard/summary", "method": "GET", "process_time": 4.183938980102539, "taskName": "Task-596"}
{"asctime": "2026-03-03 21:03:11,642", "levelname": "INFO", "message": "HTTP Request: GET http://localhost:8002/api/v1/payment_intake_matching/matching/dashboard/recent?limit=10 \"HTTP/1.1 200 OK\"", "url": null, "method": null, "process_time": null, "taskName": "starlette.middleware.base.BaseHTTPMiddleware.__call__.<locals>.call_next.<locals>.coro"}
{"asctime": "2026-03-03 21:03:11,646", "levelname": "INFO", "message": "HTTP Request: GET http://localhost:8002/api/v1/payment_intake_matching/matching/dashboard/unmatched-invoices \"HTTP/1.1 200 OK\"", "url": null, "method": null, "process_time": null, "taskName": "starlette.middleware.base.BaseHTTPMiddleware.__call__.<locals>.call_next.<locals>.coro"}
{"asctime": "2026-03-03 21:03:11,648", "levelname": "INFO", "message": "", "url": "/api/v1/payment_intake_matching/matching/dashboard/recent", "method": "GET", "process_time": 1.272878885269165, "taskName": "Task-597"}
{"asctime": "2026-03-03 21:03:11,652", "levelname": "INFO", "message": "HTTP Request: GET http://localhost:8002/api/v1/payment_intake_matching/matching/dashboard/unmatched-payments \"HTTP/1.1 200 OK\"", "url": null, "method": null, "process_time": null, "taskName": "starlette.middleware.base.BaseHTTPMiddleware.__call__.<locals>.call_next.<locals>.coro"}
{"asctime": "2026-03-03 21:03:11,655", "levelname": "INFO", "message": "", "url": "/api/v1/payment_intake_matching/matching/dashboard/unmatched-invoices", "method": "GET", "process_time": 2.3172450065612793, "taskName": "Task-599"}
{"asctime": "2026-03-03 21:03:11,662", "levelname": "INFO", "message": "", "url": "/api/v1/payment_intake_matching/matching/dashboard/unmatched-payments", "method": "GET", "process_time": 3.465975522994995, "taskName": "Task-598"}
{"asctime": "2026-03-03 21:04:08,402", "levelname": "INFO", "message": "HTTP Request: GET http://localhost:8001/api/v1/users/auth/me \"HTTP/1.1 200 OK\"", "url": null, "method": null, "process_time": null, "taskName": "Task-640"}
{"asctime": "2026-03-03 21:04:09,504", "levelname": "INFO", "message": "HTTP Request: GET http://localhost:8001/api/v1/users/auth/me \"HTTP/1.1 200 OK\"", "url": null, "method": null, "process_time": null, "taskName": "Task-641"}
{"asctime": "2026-03-03 21:04:09,506", "levelname": "INFO", "message": "HTTP Request: GET http://localhost:8001/api/v1/users/auth/me \"HTTP/1.1 200 OK\"", "url": null, "method": null, "process_time": null, "taskName": "Task-637"}
{"asctime": "2026-03-03 21:04:09,509", "levelname": "INFO", "message": "HTTP Request: GET http://localhost:8001/api/v1/users/auth/me \"HTTP/1.1 200 OK\"", "url": null, "method": null, "process_time": null, "taskName": "Task-638"}
{"asctime": "2026-03-03 21:04:13,734", "levelname": "INFO", "message": "HTTP Request: GET http://localhost:8002/api/v1/payment_intake_matching/matching/dashboard/unmatched-invoices \"HTTP/1.1 200 OK\"", "url": null, "method": null, "process_time": null, "taskName": "starlette.middleware.base.BaseHTTPMiddleware.__call__.<locals>.call_next.<locals>.coro"}
{"asctime": "2026-03-03 21:04:13,740", "levelname": "INFO", "message": "", "url": "/api/v1/payment_intake_matching/matching/dashboard/unmatched-invoices", "method": "GET", "process_time": 5.325035095214844, "taskName": "Task-640"}
{"asctime": "2026-03-03 21:04:13,770", "levelname": "INFO", "message": "HTTP Request: GET http://localhost:8002/api/v1/payment_intake_matching/matching/dashboard/summary \"HTTP/1.1 200 OK\"", "url": null, "method": null, "process_time": null, "taskName": "starlette.middleware.base.BaseHTTPMiddleware.__call__.<locals>.call_next.<locals>.coro"}
{"asctime": "2026-03-03 21:04:13,773", "levelname": "INFO", "message": "HTTP Request: GET http://localhost:8002/api/v1/payment_intake_matching/matching/dashboard/recent?limit=10 \"HTTP/1.1 200 OK\"", "url": null, "method": null, "process_time": null, "taskName": "starlette.middleware.base.BaseHTTPMiddleware.__call__.<locals>.call_next.<locals>.coro"}
{"asctime": "2026-03-03 21:04:13,780", "levelname": "INFO", "message": "HTTP Request: GET http://localhost:8002/api/v1/payment_intake_matching/matching/dashboard/unmatched-payments \"HTTP/1.1 200 OK\"", "url": null, "method": null, "process_time": null, "taskName": "starlette.middleware.base.BaseHTTPMiddleware.__call__.<locals>.call_next.<locals>.coro"}
{"asctime": "2026-03-03 21:04:13,782", "levelname": "INFO", "message": "", "url": "/api/v1/payment_intake_matching/matching/dashboard/summary", "method": "GET", "process_time": 4.26639199256897, "taskName": "Task-637"}
{"asctime": "2026-03-03 21:04:13,787", "levelname": "INFO", "message": "", "url": "/api/v1/payment_intake_matching/matching/dashboard/recent", "method": "GET", "process_time": 1.5179975032806396, "taskName": "Task-638"}
{"asctime": "2026-03-03 21:04:13,797", "levelname": "INFO", "message": "", "url": "/api/v1/payment_intake_matching/matching/dashboard/unmatched-payments", "method": "GET", "process_time": 4.284642219543457, "taskName": "Task-641"}
{"asctime": "2026-03-03 21:05:06,548", "levelname": "INFO", "message": "HTTP Request: GET http://localhost:8001/api/v1/users/auth/me \"HTTP/1.1 200 OK\"", "url": null, "method": null, "process_time": null, "taskName": "Task-674"}
{"asctime": "2026-03-03 21:05:07,478", "levelname": "INFO", "message": "HTTP Request: GET http://localhost:8001/api/v1/users/auth/me \"HTTP/1.1 200 OK\"", "url": null, "method": null, "process_time": null, "taskName": "Task-679"}
{"asctime": "2026-03-03 21:05:08,401", "levelname": "INFO", "message": "HTTP Request: GET http://localhost:8001/api/v1/users/auth/me \"HTTP/1.1 200 OK\"", "url": null, "method": null, "process_time": null, "taskName": "Task-681"}
{"asctime": "2026-03-03 21:05:08,403", "levelname": "INFO", "message": "HTTP Request: GET http://localhost:8001/api/v1/users/auth/me \"HTTP/1.1 200 OK\"", "url": null, "method": null, "process_time": null, "taskName": "Task-680"}
{"asctime": "2026-03-03 21:05:10,250", "levelname": "INFO", "message": "HTTP Request: GET http://localhost:8002/api/v1/payment_intake_matching/matching/dashboard/summary \"HTTP/1.1 200 OK\"", "url": null, "method": null, "process_time": null, "taskName": "starlette.middleware.base.BaseHTTPMiddleware.__call__.<locals>.call_next.<locals>.coro"}
{"asctime": "2026-03-03 21:05:10,253", "levelname": "INFO", "message": "", "url": "/api/v1/payment_intake_matching/matching/dashboard/summary", "method": "GET", "process_time": 3.7032878398895264, "taskName": "Task-674"}
{"asctime": "2026-03-03 21:05:10,545", "levelname": "INFO", "message": "HTTP Request: GET http://localhost:8002/api/v1/payment_intake_matching/matching/dashboard/unmatched-invoices \"HTTP/1.1 200 OK\"", "url": null, "method": null, "process_time": null, "taskName": "starlette.middleware.base.BaseHTTPMiddleware.__call__.<locals>.call_next.<locals>.coro"}
{"asctime": "2026-03-03 21:05:10,548", "levelname": "INFO", "message": "HTTP Request: GET http://localhost:8002/api/v1/payment_intake_matching/matching/dashboard/recent?limit=10 \"HTTP/1.1 200 OK\"", "url": null, "method": null, "process_time": null, "taskName": "starlette.middleware.base.BaseHTTPMiddleware.__call__.<locals>.call_next.<locals>.coro"}
{"asctime": "2026-03-03 21:05:10,554", "levelname": "INFO", "message": "HTTP Request: GET http://localhost:8002/api/v1/payment_intake_matching/matching/dashboard/unmatched-payments \"HTTP/1.1 200 OK\"", "url": null, "method": null, "process_time": null, "taskName": "starlette.middleware.base.BaseHTTPMiddleware.__call__.<locals>.call_next.<locals>.coro"}
{"asctime": "2026-03-03 21:05:10,557", "levelname": "INFO", "message": "", "url": "/api/v1/payment_intake_matching/matching/dashboard/unmatched-invoices", "method": "GET", "process_time": 2.1476988792419434, "taskName": "Task-680"}
{"asctime": "2026-03-03 21:05:10,560", "levelname": "INFO", "message": "", "url": "/api/v1/payment_intake_matching/matching/dashboard/recent", "method": "GET", "process_time": 2.1509459018707275, "taskName": "Task-681"}
{"asctime": "2026-03-03 21:05:10,571", "levelname": "INFO", "message": "", "url": "/api/v1/payment_intake_matching/matching/dashboard/unmatched-payments", "method": "GET", "process_time": 3.089097499847412, "taskName": "Task-679"}
{"asctime": "2026-03-03 21:05:16,666", "levelname": "INFO", "message": "HTTP Request: GET http://localhost:8001/api/v1/users/auth/me \"HTTP/1.1 200 OK\"", "url": null, "method": null, "process_time": null, "taskName": "Task-713"}
{"asctime": "2026-03-03 21:05:17,923", "levelname": "INFO", "message": "HTTP Request: GET http://localhost:8002/api/v1/payment_intake_matching/aging-config/ \"HTTP/1.1 200 OK\"", "url": null, "method": null, "process_time": null, "taskName": "starlette.middleware.base.BaseHTTPMiddleware.__call__.<locals>.call_next.<locals>.coro"}
{"asctime": "2026-03-03 21:05:17,927", "levelname": "INFO", "message": "", "url": "/api/v1/payment_intake_matching/aging-config/", "method": "GET", "process_time": 1.2553818225860596, "taskName": "Task-713"}
{"asctime": "2026-03-03 21:05:57,757", "levelname": "INFO", "message": "HTTP Request: GET http://localhost:8001/api/v1/users/auth/me \"HTTP/1.1 200 OK\"", "url": null, "method": null, "process_time": null, "taskName": "Task-726"}
{"asctime": "2026-03-03 21:05:59,216", "levelname": "INFO", "message": "HTTP Request: POST http://localhost:8002/api/v1/payment_intake_matching/aging-config/ \"HTTP/1.1 422 Unprocessable Entity\"", "url": null, "method": null, "process_time": null, "taskName": "starlette.middleware.base.BaseHTTPMiddleware.__call__.<locals>.call_next.<locals>.coro"}
{"asctime": "2026-03-03 21:05:59,220", "levelname": "INFO", "message": "", "url": "/api/v1/payment_intake_matching/aging-config/", "method": "POST", "process_time": 1.4600820541381836, "taskName": "Task-726"}
{"asctime": "2026-03-03 21:06:06,307", "levelname": "INFO", "message": "HTTP Request: GET http://localhost:8001/api/v1/users/auth/me \"HTTP/1.1 200 OK\"", "url": null, "method": null, "process_time": null, "taskName": "Task-737"}
{"asctime": "2026-03-03 21:06:07,656", "levelname": "INFO", "message": "HTTP Request: GET http://localhost:8001/api/v1/users/auth/me \"HTTP/1.1 200 OK\"", "url": null, "method": null, "process_time": null, "taskName": "Task-736"}
{"asctime": "2026-03-03 21:06:08,810", "levelname": "INFO", "message": "HTTP Request: GET http://localhost:8001/api/v1/users/auth/me \"HTTP/1.1 200 OK\"", "url": null, "method": null, "process_time": null, "taskName": "Task-742"}
{"asctime": "2026-03-03 21:06:09,867", "levelname": "INFO", "message": "HTTP Request: GET http://localhost:8001/api/v1/users/auth/me \"HTTP/1.1 200 OK\"", "url": null, "method": null, "process_time": null, "taskName": "Task-741"}
{"asctime": "2026-03-03 21:06:11,118", "levelname": "INFO", "message": "HTTP Request: GET http://localhost:8002/api/v1/payment_intake_matching/matching/dashboard/recent?limit=10 \"HTTP/1.1 200 OK\"", "url": null, "method": null, "process_time": null, "taskName": "starlette.middleware.base.BaseHTTPMiddleware.__call__.<locals>.call_next.<locals>.coro"}
{"asctime": "2026-03-03 21:06:11,123", "levelname": "INFO", "message": "HTTP Request: GET http://localhost:8002/api/v1/payment_intake_matching/matching/dashboard/summary \"HTTP/1.1 200 OK\"", "url": null, "method": null, "process_time": null, "taskName": "starlette.middleware.base.BaseHTTPMiddleware.__call__.<locals>.call_next.<locals>.coro"}
{"asctime": "2026-03-03 21:06:11,129", "levelname": "INFO", "message": "", "url": "/api/v1/payment_intake_matching/matching/dashboard/recent", "method": "GET", "process_time": 4.819800615310669, "taskName": "Task-737"}
{"asctime": "2026-03-03 21:06:11,135", "levelname": "INFO", "message": "", "url": "/api/v1/payment_intake_matching/matching/dashboard/summary", "method": "GET", "process_time": 3.474651336669922, "taskName": "Task-736"}
{"asctime": "2026-03-03 21:06:11,380", "levelname": "INFO", "message": "HTTP Request: GET http://localhost:8002/api/v1/payment_intake_matching/matching/dashboard/unmatched-invoices \"HTTP/1.1 200 OK\"", "url": null, "method": null, "process_time": null, "taskName": "starlette.middleware.base.BaseHTTPMiddleware.__call__.<locals>.call_next.<locals>.coro"}
{"asctime": "2026-03-03 21:06:11,383", "levelname": "INFO", "message": "HTTP Request: GET http://localhost:8002/api/v1/payment_intake_matching/matching/dashboard/unmatched-payments \"HTTP/1.1 200 OK\"", "url": null, "method": null, "process_time": null, "taskName": "starlette.middleware.base.BaseHTTPMiddleware.__call__.<locals>.call_next.<locals>.coro"}
{"asctime": "2026-03-03 21:06:11,385", "levelname": "INFO", "message": "", "url": "/api/v1/payment_intake_matching/matching/dashboard/unmatched-invoices", "method": "GET", "process_time": 1.5088229179382324, "taskName": "Task-741"}
{"asctime": "2026-03-03 21:06:11,388", "levelname": "INFO", "message": "", "url": "/api/v1/payment_intake_matching/matching/dashboard/unmatched-payments", "method": "GET", "process_time": 2.5745327472686768, "taskName": "Task-742"}
{"asctime": "2026-03-03 21:06:34,010", "levelname": "INFO", "message": "HTTP Request: GET http://localhost:8001/api/v1/users/auth/me \"HTTP/1.1 200 OK\"", "url": null, "method": null, "process_time": null, "taskName": "Task-775"}
{"asctime": "2026-03-03 21:06:35,618", "levelname": "INFO", "message": "HTTP Request: POST http://localhost:8001/api/v1/users/logout \"HTTP/1.1 200 OK\"", "url": null, "method": null, "process_time": null, "taskName": "starlette.middleware.base.BaseHTTPMiddleware.__call__.<locals>.call_next.<locals>.coro"}
{"asctime": "2026-03-03 21:06:35,620", "levelname": "INFO", "message": "", "url": "/api/v1/users/logout", "method": "POST", "process_time": 1.602095127105713, "taskName": "Task-775"}
{"asctime": "2026-03-03 21:06:40,717", "levelname": "INFO", "message": "HTTP Request: GET http://localhost:8001/api/v1/users/auth/me \"HTTP/1.1 200 OK\"", "url": null, "method": null, "process_time": null, "taskName": "Task-785"}
{"asctime": "2026-03-03 21:06:42,063", "levelname": "INFO", "message": "HTTP Request: GET http://localhost:8001/api/v1/users/auth/me \"HTTP/1.1 200 OK\"", "url": null, "method": null, "process_time": null, "taskName": "starlette.middleware.base.BaseHTTPMiddleware.__call__.<locals>.call_next.<locals>.coro"}
{"asctime": "2026-03-03 21:06:42,067", "levelname": "INFO", "message": "", "url": "/api/v1/users/auth/me", "method": "GET", "process_time": 1.347651720046997, "taskName": "Task-785"}
{"asctime": "2026-03-03 21:06:47,387", "levelname": "INFO", "message": "HTTP Request: GET http://localhost:8001/api/v1/users/auth/me \"HTTP/1.1 200 OK\"", "url": null, "method": null, "process_time": null, "taskName": "Task-794"}
{"asctime": "2026-03-03 21:06:48,487", "levelname": "INFO", "message": "HTTP Request: GET http://localhost:8001/api/v1/users/auth/me \"HTTP/1.1 200 OK\"", "url": null, "method": null, "process_time": null, "taskName": "Task-800"}
{"asctime": "2026-03-03 21:06:49,793", "levelname": "INFO", "message": "HTTP Request: GET http://localhost:8001/api/v1/users/auth/me \"HTTP/1.1 200 OK\"", "url": null, "method": null, "process_time": null, "taskName": "Task-795"}
{"asctime": "2026-03-03 21:06:49,800", "levelname": "INFO", "message": "HTTP Request: GET http://localhost:8001/api/v1/users/auth/me \"HTTP/1.1 200 OK\"", "url": null, "method": null, "process_time": null, "taskName": "Task-799"}
{"asctime": "2026-03-03 21:06:51,858", "levelname": "INFO", "message": "HTTP Request: GET http://localhost:8002/api/v1/payment_intake_matching/matching/dashboard/summary \"HTTP/1.1 200 OK\"", "url": null, "method": null, "process_time": null, "taskName": "starlette.middleware.base.BaseHTTPMiddleware.__call__.<locals>.call_next.<locals>.coro"}
{"asctime": "2026-03-03 21:06:51,861", "levelname": "INFO", "message": "", "url": "/api/v1/payment_intake_matching/matching/dashboard/summary", "method": "GET", "process_time": 4.4718005657196045, "taskName": "Task-794"}
{"asctime": "2026-03-03 21:06:52,097", "levelname": "INFO", "message": "HTTP Request: GET http://localhost:8002/api/v1/payment_intake_matching/matching/dashboard/unmatched-invoices \"HTTP/1.1 200 OK\"", "url": null, "method": null, "process_time": null, "taskName": "starlette.middleware.base.BaseHTTPMiddleware.__call__.<locals>.call_next.<locals>.coro"}
{"asctime": "2026-03-03 21:06:52,103", "levelname": "INFO", "message": "", "url": "/api/v1/payment_intake_matching/matching/dashboard/unmatched-invoices", "method": "GET", "process_time": 3.608736991882324, "taskName": "Task-800"}
{"asctime": "2026-03-03 21:06:52,161", "levelname": "INFO", "message": "HTTP Request: GET http://localhost:8002/api/v1/payment_intake_matching/matching/dashboard/recent?limit=10 \"HTTP/1.1 200 OK\"", "url": null, "method": null, "process_time": null, "taskName": "starlette.middleware.base.BaseHTTPMiddleware.__call__.<locals>.call_next.<locals>.coro"}
{"asctime": "2026-03-03 21:06:52,265", "levelname": "INFO", "message": "HTTP Request: GET http://localhost:8002/api/v1/payment_intake_matching/matching/dashboard/unmatched-payments \"HTTP/1.1 200 OK\"", "url": null, "method": null, "process_time": null, "taskName": "starlette.middleware.base.BaseHTTPMiddleware.__call__.<locals>.call_next.<locals>.coro"}
{"asctime": "2026-03-03 21:06:52,272", "levelname": "INFO", "message": "", "url": "/api/v1/payment_intake_matching/matching/dashboard/recent", "method": "GET", "process_time": 2.4651737213134766, "taskName": "Task-795"}
{"asctime": "2026-03-03 21:06:52,294", "levelname": "INFO", "message": "", "url": "/api/v1/payment_intake_matching/matching/dashboard/unmatched-payments", "method": "GET", "process_time": 2.485184907913208, "taskName": "Task-799"}
{"asctime": "2026-03-03 21:07:06,493", "levelname": "INFO", "message": "HTTP Request: GET http://localhost:8001/api/v1/users/auth/me \"HTTP/1.1 200 OK\"", "url": null, "method": null, "process_time": null, "taskName": "Task-833"}
{"asctime": "2026-03-03 21:07:08,057", "levelname": "INFO", "message": "HTTP Request: GET http://localhost:8001/api/v1/users/auth/me \"HTTP/1.1 200 OK\"", "url": null, "method": null, "process_time": null, "taskName": "starlette.middleware.base.BaseHTTPMiddleware.__call__.<locals>.call_next.<locals>.coro"}
{"asctime": "2026-03-03 21:07:08,070", "levelname": "INFO", "message": "", "url": "/api/v1/users/auth/me", "method": "GET", "process_time": 1.5650653839111328, "taskName": "Task-833"}
{"asctime": "2026-03-03 21:07:12,691", "levelname": "INFO", "message": "HTTP Request: GET http://localhost:8001/api/v1/users/auth/me \"HTTP/1.1 200 OK\"", "url": null, "method": null, "process_time": null, "taskName": "Task-843"}
{"asctime": "2026-03-03 21:07:13,706", "levelname": "INFO", "message": "HTTP Request: GET http://localhost:8001/api/v1/users/auth/me \"HTTP/1.1 200 OK\"", "url": null, "method": null, "process_time": null, "taskName": "Task-848"}
{"asctime": "2026-03-03 21:07:14,688", "levelname": "INFO", "message": "HTTP Request: GET http://localhost:8001/api/v1/users/auth/me \"HTTP/1.1 200 OK\"", "url": null, "method": null, "process_time": null, "taskName": "Task-846"}
{"asctime": "2026-03-03 21:07:14,690", "levelname": "INFO", "message": "HTTP Request: GET http://localhost:8001/api/v1/users/auth/me \"HTTP/1.1 200 OK\"", "url": null, "method": null, "process_time": null, "taskName": "Task-849"}
{"asctime": "2026-03-03 21:07:17,063", "levelname": "INFO", "message": "HTTP Request: GET http://localhost:8002/api/v1/payment_intake_matching/matching/dashboard/summary \"HTTP/1.1 200 OK\"", "url": null, "method": null, "process_time": null, "taskName": "starlette.middleware.base.BaseHTTPMiddleware.__call__.<locals>.call_next.<locals>.coro"}
{"asctime": "2026-03-03 21:07:17,066", "levelname": "INFO", "message": "", "url": "/api/v1/payment_intake_matching/matching/dashboard/summary", "method": "GET", "process_time": 4.373343467712402, "taskName": "Task-843"}
{"asctime": "2026-03-03 21:07:17,352", "levelname": "INFO", "message": "HTTP Request: GET http://localhost:8002/api/v1/payment_intake_matching/matching/dashboard/recent?limit=10 \"HTTP/1.1 200 OK\"", "url": null, "method": null, "process_time": null, "taskName": "starlette.middleware.base.BaseHTTPMiddleware.__call__.<locals>.call_next.<locals>.coro"}
{"asctime": "2026-03-03 21:07:17,388", "levelname": "INFO", "message": "", "url": "/api/v1/payment_intake_matching/matching/dashboard/recent", "method": "GET", "process_time": 2.6971538066864014, "taskName": "Task-846"}
{"asctime": "2026-03-03 21:07:17,416", "levelname": "INFO", "message": "HTTP Request: GET http://localhost:8002/api/v1/payment_intake_matching/matching/dashboard/unmatched-payments \"HTTP/1.1 200 OK\"", "url": null, "method": null, "process_time": null, "taskName": "starlette.middleware.base.BaseHTTPMiddleware.__call__.<locals>.call_next.<locals>.coro"}
{"asctime": "2026-03-03 21:07:17,437", "levelname": "INFO", "message": "HTTP Request: GET http://localhost:8002/api/v1/payment_intake_matching/matching/dashboard/unmatched-invoices \"HTTP/1.1 200 OK\"", "url": null, "method": null, "process_time": null, "taskName": "starlette.middleware.base.BaseHTTPMiddleware.__call__.<locals>.call_next.<locals>.coro"}
{"asctime": "2026-03-03 21:07:17,447", "levelname": "INFO", "message": "", "url": "/api/v1/payment_intake_matching/matching/dashboard/unmatched-payments", "method": "GET", "process_time": 3.7394869327545166, "taskName": "Task-848"}
{"asctime": "2026-03-03 21:07:17,487", "levelname": "INFO", "message": "", "url": "/api/v1/payment_intake_matching/matching/dashboard/unmatched-invoices", "method": "GET", "process_time": 1.6206989288330078, "taskName": "Task-849"}
{"asctime": "2026-03-03 21:07:20,690", "levelname": "INFO", "message": "HTTP Request: GET http://localhost:8001/api/v1/users/auth/me \"HTTP/1.1 200 OK\"", "url": null, "method": null, "process_time": null, "taskName": "Task-881"}
{"asctime": "2026-03-03 21:07:22,060", "levelname": "INFO", "message": "HTTP Request: POST http://localhost:8001/api/v1/users/logout \"HTTP/1.1 200 OK\"", "url": null, "method": null, "process_time": null, "taskName": "starlette.middleware.base.BaseHTTPMiddleware.__call__.<locals>.call_next.<locals>.coro"}
{"asctime": "2026-03-03 21:07:22,065", "levelname": "INFO", "message": "", "url": "/api/v1/users/logout", "method": "POST", "process_time": 1.3708081245422363, "taskName": "Task-881"}
{"asctime": "2026-03-03 21:07:49,763", "levelname": "INFO", "message": "HTTP Request: POST http://localhost:8001/api/v1/users/login \"HTTP/1.1 200 OK\"", "url": null, "method": null, "process_time": null, "taskName": "starlette.middleware.base.BaseHTTPMiddleware.__call__.<locals>.call_next.<locals>.coro"}
{"asctime": "2026-03-03 21:07:49,766", "levelname": "INFO", "message": "", "url": "/api/v1/users/login", "method": "POST", "process_time": 1.4111227989196777, "taskName": "Task-891"}
{"asctime": "2026-03-03 21:07:54,947", "levelname": "INFO", "message": "HTTP Request: GET http://localhost:8001/api/v1/users/auth/me \"HTTP/1.1 200 OK\"", "url": null, "method": null, "process_time": null, "taskName": "Task-899"}
{"asctime": "2026-03-03 21:07:55,985", "levelname": "INFO", "message": "HTTP Request: GET http://localhost:8001/api/v1/users/auth/me \"HTTP/1.1 200 OK\"", "url": null, "method": null, "process_time": null, "taskName": "Task-905"}
{"asctime": "2026-03-03 21:07:57,174", "levelname": "INFO", "message": "HTTP Request: GET http://localhost:8001/api/v1/users/auth/me \"HTTP/1.1 200 OK\"", "url": null, "method": null, "process_time": null, "taskName": "Task-904"}
{"asctime": "2026-03-03 21:07:57,176", "levelname": "INFO", "message": "HTTP Request: GET http://localhost:8001/api/v1/users/auth/me \"HTTP/1.1 200 OK\"", "url": null, "method": null, "process_time": null, "taskName": "Task-902"}
{"asctime": "2026-03-03 21:07:59,292", "levelname": "INFO", "message": "HTTP Request: GET http://localhost:8002/api/v1/payment_intake_matching/matching/dashboard/summary \"HTTP/1.1 200 OK\"", "url": null, "method": null, "process_time": null, "taskName": "starlette.middleware.base.BaseHTTPMiddleware.__call__.<locals>.call_next.<locals>.coro"}
{"asctime": "2026-03-03 21:07:59,296", "levelname": "INFO", "message": "", "url": "/api/v1/payment_intake_matching/matching/dashboard/summary", "method": "GET", "process_time": 4.345147609710693, "taskName": "Task-899"}
{"asctime": "2026-03-03 21:07:59,569", "levelname": "INFO", "message": "HTTP Request: GET http://localhost:8002/api/v1/payment_intake_matching/matching/dashboard/unmatched-invoices \"HTTP/1.1 200 OK\"", "url": null, "method": null, "process_time": null, "taskName": "starlette.middleware.base.BaseHTTPMiddleware.__call__.<locals>.call_next.<locals>.coro"}
{"asctime": "2026-03-03 21:07:59,591", "levelname": "INFO", "message": "", "url": "/api/v1/payment_intake_matching/matching/dashboard/unmatched-invoices", "method": "GET", "process_time": 2.409762144088745, "taskName": "Task-904"}
{"asctime": "2026-03-03 21:07:59,593", "levelname": "INFO", "message": "HTTP Request: GET http://localhost:8002/api/v1/payment_intake_matching/matching/dashboard/recent?limit=10 \"HTTP/1.1 200 OK\"", "url": null, "method": null, "process_time": null, "taskName": "starlette.middleware.base.BaseHTTPMiddleware.__call__.<locals>.call_next.<locals>.coro"}
{"asctime": "2026-03-03 21:07:59,633", "levelname": "INFO", "message": "HTTP Request: GET http://localhost:8002/api/v1/payment_intake_matching/matching/dashboard/unmatched-payments \"HTTP/1.1 200 OK\"", "url": null, "method": null, "process_time": null, "taskName": "starlette.middleware.base.BaseHTTPMiddleware.__call__.<locals>.call_next.<locals>.coro"}
{"asctime": "2026-03-03 21:07:59,643", "levelname": "INFO", "message": "", "url": "/api/v1/payment_intake_matching/matching/dashboard/recent", "method": "GET", "process_time": 2.4602816104888916, "taskName": "Task-902"}
{"asctime": "2026-03-03 21:07:59,694", "levelname": "INFO", "message": "", "url": "/api/v1/payment_intake_matching/matching/dashboard/unmatched-payments", "method": "GET", "process_time": 3.704131603240967, "taskName": "Task-905"}
{"asctime": "2026-03-03 21:08:55,855", "levelname": "INFO", "message": "HTTP Request: GET http://localhost:8001/api/v1/users/auth/me \"HTTP/1.1 200 OK\"", "url": null, "method": null, "process_time": null, "taskName": "Task-941"}
{"asctime": "2026-03-03 21:08:57,044", "levelname": "INFO", "message": "HTTP Request: GET http://localhost:8001/api/v1/users/auth/me \"HTTP/1.1 200 OK\"", "url": null, "method": null, "process_time": null, "taskName": "Task-942"}
{"asctime": "2026-03-03 21:08:57,046", "levelname": "INFO", "message": "HTTP Request: GET http://localhost:8001/api/v1/users/auth/me \"HTTP/1.1 200 OK\"", "url": null, "method": null, "process_time": null, "taskName": "Task-943"}
{"asctime": "2026-03-03 21:08:57,048", "levelname": "INFO", "message": "HTTP Request: GET http://localhost:8001/api/v1/users/auth/me \"HTTP/1.1 200 OK\"", "url": null, "method": null, "process_time": null, "taskName": "Task-945"}
{"asctime": "2026-03-03 21:09:00,739", "levelname": "INFO", "message": "HTTP Request: GET http://localhost:8002/api/v1/payment_intake_matching/matching/dashboard/unmatched-invoices \"HTTP/1.1 200 OK\"", "url": null, "method": null, "process_time": null, "taskName": "starlette.middleware.base.BaseHTTPMiddleware.__call__.<locals>.call_next.<locals>.coro"}
{"asctime": "2026-03-03 21:09:00,743", "levelname": "INFO", "message": "HTTP Request: GET http://localhost:8002/api/v1/payment_intake_matching/matching/dashboard/summary \"HTTP/1.1 200 OK\"", "url": null, "method": null, "process_time": null, "taskName": "starlette.middleware.base.BaseHTTPMiddleware.__call__.<locals>.call_next.<locals>.coro"}
{"asctime": "2026-03-03 21:09:00,747", "levelname": "INFO", "message": "HTTP Request: GET http://localhost:8002/api/v1/payment_intake_matching/matching/dashboard/unmatched-payments \"HTTP/1.1 200 OK\"", "url": null, "method": null, "process_time": null, "taskName": "starlette.middleware.base.BaseHTTPMiddleware.__call__.<locals>.call_next.<locals>.coro"}
{"asctime": "2026-03-03 21:09:00,750", "levelname": "INFO", "message": "", "url": "/api/v1/payment_intake_matching/matching/dashboard/unmatched-invoices", "method": "GET", "process_time": 3.6957008838653564, "taskName": "Task-945"}
{"asctime": "2026-03-03 21:09:00,758", "levelname": "INFO", "message": "", "url": "/api/v1/payment_intake_matching/matching/dashboard/summary", "method": "GET", "process_time": 4.897388696670532, "taskName": "Task-941"}
{"asctime": "2026-03-03 21:09:00,762", "levelname": "INFO", "message": "", "url": "/api/v1/payment_intake_matching/matching/dashboard/unmatched-payments", "method": "GET", "process_time": 3.7085835933685303, "taskName": "Task-943"}
{"asctime": "2026-03-03 21:09:00,874", "levelname": "INFO", "message": "HTTP Request: GET http://localhost:8002/api/v1/payment_intake_matching/matching/dashboard/recent?limit=10 \"HTTP/1.1 200 OK\"", "url": null, "method": null, "process_time": null, "taskName": "starlette.middleware.base.BaseHTTPMiddleware.__call__.<locals>.call_next.<locals>.coro"}
{"asctime": "2026-03-03 21:09:00,877", "levelname": "INFO", "message": "", "url": "/api/v1/payment_intake_matching/matching/dashboard/recent", "method": "GET", "process_time": 3.82590913772583, "taskName": "Task-942"}
{"asctime": "2026-03-03 21:09:54,661", "levelname": "INFO", "message": "HTTP Request: GET http://localhost:8001/api/v1/users/auth/me \"HTTP/1.1 200 OK\"", "url": null, "method": null, "process_time": null, "taskName": "Task-982"}
{"asctime": "2026-03-03 21:09:55,586", "levelname": "INFO", "message": "HTTP Request: GET http://localhost:8001/api/v1/users/auth/me \"HTTP/1.1 200 OK\"", "url": null, "method": null, "process_time": null, "taskName": "Task-978"}
{"asctime": "2026-03-03 21:09:55,588", "levelname": "INFO", "message": "HTTP Request: GET http://localhost:8001/api/v1/users/auth/me \"HTTP/1.1 200 OK\"", "url": null, "method": null, "process_time": null, "taskName": "Task-984"}
{"asctime": "2026-03-03 21:09:55,590", "levelname": "INFO", "message": "HTTP Request: GET http://localhost:8001/api/v1/users/auth/me \"HTTP/1.1 200 OK\"", "url": null, "method": null, "process_time": null, "taskName": "Task-983"}
{"asctime": "2026-03-03 21:09:59,493", "levelname": "INFO", "message": "HTTP Request: GET http://localhost:8002/api/v1/payment_intake_matching/matching/dashboard/summary \"HTTP/1.1 200 OK\"", "url": null, "method": null, "process_time": null, "taskName": "starlette.middleware.base.BaseHTTPMiddleware.__call__.<locals>.call_next.<locals>.coro"}
{"asctime": "2026-03-03 21:09:59,500", "levelname": "INFO", "message": "HTTP Request: GET http://localhost:8002/api/v1/payment_intake_matching/matching/dashboard/unmatched-payments \"HTTP/1.1 200 OK\"", "url": null, "method": null, "process_time": null, "taskName": "starlette.middleware.base.BaseHTTPMiddleware.__call__.<locals>.call_next.<locals>.coro"}
{"asctime": "2026-03-03 21:09:59,503", "levelname": "INFO", "message": "HTTP Request: GET http://localhost:8002/api/v1/payment_intake_matching/matching/dashboard/recent?limit=10 \"HTTP/1.1 200 OK\"", "url": null, "method": null, "process_time": null, "taskName": "starlette.middleware.base.BaseHTTPMiddleware.__call__.<locals>.call_next.<locals>.coro"}
{"asctime": "2026-03-03 21:09:59,505", "levelname": "INFO", "message": "", "url": "/api/v1/payment_intake_matching/matching/dashboard/summary", "method": "GET", "process_time": 3.91055965423584, "taskName": "Task-978"}
{"asctime": "2026-03-03 21:09:59,509", "levelname": "INFO", "message": "HTTP Request: GET http://localhost:8002/api/v1/payment_intake_matching/matching/dashboard/unmatched-invoices \"HTTP/1.1 200 OK\"", "url": null, "method": null, "process_time": null, "taskName": "starlette.middleware.base.BaseHTTPMiddleware.__call__.<locals>.call_next.<locals>.coro"}
{"asctime": "2026-03-03 21:09:59,518", "levelname": "INFO", "message": "", "url": "/api/v1/payment_intake_matching/matching/dashboard/unmatched-payments", "method": "GET", "process_time": 4.853108167648315, "taskName": "Task-982"}
{"asctime": "2026-03-03 21:09:59,522", "levelname": "INFO", "message": "", "url": "/api/v1/payment_intake_matching/matching/dashboard/recent", "method": "GET", "process_time": 3.9258530139923096, "taskName": "Task-984"}
{"asctime": "2026-03-03 21:09:59,525", "levelname": "INFO", "message": "", "url": "/api/v1/payment_intake_matching/matching/dashboard/unmatched-invoices", "method": "GET", "process_time": 3.9279448986053467, "taskName": "Task-983"}
{"asctime": "2026-03-03 21:10:56,101", "levelname": "INFO", "message": "HTTP Request: GET http://localhost:8001/api/v1/users/auth/me \"HTTP/1.1 200 OK\"", "url": null, "method": null, "process_time": null, "taskName": "Task-1021"}
{"asctime": "2026-03-03 21:10:57,470", "levelname": "INFO", "message": "HTTP Request: GET http://localhost:8001/api/v1/users/auth/me \"HTTP/1.1 200 OK\"", "url": null, "method": null, "process_time": null, "taskName": "Task-1025"}
{"asctime": "2026-03-03 21:10:57,473", "levelname": "INFO", "message": "HTTP Request: GET http://localhost:8001/api/v1/users/auth/me \"HTTP/1.1 200 OK\"", "url": null, "method": null, "process_time": null, "taskName": "Task-1023"}
{"asctime": "2026-03-03 21:10:57,475", "levelname": "INFO", "message": "HTTP Request: GET http://localhost:8001/api/v1/users/auth/me \"HTTP/1.1 200 OK\"", "url": null, "method": null, "process_time": null, "taskName": "Task-1022"}
{"asctime": "2026-03-03 21:11:01,505", "levelname": "INFO", "message": "HTTP Request: GET http://localhost:8002/api/v1/payment_intake_matching/matching/dashboard/summary \"HTTP/1.1 200 OK\"", "url": null, "method": null, "process_time": null, "taskName": "starlette.middleware.base.BaseHTTPMiddleware.__call__.<locals>.call_next.<locals>.coro"}
{"asctime": "2026-03-03 21:11:01,518", "levelname": "INFO", "message": "", "url": "/api/v1/payment_intake_matching/matching/dashboard/summary", "method": "GET", "process_time": 5.413100004196167, "taskName": "Task-1021"}
{"asctime": "2026-03-03 21:11:01,557", "levelname": "INFO", "message": "HTTP Request: GET http://localhost:8002/api/v1/payment_intake_matching/matching/dashboard/unmatched-invoices \"HTTP/1.1 200 OK\"", "url": null, "method": null, "process_time": null, "taskName": "starlette.middleware.base.BaseHTTPMiddleware.__call__.<locals>.call_next.<locals>.coro"}
{"asctime": "2026-03-03 21:11:01,566", "levelname": "INFO", "message": "HTTP Request: GET http://localhost:8002/api/v1/payment_intake_matching/matching/dashboard/recent?limit=10 \"HTTP/1.1 200 OK\"", "url": null, "method": null, "process_time": null, "taskName": "starlette.middleware.base.BaseHTTPMiddleware.__call__.<locals>.call_next.<locals>.coro"}
{"asctime": "2026-03-03 21:11:01,568", "levelname": "INFO", "message": "", "url": "/api/v1/payment_intake_matching/matching/dashboard/unmatched-invoices", "method": "GET", "process_time": 4.082835912704468, "taskName": "Task-1022"}
{"asctime": "2026-03-03 21:11:01,573", "levelname": "INFO", "message": "HTTP Request: GET http://localhost:8002/api/v1/payment_intake_matching/matching/dashboard/unmatched-payments \"HTTP/1.1 200 OK\"", "url": null, "method": null, "process_time": null, "taskName": "starlette.middleware.base.BaseHTTPMiddleware.__call__.<locals>.call_next.<locals>.coro"}
{"asctime": "2026-03-03 21:11:01,575", "levelname": "INFO", "message": "", "url": "/api/v1/payment_intake_matching/matching/dashboard/recent", "method": "GET", "process_time": 4.091705322265625, "taskName": "Task-1025"}
{"asctime": "2026-03-03 21:11:01,582", "levelname": "INFO", "message": "", "url": "/api/v1/payment_intake_matching/matching/dashboard/unmatched-payments", "method": "GET", "process_time": 4.097264051437378, "taskName": "Task-1023"}
{"asctime": "2026-03-03 21:11:16,443", "levelname": "INFO", "message": "HTTP Request: GET http://localhost:8001/api/v1/users/auth/me \"HTTP/1.1 200 OK\"", "url": null, "method": null, "process_time": null, "taskName": "Task-1058"}
{"asctime": "2026-03-03 21:11:17,831", "levelname": "INFO", "message": "HTTP Request: POST http://localhost:8001/api/v1/users/logout \"HTTP/1.1 200 OK\"", "url": null, "method": null, "process_time": null, "taskName": "starlette.middleware.base.BaseHTTPMiddleware.__call__.<locals>.call_next.<locals>.coro"}
{"asctime": "2026-03-03 21:11:17,835", "levelname": "INFO", "message": "", "url": "/api/v1/users/logout", "method": "POST", "process_time": 1.3845791816711426, "taskName": "Task-1058"}
{"asctime": "2026-03-03 21:11:29,784", "levelname": "INFO", "message": "HTTP Request: GET http://localhost:8001/api/v1/users/auth/me \"HTTP/1.1 200 OK\"", "url": null, "method": null, "process_time": null, "taskName": "Task-1068"}
{"asctime": "2026-03-03 21:11:31,091", "levelname": "INFO", "message": "HTTP Request: GET http://localhost:8001/api/v1/users/auth/me \"HTTP/1.1 200 OK\"", "url": null, "method": null, "process_time": null, "taskName": "starlette.middleware.base.BaseHTTPMiddleware.__call__.<locals>.call_next.<locals>.coro"}
{"asctime": "2026-03-03 21:11:31,093", "levelname": "INFO", "message": "", "url": "/api/v1/users/auth/me", "method": "GET", "process_time": 1.305729627609253, "taskName": "Task-1068"}
{"asctime": "2026-03-03 21:11:35,859", "levelname": "INFO", "message": "HTTP Request: GET http://localhost:8001/api/v1/users/auth/me \"HTTP/1.1 200 OK\"", "url": null, "method": null, "process_time": null, "taskName": "Task-1078"}
{"asctime": "2026-03-03 21:11:37,187", "levelname": "INFO", "message": "HTTP Request: GET http://localhost:8001/api/v1/users/auth/me \"HTTP/1.1 200 OK\"", "url": null, "method": null, "process_time": null, "taskName": "Task-1083"}
{"asctime": "2026-03-03 21:11:38,439", "levelname": "INFO", "message": "HTTP Request: GET http://localhost:8001/api/v1/users/auth/me \"HTTP/1.1 200 OK\"", "url": null, "method": null, "process_time": null, "taskName": "Task-1084"}
{"asctime": "2026-03-03 21:11:38,440", "levelname": "INFO", "message": "HTTP Request: GET http://localhost:8001/api/v1/users/auth/me \"HTTP/1.1 200 OK\"", "url": null, "method": null, "process_time": null, "taskName": "Task-1081"}
{"asctime": "2026-03-03 21:11:41,832", "levelname": "INFO", "message": "HTTP Request: GET http://localhost:8002/api/v1/payment_intake_matching/matching/dashboard/summary \"HTTP/1.1 200 OK\"", "url": null, "method": null, "process_time": null, "taskName": "starlette.middleware.base.BaseHTTPMiddleware.__call__.<locals>.call_next.<locals>.coro"}
{"asctime": "2026-03-03 21:11:41,835", "levelname": "INFO", "message": "", "url": "/api/v1/payment_intake_matching/matching/dashboard/summary", "method": "GET", "process_time": 5.974118947982788, "taskName": "Task-1078"}
{"asctime": "2026-03-03 21:11:42,125", "levelname": "INFO", "message": "HTTP Request: GET http://localhost:8002/api/v1/payment_intake_matching/matching/dashboard/recent?limit=10 \"HTTP/1.1 200 OK\"", "url": null, "method": null, "process_time": null, "taskName": "starlette.middleware.base.BaseHTTPMiddleware.__call__.<locals>.call_next.<locals>.coro"}
{"asctime": "2026-03-03 21:11:42,140", "levelname": "INFO", "message": "", "url": "/api/v1/payment_intake_matching/matching/dashboard/recent", "method": "GET", "process_time": 3.6906979084014893, "taskName": "Task-1081"}
{"asctime": "2026-03-03 21:11:42,176", "levelname": "INFO", "message": "HTTP Request: GET http://localhost:8002/api/v1/payment_intake_matching/matching/dashboard/unmatched-invoices \"HTTP/1.1 200 OK\"", "url": null, "method": null, "process_time": null, "taskName": "starlette.middleware.base.BaseHTTPMiddleware.__call__.<locals>.call_next.<locals>.coro"}
{"asctime": "2026-03-03 21:11:42,207", "levelname": "INFO", "message": "HTTP Request: GET http://localhost:8002/api/v1/payment_intake_matching/matching/dashboard/unmatched-payments \"HTTP/1.1 200 OK\"", "url": null, "method": null, "process_time": null, "taskName": "starlette.middleware.base.BaseHTTPMiddleware.__call__.<locals>.call_next.<locals>.coro"}
{"asctime": "2026-03-03 21:11:42,218", "levelname": "INFO", "message": "", "url": "/api/v1/payment_intake_matching/matching/dashboard/unmatched-invoices", "method": "GET", "process_time": 3.7736480236053467, "taskName": "Task-1084"}
{"asctime": "2026-03-03 21:11:42,266", "levelname": "INFO", "message": "", "url": "/api/v1/payment_intake_matching/matching/dashboard/unmatched-payments", "method": "GET", "process_time": 5.074518203735352, "taskName": "Task-1083"}
{"asctime": "2026-03-03 21:12:08,867", "levelname": "INFO", "message": "", "url": "/docs", "method": "GET", "process_time": 0.017807483673095703, "taskName": "Task-1117"}
{"asctime": "2026-03-03 21:12:09,164", "levelname": "INFO", "message": "", "url": "/openapi.json", "method": "GET", "process_time": 0.00501251220703125, "taskName": "Task-1121"}
{"asctime": "2026-03-03 21:12:27,859", "levelname": "INFO", "message": "HTTP Request: GET http://localhost:8001/api/v1/users/auth/me \"HTTP/1.1 200 OK\"", "url": null, "method": null, "process_time": null, "taskName": "Task-1124"}
{"asctime": "2026-03-03 21:12:29,177", "levelname": "INFO", "message": "HTTP Request: GET http://localhost:8001/api/v1/users/auth/me \"HTTP/1.1 200 OK\"", "url": null, "method": null, "process_time": null, "taskName": "starlette.middleware.base.BaseHTTPMiddleware.__call__.<locals>.call_next.<locals>.coro"}
{"asctime": "2026-03-03 21:12:29,179", "levelname": "INFO", "message": "", "url": "/api/v1/users/auth/me", "method": "GET", "process_time": 1.3181347846984863, "taskName": "Task-1124"}
{"asctime": "2026-03-03 21:12:34,640", "levelname": "INFO", "message": "HTTP Request: GET http://localhost:8001/api/v1/users/auth/me \"HTTP/1.1 200 OK\"", "url": null, "method": null, "process_time": null, "taskName": "Task-1133"}
{"asctime": "2026-03-03 21:12:36,552", "levelname": "INFO", "message": "HTTP Request: GET http://localhost:8001/api/v1/users/auth/me \"HTTP/1.1 200 OK\"", "url": null, "method": null, "process_time": null, "taskName": "Task-1139"}
{"asctime": "2026-03-03 21:12:38,186", "levelname": "INFO", "message": "HTTP Request: GET http://localhost:8001/api/v1/users/auth/me \"HTTP/1.1 200 OK\"", "url": null, "method": null, "process_time": null, "taskName": "Task-1138"}
{"asctime": "2026-03-03 21:12:38,191", "levelname": "INFO", "message": "HTTP Request: GET http://localhost:8001/api/v1/users/auth/me \"HTTP/1.1 200 OK\"", "url": null, "method": null, "process_time": null, "taskName": "Task-1137"}
{"asctime": "2026-03-03 21:12:40,986", "levelname": "INFO", "message": "HTTP Request: GET http://localhost:8002/api/v1/payment_intake_matching/matching/dashboard/summary \"HTTP/1.1 200 OK\"", "url": null, "method": null, "process_time": null, "taskName": "starlette.middleware.base.BaseHTTPMiddleware.__call__.<locals>.call_next.<locals>.coro"}
{"asctime": "2026-03-03 21:12:40,991", "levelname": "INFO", "message": "", "url": "/api/v1/payment_intake_matching/matching/dashboard/summary", "method": "GET", "process_time": 6.348828077316284, "taskName": "Task-1133"}
{"asctime": "2026-03-03 21:12:41,217", "levelname": "INFO", "message": "HTTP Request: GET http://localhost:8002/api/v1/payment_intake_matching/matching/dashboard/recent?limit=10 \"HTTP/1.1 200 OK\"", "url": null, "method": null, "process_time": null, "taskName": "starlette.middleware.base.BaseHTTPMiddleware.__call__.<locals>.call_next.<locals>.coro"}
{"asctime": "2026-03-03 21:12:41,234", "levelname": "INFO", "message": "", "url": "/api/v1/payment_intake_matching/matching/dashboard/recent", "method": "GET", "process_time": 4.67815899848938, "taskName": "Task-1139"}
{"asctime": "2026-03-03 21:12:41,297", "levelname": "INFO", "message": "HTTP Request: GET http://localhost:8002/api/v1/payment_intake_matching/matching/dashboard/unmatched-payments \"HTTP/1.1 200 OK\"", "url": null, "method": null, "process_time": null, "taskName": "starlette.middleware.base.BaseHTTPMiddleware.__call__.<locals>.call_next.<locals>.coro"}
{"asctime": "2026-03-03 21:12:41,351", "levelname": "INFO", "message": "", "url": "/api/v1/payment_intake_matching/matching/dashboard/unmatched-payments", "method": "GET", "process_time": 3.147338628768921, "taskName": "Task-1138"}
{"asctime": "2026-03-03 21:12:41,374", "levelname": "INFO", "message": "HTTP Request: GET http://localhost:8002/api/v1/payment_intake_matching/matching/dashboard/unmatched-invoices \"HTTP/1.1 200 OK\"", "url": null, "method": null, "process_time": null, "taskName": "starlette.middleware.base.BaseHTTPMiddleware.__call__.<locals>.call_next.<locals>.coro"}
{"asctime": "2026-03-03 21:12:41,429", "levelname": "INFO", "message": "", "url": "/api/v1/payment_intake_matching/matching/dashboard/unmatched-invoices", "method": "GET", "process_time": 1.895146369934082, "taskName": "Task-1137"}
{"asctime": "2026-03-03 21:13:35,364", "levelname": "INFO", "message": "HTTP Request: GET http://localhost:8001/api/v1/users/auth/me \"HTTP/1.1 200 OK\"", "url": null, "method": null, "process_time": null, "taskName": "Task-1176"}
{"asctime": "2026-03-03 21:13:36,889", "levelname": "INFO", "message": "HTTP Request: GET http://localhost:8001/api/v1/users/auth/me \"HTTP/1.1 200 OK\"", "url": null, "method": null, "process_time": null, "taskName": "Task-1178"}
{"asctime": "2026-03-03 21:13:36,893", "levelname": "INFO", "message": "HTTP Request: GET http://localhost:8001/api/v1/users/auth/me \"HTTP/1.1 200 OK\"", "url": null, "method": null, "process_time": null, "taskName": "Task-1177"}
{"asctime": "2026-03-03 21:13:36,894", "levelname": "INFO", "message": "HTTP Request: GET http://localhost:8001/api/v1/users/auth/me \"HTTP/1.1 200 OK\"", "url": null, "method": null, "process_time": null, "taskName": "Task-1179"}
{"asctime": "2026-03-03 21:13:41,293", "levelname": "INFO", "message": "HTTP Request: GET http://localhost:8002/api/v1/payment_intake_matching/matching/dashboard/summary \"HTTP/1.1 200 OK\"", "url": null, "method": null, "process_time": null, "taskName": "starlette.middleware.base.BaseHTTPMiddleware.__call__.<locals>.call_next.<locals>.coro"}
{"asctime": "2026-03-03 21:13:41,299", "levelname": "INFO", "message": "", "url": "/api/v1/payment_intake_matching/matching/dashboard/summary", "method": "GET", "process_time": 5.930175065994263, "taskName": "Task-1176"}
{"asctime": "2026-03-03 21:13:41,390", "levelname": "INFO", "message": "HTTP Request: GET http://localhost:8002/api/v1/payment_intake_matching/matching/dashboard/unmatched-invoices \"HTTP/1.1 200 OK\"", "url": null, "method": null, "process_time": null, "taskName": "starlette.middleware.base.BaseHTTPMiddleware.__call__.<locals>.call_next.<locals>.coro"}
{"asctime": "2026-03-03 21:13:41,395", "levelname": "INFO", "message": "HTTP Request: GET http://localhost:8002/api/v1/payment_intake_matching/matching/dashboard/unmatched-payments \"HTTP/1.1 200 OK\"", "url": null, "method": null, "process_time": null, "taskName": "starlette.middleware.base.BaseHTTPMiddleware.__call__.<locals>.call_next.<locals>.coro"}
{"asctime": "2026-03-03 21:13:41,403", "levelname": "INFO", "message": "HTTP Request: GET http://localhost:8002/api/v1/payment_intake_matching/matching/dashboard/recent?limit=10 \"HTTP/1.1 200 OK\"", "url": null, "method": null, "process_time": null, "taskName": "starlette.middleware.base.BaseHTTPMiddleware.__call__.<locals>.call_next.<locals>.coro"}
{"asctime": "2026-03-03 21:13:41,407", "levelname": "INFO", "message": "", "url": "/api/v1/payment_intake_matching/matching/dashboard/unmatched-invoices", "method": "GET", "process_time": 3.2207159996032715, "taskName": "Task-1179"}
{"asctime": "2026-03-03 21:13:41,422", "levelname": "INFO", "message": "", "url": "/api/v1/payment_intake_matching/matching/dashboard/unmatched-payments", "method": "GET", "process_time": 3.2462658882141113, "taskName": "Task-1177"}
{"asctime": "2026-03-03 21:13:41,426", "levelname": "INFO", "message": "", "url": "/api/v1/payment_intake_matching/matching/dashboard/recent", "method": "GET", "process_time": 4.505802869796753, "taskName": "Task-1178"}
{"asctime": "2026-03-03 21:13:58,393", "levelname": "INFO", "message": "HTTP Request: GET http://localhost:8001/api/v1/users/auth/me \"HTTP/1.1 200 OK\"", "url": null, "method": null, "process_time": null, "taskName": "Task-1213"}
{"asctime": "2026-03-03 21:14:01,612", "levelname": "INFO", "message": "HTTP Request: GET http://localhost:8001/api/v1/users/auth/me \"HTTP/1.1 200 OK\"", "url": null, "method": null, "process_time": null, "taskName": "starlette.middleware.base.BaseHTTPMiddleware.__call__.<locals>.call_next.<locals>.coro"}
{"asctime": "2026-03-03 21:14:01,621", "levelname": "INFO", "message": "", "url": "/api/v1/users/auth/me", "method": "GET", "process_time": 3.220571756362915, "taskName": "Task-1213"}
{"asctime": "2026-03-03 21:14:06,617", "levelname": "INFO", "message": "HTTP Request: GET http://localhost:8001/api/v1/users/auth/me \"HTTP/1.1 200 OK\"", "url": null, "method": null, "process_time": null, "taskName": "Task-1222"}
{"asctime": "2026-03-03 21:14:07,665", "levelname": "INFO", "message": "HTTP Request: GET http://localhost:8001/api/v1/users/auth/me \"HTTP/1.1 200 OK\"", "url": null, "method": null, "process_time": null, "taskName": "Task-1226"}
{"asctime": "2026-03-03 21:14:08,635", "levelname": "INFO", "message": "HTTP Request: GET http://localhost:8001/api/v1/users/auth/me \"HTTP/1.1 200 OK\"", "url": null, "method": null, "process_time": null, "taskName": "Task-1227"}
{"asctime": "2026-03-03 21:14:08,637", "levelname": "INFO", "message": "HTTP Request: GET http://localhost:8001/api/v1/users/auth/me \"HTTP/1.1 200 OK\"", "url": null, "method": null, "process_time": null, "taskName": "Task-1228"}
{"asctime": "2026-03-03 21:14:11,369", "levelname": "INFO", "message": "HTTP Request: GET http://localhost:8002/api/v1/payment_intake_matching/matching/dashboard/summary \"HTTP/1.1 200 OK\"", "url": null, "method": null, "process_time": null, "taskName": "starlette.middleware.base.BaseHTTPMiddleware.__call__.<locals>.call_next.<locals>.coro"}
{"asctime": "2026-03-03 21:14:11,372", "levelname": "INFO", "message": "", "url": "/api/v1/payment_intake_matching/matching/dashboard/summary", "method": "GET", "process_time": 4.7509706020355225, "taskName": "Task-1222"}
{"asctime": "2026-03-03 21:14:11,657", "levelname": "INFO", "message": "HTTP Request: GET http://localhost:8002/api/v1/payment_intake_matching/matching/dashboard/unmatched-payments \"HTTP/1.1 200 OK\"", "url": null, "method": null, "process_time": null, "taskName": "starlette.middleware.base.BaseHTTPMiddleware.__call__.<locals>.call_next.<locals>.coro"}
{"asctime": "2026-03-03 21:14:11,661", "levelname": "INFO", "message": "HTTP Request: GET http://localhost:8002/api/v1/payment_intake_matching/matching/dashboard/recent?limit=10 \"HTTP/1.1 200 OK\"", "url": null, "method": null, "process_time": null, "taskName": "starlette.middleware.base.BaseHTTPMiddleware.__call__.<locals>.call_next.<locals>.coro"}
{"asctime": "2026-03-03 21:14:11,668", "levelname": "INFO", "message": "HTTP Request: GET http://localhost:8002/api/v1/payment_intake_matching/matching/dashboard/unmatched-invoices \"HTTP/1.1 200 OK\"", "url": null, "method": null, "process_time": null, "taskName": "starlette.middleware.base.BaseHTTPMiddleware.__call__.<locals>.call_next.<locals>.coro"}
{"asctime": "2026-03-03 21:14:11,672", "levelname": "INFO", "message": "", "url": "/api/v1/payment_intake_matching/matching/dashboard/unmatched-payments", "method": "GET", "process_time": 4.004009962081909, "taskName": "Task-1226"}
{"asctime": "2026-03-03 21:14:11,677", "levelname": "INFO", "message": "", "url": "/api/v1/payment_intake_matching/matching/dashboard/recent", "method": "GET", "process_time": 3.0340049266815186, "taskName": "Task-1227"}
{"asctime": "2026-03-03 21:14:11,685", "levelname": "INFO", "message": "", "url": "/api/v1/payment_intake_matching/matching/dashboard/unmatched-invoices", "method": "GET", "process_time": 3.0396125316619873, "taskName": "Task-1228"}
{"asctime": "2026-03-03 21:15:07,891", "levelname": "INFO", "message": "HTTP Request: GET http://localhost:8001/api/v1/users/auth/me \"HTTP/1.1 200 OK\"", "url": null, "method": null, "process_time": null, "taskName": "Task-1264"}
{"asctime": "2026-03-03 21:15:09,204", "levelname": "INFO", "message": "HTTP Request: GET http://localhost:8001/api/v1/users/auth/me \"HTTP/1.1 200 OK\"", "url": null, "method": null, "process_time": null, "taskName": "Task-1268"}
{"asctime": "2026-03-03 21:15:10,443", "levelname": "INFO", "message": "HTTP Request: GET http://localhost:8001/api/v1/users/auth/me \"HTTP/1.1 200 OK\"", "url": null, "method": null, "process_time": null, "taskName": "Task-1270"}
{"asctime": "2026-03-03 21:15:10,445", "levelname": "INFO", "message": "HTTP Request: GET http://localhost:8001/api/v1/users/auth/me \"HTTP/1.1 200 OK\"", "url": null, "method": null, "process_time": null, "taskName": "Task-1267"}
{"asctime": "2026-03-03 21:15:13,024", "levelname": "INFO", "message": "HTTP Request: GET http://localhost:8002/api/v1/payment_intake_matching/matching/dashboard/summary \"HTTP/1.1 200 OK\"", "url": null, "method": null, "process_time": null, "taskName": "starlette.middleware.base.BaseHTTPMiddleware.__call__.<locals>.call_next.<locals>.coro"}
{"asctime": "2026-03-03 21:15:13,028", "levelname": "INFO", "message": "", "url": "/api/v1/payment_intake_matching/matching/dashboard/summary", "method": "GET", "process_time": 5.130101203918457, "taskName": "Task-1264"}
{"asctime": "2026-03-03 21:15:13,321", "levelname": "INFO", "message": "HTTP Request: GET http://localhost:8002/api/v1/payment_intake_matching/matching/dashboard/unmatched-invoices \"HTTP/1.1 200 OK\"", "url": null, "method": null, "process_time": null, "taskName": "starlette.middleware.base.BaseHTTPMiddleware.__call__.<locals>.call_next.<locals>.coro"}
{"asctime": "2026-03-03 21:15:13,346", "levelname": "INFO", "message": "", "url": "/api/v1/payment_intake_matching/matching/dashboard/unmatched-invoices", "method": "GET", "process_time": 2.8947811126708984, "taskName": "Task-1270"}
{"asctime": "2026-03-03 21:15:13,356", "levelname": "INFO", "message": "HTTP Request: GET http://localhost:8002/api/v1/payment_intake_matching/matching/dashboard/unmatched-payments \"HTTP/1.1 200 OK\"", "url": null, "method": null, "process_time": null, "taskName": "starlette.middleware.base.BaseHTTPMiddleware.__call__.<locals>.call_next.<locals>.coro"}
{"asctime": "2026-03-03 21:15:13,359", "levelname": "INFO", "message": "HTTP Request: GET http://localhost:8002/api/v1/payment_intake_matching/matching/dashboard/recent?limit=10 \"HTTP/1.1 200 OK\"", "url": null, "method": null, "process_time": null, "taskName": "starlette.middleware.base.BaseHTTPMiddleware.__call__.<locals>.call_next.<locals>.coro"}
{"asctime": "2026-03-03 21:15:13,403", "levelname": "INFO", "message": "", "url": "/api/v1/payment_intake_matching/matching/dashboard/unmatched-payments", "method": "GET", "process_time": 4.185866594314575, "taskName": "Task-1268"}
{"asctime": "2026-03-03 21:15:13,408", "levelname": "INFO", "message": "", "url": "/api/v1/payment_intake_matching/matching/dashboard/recent", "method": "GET", "process_time": 2.9558990001678467, "taskName": "Task-1267"}
{"asctime": "2026-03-03 21:15:17,253", "levelname": "INFO", "message": "HTTP Request: GET http://localhost:8001/api/v1/users/auth/me \"HTTP/1.1 200 OK\"", "url": null, "method": null, "process_time": null, "taskName": "Task-1302"}
{"asctime": "2026-03-03 21:15:18,421", "levelname": "INFO", "message": "HTTP Request: GET http://localhost:8001/api/v1/users/auth/me \"HTTP/1.1 200 OK\"", "url": null, "method": null, "process_time": null, "taskName": "starlette.middleware.base.BaseHTTPMiddleware.__call__.<locals>.call_next.<locals>.coro"}
{"asctime": "2026-03-03 21:15:18,429", "levelname": "INFO", "message": "", "url": "/api/v1/users/auth/me", "method": "GET", "process_time": 1.1721127033233643, "taskName": "Task-1302"}
{"asctime": "2026-03-03 21:15:23,415", "levelname": "INFO", "message": "HTTP Request: GET http://localhost:8001/api/v1/users/auth/me \"HTTP/1.1 200 OK\"", "url": null, "method": null, "process_time": null, "taskName": "Task-1311"}
{"asctime": "2026-03-03 21:15:24,920", "levelname": "INFO", "message": "HTTP Request: GET http://localhost:8001/api/v1/users/auth/me \"HTTP/1.1 200 OK\"", "url": null, "method": null, "process_time": null, "taskName": "Task-1316"}
{"asctime": "2026-03-03 21:15:26,625", "levelname": "INFO", "message": "HTTP Request: GET http://localhost:8001/api/v1/users/auth/me \"HTTP/1.1 200 OK\"", "url": null, "method": null, "process_time": null, "taskName": "Task-1317"}
{"asctime": "2026-03-03 21:15:26,632", "levelname": "INFO", "message": "HTTP Request: GET http://localhost:8001/api/v1/users/auth/me \"HTTP/1.1 200 OK\"", "url": null, "method": null, "process_time": null, "taskName": "Task-1314"}
{"asctime": "2026-03-03 21:15:30,549", "levelname": "INFO", "message": "HTTP Request: GET http://localhost:8002/api/v1/payment_intake_matching/matching/dashboard/summary \"HTTP/1.1 200 OK\"", "url": null, "method": null, "process_time": null, "taskName": "starlette.middleware.base.BaseHTTPMiddleware.__call__.<locals>.call_next.<locals>.coro"}
{"asctime": "2026-03-03 21:15:30,552", "levelname": "INFO", "message": "", "url": "/api/v1/payment_intake_matching/matching/dashboard/summary", "method": "GET", "process_time": 7.135016679763794, "taskName": "Task-1311"}
{"asctime": "2026-03-03 21:15:30,845", "levelname": "INFO", "message": "HTTP Request: GET http://localhost:8002/api/v1/payment_intake_matching/matching/dashboard/unmatched-invoices \"HTTP/1.1 200 OK\"", "url": null, "method": null, "process_time": null, "taskName": "starlette.middleware.base.BaseHTTPMiddleware.__call__.<locals>.call_next.<locals>.coro"}
{"asctime": "2026-03-03 21:15:30,853", "levelname": "INFO", "message": "", "url": "/api/v1/payment_intake_matching/matching/dashboard/unmatched-invoices", "method": "GET", "process_time": 4.20953369140625, "taskName": "Task-1317"}
{"asctime": "2026-03-03 21:15:30,862", "levelname": "INFO", "message": "HTTP Request: GET http://localhost:8002/api/v1/payment_intake_matching/matching/dashboard/recent?limit=10 \"HTTP/1.1 200 OK\"", "url": null, "method": null, "process_time": null, "taskName": "starlette.middleware.base.BaseHTTPMiddleware.__call__.<locals>.call_next.<locals>.coro"}
{"asctime": "2026-03-03 21:15:30,871", "levelname": "INFO", "message": "", "url": "/api/v1/payment_intake_matching/matching/dashboard/recent", "method": "GET", "process_time": 1.5764093399047852, "taskName": "Task-1314"}
{"asctime": "2026-03-03 21:15:30,884", "levelname": "INFO", "message": "HTTP Request: GET http://localhost:8002/api/v1/payment_intake_matching/matching/dashboard/unmatched-payments \"HTTP/1.1 200 OK\"", "url": null, "method": null, "process_time": null, "taskName": "starlette.middleware.base.BaseHTTPMiddleware.__call__.<locals>.call_next.<locals>.coro"}
{"asctime": "2026-03-03 21:15:30,902", "levelname": "INFO", "message": "", "url": "/api/v1/payment_intake_matching/matching/dashboard/unmatched-payments", "method": "GET", "process_time": 5.978969573974609, "taskName": "Task-1316"}
{"asctime": "2026-03-03 21:15:38,775", "levelname": "INFO", "message": "HTTP Request: GET http://localhost:8001/api/v1/users/auth/me \"HTTP/1.1 200 OK\"", "url": null, "method": null, "process_time": null, "taskName": "Task-1350"}
{"asctime": "2026-03-03 21:15:40,003", "levelname": "INFO", "message": "HTTP Request: POST http://localhost:8001/api/v1/users/logout \"HTTP/1.1 200 OK\"", "url": null, "method": null, "process_time": null, "taskName": "starlette.middleware.base.BaseHTTPMiddleware.__call__.<locals>.call_next.<locals>.coro"}
{"asctime": "2026-03-03 21:15:40,005", "levelname": "INFO", "message": "", "url": "/api/v1/users/logout", "method": "POST", "process_time": 1.227186679840088, "taskName": "Task-1350"}
{"asctime": "2026-03-03 21:15:50,528", "levelname": "INFO", "message": "HTTP Request: GET http://localhost:8001/api/v1/users/auth/me \"HTTP/1.1 200 OK\"", "url": null, "method": null, "process_time": null, "taskName": "Task-1360"}
{"asctime": "2026-03-03 21:15:52,029", "levelname": "INFO", "message": "HTTP Request: GET http://localhost:8001/api/v1/users/auth/me \"HTTP/1.1 200 OK\"", "url": null, "method": null, "process_time": null, "taskName": "starlette.middleware.base.BaseHTTPMiddleware.__call__.<locals>.call_next.<locals>.coro"}
{"asctime": "2026-03-03 21:15:52,031", "levelname": "INFO", "message": "", "url": "/api/v1/users/auth/me", "method": "GET", "process_time": 1.5003325939178467, "taskName": "Task-1360"}
{"asctime": "2026-03-03 21:15:57,226", "levelname": "INFO", "message": "HTTP Request: GET http://localhost:8001/api/v1/users/auth/me \"HTTP/1.1 200 OK\"", "url": null, "method": null, "process_time": null, "taskName": "Task-1369"}
{"asctime": "2026-03-03 21:15:58,324", "levelname": "INFO", "message": "HTTP Request: GET http://localhost:8001/api/v1/users/auth/me \"HTTP/1.1 200 OK\"", "url": null, "method": null, "process_time": null, "taskName": "Task-1376"}
{"asctime": "2026-03-03 21:15:59,325", "levelname": "INFO", "message": "HTTP Request: GET http://localhost:8001/api/v1/users/auth/me \"HTTP/1.1 200 OK\"", "url": null, "method": null, "process_time": null, "taskName": "Task-1375"}
{"asctime": "2026-03-03 21:15:59,328", "levelname": "INFO", "message": "HTTP Request: GET http://localhost:8001/api/v1/users/auth/me \"HTTP/1.1 200 OK\"", "url": null, "method": null, "process_time": null, "taskName": "Task-1374"}
{"asctime": "2026-03-03 21:16:01,625", "levelname": "INFO", "message": "HTTP Request: GET http://localhost:8002/api/v1/payment_intake_matching/matching/dashboard/summary \"HTTP/1.1 200 OK\"", "url": null, "method": null, "process_time": null, "taskName": "starlette.middleware.base.BaseHTTPMiddleware.__call__.<locals>.call_next.<locals>.coro"}
{"asctime": "2026-03-03 21:16:01,628", "levelname": "INFO", "message": "", "url": "/api/v1/payment_intake_matching/matching/dashboard/summary", "method": "GET", "process_time": 4.399354934692383, "taskName": "Task-1369"}
{"asctime": "2026-03-03 21:16:01,860", "levelname": "INFO", "message": "HTTP Request: GET http://localhost:8002/api/v1/payment_intake_matching/matching/dashboard/recent?limit=10 \"HTTP/1.1 200 OK\"", "url": null, "method": null, "process_time": null, "taskName": "starlette.middleware.base.BaseHTTPMiddleware.__call__.<locals>.call_next.<locals>.coro"}
{"asctime": "2026-03-03 21:16:01,892", "levelname": "INFO", "message": "", "url": "/api/v1/payment_intake_matching/matching/dashboard/recent", "method": "GET", "process_time": 3.565732002258301, "taskName": "Task-1376"}
{"asctime": "2026-03-03 21:16:01,928", "levelname": "INFO", "message": "HTTP Request: GET http://localhost:8002/api/v1/payment_intake_matching/matching/dashboard/unmatched-payments \"HTTP/1.1 200 OK\"", "url": null, "method": null, "process_time": null, "taskName": "starlette.middleware.base.BaseHTTPMiddleware.__call__.<locals>.call_next.<locals>.coro"}
{"asctime": "2026-03-03 21:16:01,943", "levelname": "INFO", "message": "", "url": "/api/v1/payment_intake_matching/matching/dashboard/unmatched-payments", "method": "GET", "process_time": 1.5553054809570312, "taskName": "Task-1374"}
{"asctime": "2026-03-03 21:16:01,954", "levelname": "INFO", "message": "HTTP Request: GET http://localhost:8002/api/v1/payment_intake_matching/matching/dashboard/unmatched-invoices \"HTTP/1.1 200 OK\"", "url": null, "method": null, "process_time": null, "taskName": "starlette.middleware.base.BaseHTTPMiddleware.__call__.<locals>.call_next.<locals>.coro"}
{"asctime": "2026-03-03 21:16:01,970", "levelname": "INFO", "message": "", "url": "/api/v1/payment_intake_matching/matching/dashboard/unmatched-invoices", "method": "GET", "process_time": 2.6381025314331055, "taskName": "Task-1375"}
{"asctime": "2026-03-03 21:16:06,727", "levelname": "INFO", "message": "", "url": "/docs", "method": "GET", "process_time": 0.0010008811950683594, "taskName": "Task-1408"}
{"asctime": "2026-03-03 21:16:06,996", "levelname": "INFO", "message": "", "url": "/openapi.json", "method": "GET", "process_time": 0.0009999275207519531, "taskName": "Task-1411"}
{"asctime": "2026-03-03 21:16:26,362", "levelname": "INFO", "message": "HTTP Request: POST http://localhost:8001/api/v1/users/refresh \"HTTP/1.1 403 Forbidden\"", "url": null, "method": null, "process_time": null, "taskName": "starlette.middleware.base.BaseHTTPMiddleware.__call__.<locals>.call_next.<locals>.coro"}
{"asctime": "2026-03-03 21:16:26,364", "levelname": "INFO", "message": "", "url": "/api/v1/users/refresh", "method": "POST", "process_time": 1.3037030696868896, "taskName": "Task-1416"}
{"asctime": "2026-03-03 21:16:43,926", "levelname": "INFO", "message": "HTTP Request: POST http://localhost:8001/api/v1/users/login \"HTTP/1.1 200 OK\"", "url": null, "method": null, "process_time": null, "taskName": "starlette.middleware.base.BaseHTTPMiddleware.__call__.<locals>.call_next.<locals>.coro"}
{"asctime": "2026-03-03 21:16:43,929", "levelname": "INFO", "message": "", "url": "/api/v1/users/login", "method": "POST", "process_time": 1.48641037940979, "taskName": "Task-1426"}
{"asctime": "2026-03-03 21:16:45,851", "levelname": "INFO", "message": "HTTP Request: POST http://localhost:8001/api/v1/users/refresh \"HTTP/1.1 403 Forbidden\"", "url": null, "method": null, "process_time": null, "taskName": "starlette.middleware.base.BaseHTTPMiddleware.__call__.<locals>.call_next.<locals>.coro"}
{"asctime": "2026-03-03 21:16:45,855", "levelname": "INFO", "message": "", "url": "/api/v1/users/refresh", "method": "POST", "process_time": 1.5387415885925293, "taskName": "Task-1438"}
{"asctime": "2026-03-03 21:21:48,043", "levelname": "INFO", "message": "HTTP Request: POST http://localhost:8001/api/v1/users/refresh \"HTTP/1.1 403 Forbidden\"", "url": null, "method": null, "process_time": null, "taskName": "starlette.middleware.base.BaseHTTPMiddleware.__call__.<locals>.call_next.<locals>.coro"}
{"asctime": "2026-03-03 21:21:48,048", "levelname": "INFO", "message": "", "url": "/api/v1/users/refresh", "method": "POST", "process_time": 1.7177205085754395, "taskName": "Task-1450"}
{"asctime": "2026-03-03 21:22:29,148", "levelname": "INFO", "message": "HTTP Request: POST http://localhost:8001/api/v1/users/refresh \"HTTP/1.1 403 Forbidden\"", "url": null, "method": null, "process_time": null, "taskName": "starlette.middleware.base.BaseHTTPMiddleware.__call__.<locals>.call_next.<locals>.coro"}
{"asctime": "2026-03-03 21:22:29,156", "levelname": "INFO", "message": "", "url": "/api/v1/users/refresh", "method": "POST", "process_time": 1.5435500144958496, "taskName": "Task-1459"}
{"asctime": "2026-03-03 21:22:31,485", "levelname": "INFO", "message": "HTTP Request: POST http://localhost:8001/api/v1/users/refresh \"HTTP/1.1 403 Forbidden\"", "url": null, "method": null, "process_time": null, "taskName": "starlette.middleware.base.BaseHTTPMiddleware.__call__.<locals>.call_next.<locals>.coro"}
{"asctime": "2026-03-03 21:22:31,488", "levelname": "INFO", "message": "", "url": "/api/v1/users/refresh", "method": "POST", "process_time": 1.3077092170715332, "taskName": "Task-1467"}
{"asctime": "2026-03-03 21:22:47,063", "levelname": "INFO", "message": "HTTP Request: POST http://localhost:8001/api/v1/users/refresh \"HTTP/1.1 403 Forbidden\"", "url": null, "method": null, "process_time": null, "taskName": "starlette.middleware.base.BaseHTTPMiddleware.__call__.<locals>.call_next.<locals>.coro"}
{"asctime": "2026-03-03 21:22:47,089", "levelname": "INFO", "message": "", "url": "/api/v1/users/refresh", "method": "POST", "process_time": 1.5476479530334473, "taskName": "Task-1476"}
{"asctime": "2026-03-03 21:22:52,029", "levelname": "INFO", "message": "HTTP Request: POST http://localhost:8001/api/v1/users/refresh \"HTTP/1.1 403 Forbidden\"", "url": null, "method": null, "process_time": null, "taskName": "starlette.middleware.base.BaseHTTPMiddleware.__call__.<locals>.call_next.<locals>.coro"}
{"asctime": "2026-03-03 21:22:52,032", "levelname": "INFO", "message": "", "url": "/api/v1/users/refresh", "method": "POST", "process_time": 1.8255109786987305, "taskName": "Task-1485"}
{"asctime": "2026-03-03 21:23:00,053", "levelname": "INFO", "message": "HTTP Request: POST http://localhost:8001/api/v1/users/refresh \"HTTP/1.1 403 Forbidden\"", "url": null, "method": null, "process_time": null, "taskName": "starlette.middleware.base.BaseHTTPMiddleware.__call__.<locals>.call_next.<locals>.coro"}
{"asctime": "2026-03-03 21:23:00,055", "levelname": "INFO", "message": "", "url": "/api/v1/users/refresh", "method": "POST", "process_time": 1.4225502014160156, "taskName": "Task-1493"}
{"asctime": "2026-03-03 21:23:04,654", "levelname": "INFO", "message": "HTTP Request: POST http://localhost:8001/api/v1/users/refresh \"HTTP/1.1 403 Forbidden\"", "url": null, "method": null, "process_time": null, "taskName": "starlette.middleware.base.BaseHTTPMiddleware.__call__.<locals>.call_next.<locals>.coro"}
{"asctime": "2026-03-03 21:23:04,657", "levelname": "INFO", "message": "", "url": "/api/v1/users/refresh", "method": "POST", "process_time": 1.607895851135254, "taskName": "Task-1501"}
{"asctime": "2026-03-03 21:23:07,464", "levelname": "INFO", "message": "HTTP Request: POST http://localhost:8001/api/v1/users/refresh \"HTTP/1.1 403 Forbidden\"", "url": null, "method": null, "process_time": null, "taskName": "starlette.middleware.base.BaseHTTPMiddleware.__call__.<locals>.call_next.<locals>.coro"}
{"asctime": "2026-03-03 21:23:07,467", "levelname": "INFO", "message": "", "url": "/api/v1/users/refresh", "method": "POST", "process_time": 1.461162805557251, "taskName": "Task-1509"}
{"asctime": "2026-03-03 21:23:10,043", "levelname": "INFO", "message": "HTTP Request: POST http://localhost:8001/api/v1/users/refresh \"HTTP/1.1 403 Forbidden\"", "url": null, "method": null, "process_time": null, "taskName": "starlette.middleware.base.BaseHTTPMiddleware.__call__.<locals>.call_next.<locals>.coro"}
{"asctime": "2026-03-03 21:23:10,046", "levelname": "INFO", "message": "", "url": "/api/v1/users/refresh", "method": "POST", "process_time": 1.7471730709075928, "taskName": "Task-1518"}
{"asctime": "2026-03-03 21:24:13,293", "levelname": "INFO", "message": "HTTP Request: POST http://localhost:8001/api/v1/users/refresh \"HTTP/1.1 403 Forbidden\"", "url": null, "method": null, "process_time": null, "taskName": "starlette.middleware.base.BaseHTTPMiddleware.__call__.<locals>.call_next.<locals>.coro"}
{"asctime": "2026-03-03 21:24:13,296", "levelname": "INFO", "message": "", "url": "/api/v1/users/refresh", "method": "POST", "process_time": 1.8738288879394531, "taskName": "Task-1528"}
{"asctime": "2026-03-03 21:28:42,502", "levelname": "INFO", "message": "HTTP Request: POST http://localhost:8001/api/v1/users/login \"HTTP/1.1 200 OK\"", "url": null, "method": null, "process_time": null, "taskName": "starlette.middleware.base.BaseHTTPMiddleware.__call__.<locals>.call_next.<locals>.coro"}
{"asctime": "2026-03-03 21:28:42,507", "levelname": "INFO", "message": "", "url": "/api/v1/users/login", "method": "POST", "process_time": 2.022475242614746, "taskName": "Task-1540"}
{"asctime": "2026-03-03 21:28:49,722", "levelname": "INFO", "message": "HTTP Request: POST http://localhost:8001/api/v1/users/refresh \"HTTP/1.1 403 Forbidden\"", "url": null, "method": null, "process_time": null, "taskName": "starlette.middleware.base.BaseHTTPMiddleware.__call__.<locals>.call_next.<locals>.coro"}
{"asctime": "2026-03-03 21:28:49,725", "levelname": "INFO", "message": "", "url": "/api/v1/users/refresh", "method": "POST", "process_time": 6.715047836303711, "taskName": "Task-1552"}
{"asctime": "2026-03-03 21:30:27,078", "levelname": "INFO", "message": "HTTP Request: POST http://localhost:8001/api/v1/users/refresh \"HTTP/1.1 403 Forbidden\"", "url": null, "method": null, "process_time": null, "taskName": "starlette.middleware.base.BaseHTTPMiddleware.__call__.<locals>.call_next.<locals>.coro"}
{"asctime": "2026-03-03 21:30:27,081", "levelname": "INFO", "message": "", "url": "/api/v1/users/refresh", "method": "POST", "process_time": 1.6996846199035645, "taskName": "Task-5"}
{"asctime": "2026-03-03 21:30:38,009", "levelname": "INFO", "message": "HTTP Request: POST http://localhost:8001/api/v1/users/login \"HTTP/1.1 500 Internal Server Error\"", "url": null, "method": null, "process_time": null, "taskName": "starlette.middleware.base.BaseHTTPMiddleware.__call__.<locals>.call_next.<locals>.coro"}
{"asctime": "2026-03-03 21:30:38,012", "levelname": "INFO", "message": "", "url": "/api/v1/users/login", "method": "POST", "process_time": 3.7397007942199707, "taskName": "Task-13"}
{"asctime": "2026-03-03 21:31:06,849", "levelname": "INFO", "message": "HTTP Request: POST http://localhost:8001/api/v1/users/login \"HTTP/1.1 500 Internal Server Error\"", "url": null, "method": null, "process_time": null, "taskName": "starlette.middleware.base.BaseHTTPMiddleware.__call__.<locals>.call_next.<locals>.coro"}
{"asctime": "2026-03-03 21:31:06,865", "levelname": "INFO", "message": "", "url": "/api/v1/users/login", "method": "POST", "process_time": 2.03389573097229, "taskName": "Task-21"}
{"asctime": "2026-03-03 21:32:54,600", "levelname": "INFO", "message": "HTTP Request: POST http://localhost:8001/api/v1/users/refresh \"HTTP/1.1 403 Forbidden\"", "url": null, "method": null, "process_time": null, "taskName": "starlette.middleware.base.BaseHTTPMiddleware.__call__.<locals>.call_next.<locals>.coro"}
{"asctime": "2026-03-03 21:32:54,602", "levelname": "INFO", "message": "", "url": "/api/v1/users/refresh", "method": "POST", "process_time": 1.2449281215667725, "taskName": "Task-31"}
{"asctime": "2026-03-03 21:33:04,048", "levelname": "INFO", "message": "HTTP Request: POST http://localhost:8001/api/v1/users/login \"HTTP/1.1 500 Internal Server Error\"", "url": null, "method": null, "process_time": null, "taskName": "starlette.middleware.base.BaseHTTPMiddleware.__call__.<locals>.call_next.<locals>.coro"}
{"asctime": "2026-03-03 21:33:04,052", "levelname": "INFO", "message": "", "url": "/api/v1/users/login", "method": "POST", "process_time": 1.7083592414855957, "taskName": "Task-39"}
{"asctime": "2026-03-03 21:36:31,710", "levelname": "INFO", "message": "HTTP Request: POST http://localhost:8001/api/v1/users/refresh \"HTTP/1.1 403 Forbidden\"", "url": null, "method": null, "process_time": null, "taskName": "starlette.middleware.base.BaseHTTPMiddleware.__call__.<locals>.call_next.<locals>.coro"}
{"asctime": "2026-03-03 21:36:31,713", "levelname": "INFO", "message": "", "url": "/api/v1/users/refresh", "method": "POST", "process_time": 1.0462512969970703, "taskName": "Task-48"}
{"asctime": "2026-03-03 21:36:39,891", "levelname": "INFO", "message": "HTTP Request: POST http://localhost:8001/api/v1/users/login \"HTTP/1.1 500 Internal Server Error\"", "url": null, "method": null, "process_time": null, "taskName": "starlette.middleware.base.BaseHTTPMiddleware.__call__.<locals>.call_next.<locals>.coro"}
{"asctime": "2026-03-03 21:36:39,893", "levelname": "INFO", "message": "", "url": "/api/v1/users/login", "method": "POST", "process_time": 1.2696776390075684, "taskName": "Task-56"}
{"asctime": "2026-03-03 21:37:02,657", "levelname": "INFO", "message": "HTTP Request: POST http://localhost:8001/api/v1/users/login \"HTTP/1.1 500 Internal Server Error\"", "url": null, "method": null, "process_time": null, "taskName": "starlette.middleware.base.BaseHTTPMiddleware.__call__.<locals>.call_next.<locals>.coro"}
{"asctime": "2026-03-03 21:37:02,668", "levelname": "INFO", "message": "", "url": "/api/v1/users/login", "method": "POST", "process_time": 1.5489864349365234, "taskName": "Task-64"}
{"asctime": "2026-03-03 21:39:06,925", "levelname": "INFO", "message": "HTTP Request: POST http://localhost:8001/api/v1/users/login \"HTTP/1.1 200 OK\"", "url": null, "method": null, "process_time": null, "taskName": "starlette.middleware.base.BaseHTTPMiddleware.__call__.<locals>.call_next.<locals>.coro"}
{"asctime": "2026-03-03 21:39:06,936", "levelname": "INFO", "message": "", "url": "/api/v1/users/login", "method": "POST", "process_time": 1.5467686653137207, "taskName": "Task-76"}
{"asctime": "2026-03-03 21:39:09,340", "levelname": "INFO", "message": "HTTP Request: POST http://localhost:8001/api/v1/users/refresh \"HTTP/1.1 403 Forbidden\"", "url": null, "method": null, "process_time": null, "taskName": "starlette.middleware.base.BaseHTTPMiddleware.__call__.<locals>.call_next.<locals>.coro"}
{"asctime": "2026-03-03 21:39:09,342", "levelname": "INFO", "message": "", "url": "/api/v1/users/refresh", "method": "POST", "process_time": 1.4443795680999756, "taskName": "Task-88"}
{"asctime": "2026-03-03 21:54:57,094", "levelname": "INFO", "message": "HTTP Request: POST http://localhost:8001/api/v1/users/login \"HTTP/1.1 200 OK\"", "url": null, "method": null, "process_time": null, "taskName": "starlette.middleware.base.BaseHTTPMiddleware.__call__.<locals>.call_next.<locals>.coro"}
{"asctime": "2026-03-03 21:54:57,103", "levelname": "INFO", "message": "", "url": "/api/v1/users/login", "method": "POST", "process_time": 2.066882371902466, "taskName": "Task-99"}
{"asctime": "2026-03-03 21:54:58,492", "levelname": "INFO", "message": "HTTP Request: POST http://localhost:8001/api/v1/users/refresh \"HTTP/1.1 403 Forbidden\"", "url": null, "method": null, "process_time": null, "taskName": "starlette.middleware.base.BaseHTTPMiddleware.__call__.<locals>.call_next.<locals>.coro"}
{"asctime": "2026-03-03 21:54:58,497", "levelname": "INFO", "message": "", "url": "/api/v1/users/refresh", "method": "POST", "process_time": 1.2417042255401611, "taskName": "Task-111"}
{"asctime": "2026-03-03 22:01:34,272", "levelname": "INFO", "message": "HTTP Request: POST http://localhost:8001/api/v1/users/login \"HTTP/1.1 200 OK\"", "url": null, "method": null, "process_time": null, "taskName": "starlette.middleware.base.BaseHTTPMiddleware.__call__.<locals>.call_next.<locals>.coro"}
{"asctime": "2026-03-03 22:01:34,284", "levelname": "INFO", "message": "", "url": "/api/v1/users/login", "method": "POST", "process_time": 1.9484057426452637, "taskName": "Task-119"}
{"asctime": "2026-03-03 22:01:35,826", "levelname": "INFO", "message": "HTTP Request: POST http://localhost:8001/api/v1/users/refresh \"HTTP/1.1 403 Forbidden\"", "url": null, "method": null, "process_time": null, "taskName": "starlette.middleware.base.BaseHTTPMiddleware.__call__.<locals>.call_next.<locals>.coro"}
{"asctime": "2026-03-03 22:01:35,828", "levelname": "INFO", "message": "", "url": "/api/v1/users/refresh", "method": "POST", "process_time": 1.4086205959320068, "taskName": "Task-131"}
{"asctime": "2026-03-03 22:03:09,368", "levelname": "INFO", "message": "HTTP Request: POST http://localhost:8001/api/v1/users/refresh \"HTTP/1.1 403 Forbidden\"", "url": null, "method": null, "process_time": null, "taskName": "starlette.middleware.base.BaseHTTPMiddleware.__call__.<locals>.call_next.<locals>.coro"}
{"asctime": "2026-03-03 22:03:09,371", "levelname": "INFO", "message": "", "url": "/api/v1/users/refresh", "method": "POST", "process_time": 1.092264175415039, "taskName": "Task-140"}
{"asctime": "2026-03-03 22:03:19,806", "levelname": "INFO", "message": "HTTP Request: POST http://localhost:8001/api/v1/users/login \"HTTP/1.1 200 OK\"", "url": null, "method": null, "process_time": null, "taskName": "starlette.middleware.base.BaseHTTPMiddleware.__call__.<locals>.call_next.<locals>.coro"}
{"asctime": "2026-03-03 22:03:19,809", "levelname": "INFO", "message": "", "url": "/api/v1/users/login", "method": "POST", "process_time": 1.5555970668792725, "taskName": "Task-148"}
{"asctime": "2026-03-03 22:03:21,372", "levelname": "INFO", "message": "HTTP Request: POST http://localhost:8001/api/v1/users/refresh \"HTTP/1.1 403 Forbidden\"", "url": null, "method": null, "process_time": null, "taskName": "starlette.middleware.base.BaseHTTPMiddleware.__call__.<locals>.call_next.<locals>.coro"}
{"asctime": "2026-03-03 22:03:21,373", "levelname": "INFO", "message": "", "url": "/api/v1/users/refresh", "method": "POST", "process_time": 1.4074389934539795, "taskName": "Task-159"}
{"asctime": "2026-03-03 22:10:02,851", "levelname": "INFO", "message": "HTTP Request: POST http://localhost:8001/api/v1/users/refresh \"HTTP/1.1 403 Forbidden\"", "url": null, "method": null, "process_time": null, "taskName": "starlette.middleware.base.BaseHTTPMiddleware.__call__.<locals>.call_next.<locals>.coro"}
{"asctime": "2026-03-03 22:10:02,853", "levelname": "INFO", "message": "", "url": "/api/v1/users/refresh", "method": "POST", "process_time": 0.6168441772460938, "taskName": "Task-169"}
{"asctime": "2026-03-03 22:10:05,312", "levelname": "INFO", "message": "HTTP Request: POST http://localhost:8001/api/v1/users/refresh \"HTTP/1.1 403 Forbidden\"", "url": null, "method": null, "process_time": null, "taskName": "starlette.middleware.base.BaseHTTPMiddleware.__call__.<locals>.call_next.<locals>.coro"}
{"asctime": "2026-03-03 22:10:05,313", "levelname": "INFO", "message": "", "url": "/api/v1/users/refresh", "method": "POST", "process_time": 0.5601260662078857, "taskName": "Task-178"}
{"asctime": "2026-03-03 22:10:15,894", "levelname": "INFO", "message": "HTTP Request: POST http://localhost:8001/api/v1/users/refresh \"HTTP/1.1 403 Forbidden\"", "url": null, "method": null, "process_time": null, "taskName": "starlette.middleware.base.BaseHTTPMiddleware.__call__.<locals>.call_next.<locals>.coro"}
{"asctime": "2026-03-03 22:10:15,896", "levelname": "INFO", "message": "", "url": "/api/v1/users/refresh", "method": "POST", "process_time": 1.0513043403625488, "taskName": "Task-187"}
{"asctime": "2026-03-03 22:10:24,697", "levelname": "INFO", "message": "HTTP Request: POST http://localhost:8001/api/v1/users/login \"HTTP/1.1 200 OK\"", "url": null, "method": null, "process_time": null, "taskName": "starlette.middleware.base.BaseHTTPMiddleware.__call__.<locals>.call_next.<locals>.coro"}
{"asctime": "2026-03-03 22:10:24,700", "levelname": "INFO", "message": "", "url": "/api/v1/users/login", "method": "POST", "process_time": 1.3736555576324463, "taskName": "Task-197"}
{"asctime": "2026-03-03 22:10:26,195", "levelname": "INFO", "message": "HTTP Request: POST http://localhost:8001/api/v1/users/refresh \"HTTP/1.1 403 Forbidden\"", "url": null, "method": null, "process_time": null, "taskName": "starlette.middleware.base.BaseHTTPMiddleware.__call__.<locals>.call_next.<locals>.coro"}
{"asctime": "2026-03-03 22:10:26,197", "levelname": "INFO", "message": "", "url": "/api/v1/users/refresh", "method": "POST", "process_time": 1.318185806274414, "taskName": "Task-213"}
{"asctime": "2026-03-03 22:16:33,601", "levelname": "INFO", "message": "HTTP Request: POST http://localhost:8001/api/v1/users/login \"HTTP/1.1 200 OK\"", "url": null, "method": null, "process_time": null, "taskName": "starlette.middleware.base.BaseHTTPMiddleware.__call__.<locals>.call_next.<locals>.coro"}
{"asctime": "2026-03-03 22:16:33,612", "levelname": "INFO", "message": "", "url": "/api/v1/users/login", "method": "POST", "process_time": 1.5341243743896484, "taskName": "Task-226"}
{"asctime": "2026-03-03 22:16:35,080", "levelname": "INFO", "message": "HTTP Request: POST http://localhost:8001/api/v1/users/refresh \"HTTP/1.1 403 Forbidden\"", "url": null, "method": null, "process_time": null, "taskName": "starlette.middleware.base.BaseHTTPMiddleware.__call__.<locals>.call_next.<locals>.coro"}
{"asctime": "2026-03-03 22:16:35,083", "levelname": "INFO", "message": "", "url": "/api/v1/users/refresh", "method": "POST", "process_time": 1.356691598892212, "taskName": "Task-238"}
{"asctime": "2026-03-03 22:25:18,046", "levelname": "INFO", "message": "HTTP Request: POST http://localhost:8001/api/v1/users/refresh \"HTTP/1.1 403 Forbidden\"", "url": null, "method": null, "process_time": null, "taskName": "starlette.middleware.base.BaseHTTPMiddleware.__call__.<locals>.call_next.<locals>.coro"}
{"asctime": "2026-03-03 22:25:18,050", "levelname": "INFO", "message": "", "url": "/api/v1/users/refresh", "method": "POST", "process_time": 0.6790013313293457, "taskName": "Task-249"}
{"asctime": "2026-03-03 22:25:22,053", "levelname": "INFO", "message": "HTTP Request: POST http://localhost:8001/api/v1/users/refresh \"HTTP/1.1 403 Forbidden\"", "url": null, "method": null, "process_time": null, "taskName": "starlette.middleware.base.BaseHTTPMiddleware.__call__.<locals>.call_next.<locals>.coro"}
{"asctime": "2026-03-03 22:25:22,054", "levelname": "INFO", "message": "", "url": "/api/v1/users/refresh", "method": "POST", "process_time": 1.25956392288208, "taskName": "Task-258"}
{"asctime": "2026-03-03 22:25:23,563", "levelname": "INFO", "message": "HTTP Request: POST http://localhost:8001/api/v1/users/refresh \"HTTP/1.1 403 Forbidden\"", "url": null, "method": null, "process_time": null, "taskName": "starlette.middleware.base.BaseHTTPMiddleware.__call__.<locals>.call_next.<locals>.coro"}
{"asctime": "2026-03-03 22:25:23,566", "levelname": "INFO", "message": "", "url": "/api/v1/users/refresh", "method": "POST", "process_time": 0.6493453979492188, "taskName": "Task-266"}
{"asctime": "2026-03-03 22:25:27,963", "levelname": "INFO", "message": "HTTP Request: POST http://localhost:8001/api/v1/users/refresh \"HTTP/1.1 403 Forbidden\"", "url": null, "method": null, "process_time": null, "taskName": "starlette.middleware.base.BaseHTTPMiddleware.__call__.<locals>.call_next.<locals>.coro"}
{"asctime": "2026-03-03 22:25:27,964", "levelname": "INFO", "message": "", "url": "/api/v1/users/refresh", "method": "POST", "process_time": 0.7441327571868896, "taskName": "Task-274"}
{"asctime": "2026-03-03 22:25:31,496", "levelname": "INFO", "message": "HTTP Request: POST http://localhost:8001/api/v1/users/refresh \"HTTP/1.1 403 Forbidden\"", "url": null, "method": null, "process_time": null, "taskName": "starlette.middleware.base.BaseHTTPMiddleware.__call__.<locals>.call_next.<locals>.coro"}
{"asctime": "2026-03-03 22:25:31,497", "levelname": "INFO", "message": "", "url": "/api/v1/users/refresh", "method": "POST", "process_time": 0.7416629791259766, "taskName": "Task-282"}
{"asctime": "2026-03-03 22:25:35,294", "levelname": "INFO", "message": "HTTP Request: POST http://localhost:8001/api/v1/users/refresh \"HTTP/1.1 403 Forbidden\"", "url": null, "method": null, "process_time": null, "taskName": "starlette.middleware.base.BaseHTTPMiddleware.__call__.<locals>.call_next.<locals>.coro"}
{"asctime": "2026-03-03 22:25:35,296", "levelname": "INFO", "message": "", "url": "/api/v1/users/refresh", "method": "POST", "process_time": 0.6332848072052002, "taskName": "Task-290"}
{"asctime": "2026-03-03 22:25:38,470", "levelname": "INFO", "message": "HTTP Request: POST http://localhost:8001/api/v1/users/refresh \"HTTP/1.1 403 Forbidden\"", "url": null, "method": null, "process_time": null, "taskName": "starlette.middleware.base.BaseHTTPMiddleware.__call__.<locals>.call_next.<locals>.coro"}
{"asctime": "2026-03-03 22:25:38,472", "levelname": "INFO", "message": "", "url": "/api/v1/users/refresh", "method": "POST", "process_time": 0.6534745693206787, "taskName": "Task-298"}
{"asctime": "2026-03-03 22:25:44,459", "levelname": "INFO", "message": "HTTP Request: POST http://localhost:8001/api/v1/users/refresh \"HTTP/1.1 403 Forbidden\"", "url": null, "method": null, "process_time": null, "taskName": "starlette.middleware.base.BaseHTTPMiddleware.__call__.<locals>.call_next.<locals>.coro"}
{"asctime": "2026-03-03 22:25:44,461", "levelname": "INFO", "message": "", "url": "/api/v1/users/refresh", "method": "POST", "process_time": 0.6786000728607178, "taskName": "Task-306"}
{"asctime": "2026-03-03 22:25:50,612", "levelname": "INFO", "message": "HTTP Request: POST http://localhost:8001/api/v1/users/refresh \"HTTP/1.1 403 Forbidden\"", "url": null, "method": null, "process_time": null, "taskName": "starlette.middleware.base.BaseHTTPMiddleware.__call__.<locals>.call_next.<locals>.coro"}
{"asctime": "2026-03-03 22:25:50,614", "levelname": "INFO", "message": "", "url": "/api/v1/users/refresh", "method": "POST", "process_time": 0.6420509815216064, "taskName": "Task-315"}
{"asctime": "2026-03-03 22:25:57,417", "levelname": "INFO", "message": "HTTP Request: POST http://localhost:8001/api/v1/users/refresh \"HTTP/1.1 403 Forbidden\"", "url": null, "method": null, "process_time": null, "taskName": "starlette.middleware.base.BaseHTTPMiddleware.__call__.<locals>.call_next.<locals>.coro"}
{"asctime": "2026-03-03 22:25:57,418", "levelname": "INFO", "message": "", "url": "/api/v1/users/refresh", "method": "POST", "process_time": 0.6513614654541016, "taskName": "Task-324"}
{"asctime": "2026-03-03 22:26:01,395", "levelname": "INFO", "message": "HTTP Request: POST http://localhost:8001/api/v1/users/refresh \"HTTP/1.1 403 Forbidden\"", "url": null, "method": null, "process_time": null, "taskName": "starlette.middleware.base.BaseHTTPMiddleware.__call__.<locals>.call_next.<locals>.coro"}
{"asctime": "2026-03-03 22:26:01,396", "levelname": "INFO", "message": "", "url": "/api/v1/users/refresh", "method": "POST", "process_time": 0.608834981918335, "taskName": "Task-332"}
{"asctime": "2026-03-03 22:26:05,393", "levelname": "INFO", "message": "HTTP Request: POST http://localhost:8001/api/v1/users/refresh \"HTTP/1.1 403 Forbidden\"", "url": null, "method": null, "process_time": null, "taskName": "starlette.middleware.base.BaseHTTPMiddleware.__call__.<locals>.call_next.<locals>.coro"}
{"asctime": "2026-03-03 22:26:05,396", "levelname": "INFO", "message": "", "url": "/api/v1/users/refresh", "method": "POST", "process_time": 0.6065332889556885, "taskName": "Task-340"}
{"asctime": "2026-03-03 22:26:11,710", "levelname": "INFO", "message": "HTTP Request: POST http://localhost:8001/api/v1/users/refresh \"HTTP/1.1 403 Forbidden\"", "url": null, "method": null, "process_time": null, "taskName": "starlette.middleware.base.BaseHTTPMiddleware.__call__.<locals>.call_next.<locals>.coro"}
{"asctime": "2026-03-03 22:26:11,711", "levelname": "INFO", "message": "", "url": "/api/v1/users/refresh", "method": "POST", "process_time": 0.5900847911834717, "taskName": "Task-349"}
{"asctime": "2026-03-03 22:26:14,416", "levelname": "INFO", "message": "HTTP Request: POST http://localhost:8001/api/v1/users/refresh \"HTTP/1.1 403 Forbidden\"", "url": null, "method": null, "process_time": null, "taskName": "starlette.middleware.base.BaseHTTPMiddleware.__call__.<locals>.call_next.<locals>.coro"}
{"asctime": "2026-03-03 22:26:14,416", "levelname": "INFO", "message": "", "url": "/api/v1/users/refresh", "method": "POST", "process_time": 0.6149032115936279, "taskName": "Task-358"}
{"asctime": "2026-03-03 22:26:18,393", "levelname": "INFO", "message": "HTTP Request: POST http://localhost:8001/api/v1/users/refresh \"HTTP/1.1 403 Forbidden\"", "url": null, "method": null, "process_time": null, "taskName": "starlette.middleware.base.BaseHTTPMiddleware.__call__.<locals>.call_next.<locals>.coro"}
{"asctime": "2026-03-03 22:26:18,396", "levelname": "INFO", "message": "", "url": "/api/v1/users/refresh", "method": "POST", "process_time": 0.6157052516937256, "taskName": "Task-366"}
{"asctime": "2026-03-03 22:26:24,598", "levelname": "INFO", "message": "HTTP Request: POST http://localhost:8001/api/v1/users/refresh \"HTTP/1.1 403 Forbidden\"", "url": null, "method": null, "process_time": null, "taskName": "starlette.middleware.base.BaseHTTPMiddleware.__call__.<locals>.call_next.<locals>.coro"}
{"asctime": "2026-03-03 22:26:24,599", "levelname": "INFO", "message": "", "url": "/api/v1/users/refresh", "method": "POST", "process_time": 0.7131965160369873, "taskName": "Task-374"}
{"asctime": "2026-03-03 22:26:28,284", "levelname": "INFO", "message": "HTTP Request: POST http://localhost:8001/api/v1/users/refresh \"HTTP/1.1 403 Forbidden\"", "url": null, "method": null, "process_time": null, "taskName": "starlette.middleware.base.BaseHTTPMiddleware.__call__.<locals>.call_next.<locals>.coro"}
{"asctime": "2026-03-03 22:26:28,284", "levelname": "INFO", "message": "", "url": "/api/v1/users/refresh", "method": "POST", "process_time": 0.549588680267334, "taskName": "Task-382"}
{"asctime": "2026-03-03 22:26:34,754", "levelname": "INFO", "message": "HTTP Request: POST http://localhost:8001/api/v1/users/refresh \"HTTP/1.1 403 Forbidden\"", "url": null, "method": null, "process_time": null, "taskName": "starlette.middleware.base.BaseHTTPMiddleware.__call__.<locals>.call_next.<locals>.coro"}
{"asctime": "2026-03-03 22:26:34,757", "levelname": "INFO", "message": "", "url": "/api/v1/users/refresh", "method": "POST", "process_time": 0.6407301425933838, "taskName": "Task-391"}
{"asctime": "2026-03-03 22:26:39,293", "levelname": "INFO", "message": "HTTP Request: POST http://localhost:8001/api/v1/users/refresh \"HTTP/1.1 403 Forbidden\"", "url": null, "method": null, "process_time": null, "taskName": "starlette.middleware.base.BaseHTTPMiddleware.__call__.<locals>.call_next.<locals>.coro"}
{"asctime": "2026-03-03 22:26:39,295", "levelname": "INFO", "message": "", "url": "/api/v1/users/refresh", "method": "POST", "process_time": 0.5601356029510498, "taskName": "Task-400"}
{"asctime": "2026-03-03 22:32:49,287", "levelname": "INFO", "message": "HTTP Request: POST http://localhost:8001/api/v1/users/refresh \"HTTP/1.1 403 Forbidden\"", "url": null, "method": null, "process_time": null, "taskName": "starlette.middleware.base.BaseHTTPMiddleware.__call__.<locals>.call_next.<locals>.coro"}
{"asctime": "2026-03-03 22:32:49,290", "levelname": "INFO", "message": "", "url": "/api/v1/users/refresh", "method": "POST", "process_time": 1.3030614852905273, "taskName": "Task-409"}
{"asctime": "2026-03-03 22:32:58,551", "levelname": "INFO", "message": "HTTP Request: POST http://localhost:8001/api/v1/users/login \"HTTP/1.1 200 OK\"", "url": null, "method": null, "process_time": null, "taskName": "starlette.middleware.base.BaseHTTPMiddleware.__call__.<locals>.call_next.<locals>.coro"}
{"asctime": "2026-03-03 22:32:58,555", "levelname": "INFO", "message": "", "url": "/api/v1/users/login", "method": "POST", "process_time": 2.073009729385376, "taskName": "Task-419"}
{"asctime": "2026-03-03 22:33:00,208", "levelname": "INFO", "message": "HTTP Request: POST http://localhost:8001/api/v1/users/refresh \"HTTP/1.1 403 Forbidden\"", "url": null, "method": null, "process_time": null, "taskName": "starlette.middleware.base.BaseHTTPMiddleware.__call__.<locals>.call_next.<locals>.coro"}
{"asctime": "2026-03-03 22:33:00,212", "levelname": "INFO", "message": "", "url": "/api/v1/users/refresh", "method": "POST", "process_time": 1.4230458736419678, "taskName": "Task-435"}
{"asctime": "2026-03-03 22:37:27,971", "levelname": "INFO", "message": "HTTP Request: POST http://localhost:8001/api/v1/users/refresh \"HTTP/1.1 403 Forbidden\"", "url": null, "method": null, "process_time": null, "taskName": "starlette.middleware.base.BaseHTTPMiddleware.__call__.<locals>.call_next.<locals>.coro"}
{"asctime": "2026-03-03 22:37:27,986", "levelname": "INFO", "message": "", "url": "/api/v1/users/refresh", "method": "POST", "process_time": 1.3641867637634277, "taskName": "Task-450"}
{"asctime": "2026-03-03 22:37:44,362", "levelname": "INFO", "message": "HTTP Request: POST http://localhost:8001/api/v1/users/login \"HTTP/1.1 200 OK\"", "url": null, "method": null, "process_time": null, "taskName": "starlette.middleware.base.BaseHTTPMiddleware.__call__.<locals>.call_next.<locals>.coro"}
{"asctime": "2026-03-03 22:37:44,369", "levelname": "INFO", "message": "", "url": "/api/v1/users/login", "method": "POST", "process_time": 1.4831697940826416, "taskName": "Task-458"}
{"asctime": "2026-03-03 22:37:46,052", "levelname": "INFO", "message": "HTTP Request: POST http://localhost:8001/api/v1/users/refresh \"HTTP/1.1 500 Internal Server Error\"", "url": null, "method": null, "process_time": null, "taskName": "starlette.middleware.base.BaseHTTPMiddleware.__call__.<locals>.call_next.<locals>.coro"}
{"asctime": "2026-03-03 22:37:46,055", "levelname": "INFO", "message": "", "url": "/api/v1/users/refresh", "method": "POST", "process_time": 1.4935033321380615, "taskName": "Task-469"}
{"asctime": "2026-03-03 22:38:20,019", "levelname": "INFO", "message": "HTTP Request: POST http://localhost:8001/api/v1/users/login \"HTTP/1.1 200 OK\"", "url": null, "method": null, "process_time": null, "taskName": "starlette.middleware.base.BaseHTTPMiddleware.__call__.<locals>.call_next.<locals>.coro"}
{"asctime": "2026-03-03 22:38:20,029", "levelname": "INFO", "message": "", "url": "/api/v1/users/login", "method": "POST", "process_time": 1.4851934909820557, "taskName": "Task-479"}
{"asctime": "2026-03-03 22:38:21,615", "levelname": "INFO", "message": "HTTP Request: POST http://localhost:8001/api/v1/users/refresh \"HTTP/1.1 403 Forbidden\"", "url": null, "method": null, "process_time": null, "taskName": "starlette.middleware.base.BaseHTTPMiddleware.__call__.<locals>.call_next.<locals>.coro"}
{"asctime": "2026-03-03 22:38:21,619", "levelname": "INFO", "message": "", "url": "/api/v1/users/refresh", "method": "POST", "process_time": 1.4582929611206055, "taskName": "Task-490"}
{"asctime": "2026-03-03 23:22:40,312", "levelname": "INFO", "message": "HTTP Request: GET http://localhost:8001/api/v1/users/auth/me \"HTTP/1.1 401 Unauthorized\"", "url": null, "method": null, "process_time": null, "taskName": "starlette.middleware.base.BaseHTTPMiddleware.__call__.<locals>.call_next.<locals>.coro"}
{"asctime": "2026-03-03 23:22:40,315", "levelname": "INFO", "message": "", "url": "/api/v1/users/auth/me", "method": "GET", "process_time": 0.7583005428314209, "taskName": "Task-4"}
{"asctime": "2026-03-03 23:22:43,414", "levelname": "INFO", "message": "HTTP Request: GET http://localhost:8001/api/v1/users/auth/me \"HTTP/1.1 401 Unauthorized\"", "url": null, "method": null, "process_time": null, "taskName": "starlette.middleware.base.BaseHTTPMiddleware.__call__.<locals>.call_next.<locals>.coro"}
{"asctime": "2026-03-03 23:22:43,415", "levelname": "INFO", "message": "HTTP Request: POST http://localhost:8001/api/v1/users/refresh \"HTTP/1.1 403 Forbidden\"", "url": null, "method": null, "process_time": null, "taskName": "starlette.middleware.base.BaseHTTPMiddleware.__call__.<locals>.call_next.<locals>.coro"}
{"asctime": "2026-03-03 23:22:43,416", "levelname": "INFO", "message": "", "url": "/api/v1/users/auth/me", "method": "GET", "process_time": 1.7307660579681396, "taskName": "Task-19"}
{"asctime": "2026-03-03 23:22:43,419", "levelname": "INFO", "message": "", "url": "/api/v1/users/refresh", "method": "POST", "process_time": 3.087648391723633, "taskName": "Task-12"}
{"asctime": "2026-03-03 23:22:44,073", "levelname": "INFO", "message": "HTTP Request: POST http://localhost:8001/api/v1/users/refresh \"HTTP/1.1 403 Forbidden\"", "url": null, "method": null, "process_time": null, "taskName": "starlette.middleware.base.BaseHTTPMiddleware.__call__.<locals>.call_next.<locals>.coro"}
{"asctime": "2026-03-03 23:22:44,074", "levelname": "INFO", "message": "", "url": "/api/v1/users/refresh", "method": "POST", "process_time": 0.646345853805542, "taskName": "Task-26"}
{"asctime": "2026-03-03 23:22:46,211", "levelname": "INFO", "message": "HTTP Request: GET http://localhost:8001/api/v1/users/auth/me \"HTTP/1.1 401 Unauthorized\"", "url": null, "method": null, "process_time": null, "taskName": "starlette.middleware.base.BaseHTTPMiddleware.__call__.<locals>.call_next.<locals>.coro"}
{"asctime": "2026-03-03 23:22:46,211", "levelname": "INFO", "message": "", "url": "/api/v1/users/auth/me", "method": "GET", "process_time": 0.5692102909088135, "taskName": "Task-33"}
{"asctime": "2026-03-03 23:22:46,758", "levelname": "INFO", "message": "HTTP Request: POST http://localhost:8001/api/v1/users/refresh \"HTTP/1.1 403 Forbidden\"", "url": null, "method": null, "process_time": null, "taskName": "starlette.middleware.base.BaseHTTPMiddleware.__call__.<locals>.call_next.<locals>.coro"}
{"asctime": "2026-03-03 23:22:46,758", "levelname": "INFO", "message": "", "url": "/api/v1/users/refresh", "method": "POST", "process_time": 0.5391268730163574, "taskName": "Task-40"}
{"asctime": "2026-03-03 23:22:49,393", "levelname": "INFO", "message": "HTTP Request: GET http://localhost:8001/api/v1/users/auth/me \"HTTP/1.1 401 Unauthorized\"", "url": null, "method": null, "process_time": null, "taskName": "starlette.middleware.base.BaseHTTPMiddleware.__call__.<locals>.call_next.<locals>.coro"}
{"asctime": "2026-03-03 23:22:49,396", "levelname": "INFO", "message": "", "url": "/api/v1/users/auth/me", "method": "GET", "process_time": 0.6321237087249756, "taskName": "Task-47"}
{"asctime": "2026-03-03 23:22:50,147", "levelname": "INFO", "message": "HTTP Request: POST http://localhost:8001/api/v1/users/refresh \"HTTP/1.1 403 Forbidden\"", "url": null, "method": null, "process_time": null, "taskName": "starlette.middleware.base.BaseHTTPMiddleware.__call__.<locals>.call_next.<locals>.coro"}
{"asctime": "2026-03-03 23:22:50,151", "levelname": "INFO", "message": "", "url": "/api/v1/users/refresh", "method": "POST", "process_time": 0.7171604633331299, "taskName": "Task-54"}
{"asctime": "2026-03-03 23:22:53,222", "levelname": "INFO", "message": "HTTP Request: GET http://localhost:8001/api/v1/users/auth/me \"HTTP/1.1 401 Unauthorized\"", "url": null, "method": null, "process_time": null, "taskName": "starlette.middleware.base.BaseHTTPMiddleware.__call__.<locals>.call_next.<locals>.coro"}
{"asctime": "2026-03-03 23:22:53,224", "levelname": "INFO", "message": "", "url": "/api/v1/users/auth/me", "method": "GET", "process_time": 0.6166553497314453, "taskName": "Task-61"}
{"asctime": "2026-03-03 23:22:53,783", "levelname": "INFO", "message": "HTTP Request: POST http://localhost:8001/api/v1/users/refresh \"HTTP/1.1 403 Forbidden\"", "url": null, "method": null, "process_time": null, "taskName": "starlette.middleware.base.BaseHTTPMiddleware.__call__.<locals>.call_next.<locals>.coro"}
{"asctime": "2026-03-03 23:22:53,785", "levelname": "INFO", "message": "", "url": "/api/v1/users/refresh", "method": "POST", "process_time": 0.5453193187713623, "taskName": "Task-68"}
{"asctime": "2026-03-03 23:22:56,215", "levelname": "INFO", "message": "HTTP Request: GET http://localhost:8001/api/v1/users/auth/me \"HTTP/1.1 401 Unauthorized\"", "url": null, "method": null, "process_time": null, "taskName": "starlette.middleware.base.BaseHTTPMiddleware.__call__.<locals>.call_next.<locals>.coro"}
{"asctime": "2026-03-03 23:22:56,215", "levelname": "INFO", "message": "", "url": "/api/v1/users/auth/me", "method": "GET", "process_time": 0.5683834552764893, "taskName": "Task-75"}
{"asctime": "2026-03-03 23:22:56,795", "levelname": "INFO", "message": "HTTP Request: POST http://localhost:8001/api/v1/users/refresh \"HTTP/1.1 403 Forbidden\"", "url": null, "method": null, "process_time": null, "taskName": "starlette.middleware.base.BaseHTTPMiddleware.__call__.<locals>.call_next.<locals>.coro"}
{"asctime": "2026-03-03 23:22:56,796", "levelname": "INFO", "message": "", "url": "/api/v1/users/refresh", "method": "POST", "process_time": 0.5672256946563721, "taskName": "Task-82"}
{"asctime": "2026-03-03 23:23:01,241", "levelname": "INFO", "message": "HTTP Request: GET http://localhost:8001/api/v1/users/auth/me \"HTTP/1.1 401 Unauthorized\"", "url": null, "method": null, "process_time": null, "taskName": "starlette.middleware.base.BaseHTTPMiddleware.__call__.<locals>.call_next.<locals>.coro"}
{"asctime": "2026-03-03 23:23:01,242", "levelname": "INFO", "message": "", "url": "/api/v1/users/auth/me", "method": "GET", "process_time": 0.593336820602417, "taskName": "Task-89"}
{"asctime": "2026-03-03 23:23:01,811", "levelname": "INFO", "message": "HTTP Request: POST http://localhost:8001/api/v1/users/refresh \"HTTP/1.1 403 Forbidden\"", "url": null, "method": null, "process_time": null, "taskName": "starlette.middleware.base.BaseHTTPMiddleware.__call__.<locals>.call_next.<locals>.coro"}
{"asctime": "2026-03-03 23:23:01,864", "levelname": "INFO", "message": "", "url": "/api/v1/users/refresh", "method": "POST", "process_time": 0.6165823936462402, "taskName": "Task-96"}
{"asctime": "2026-03-03 23:24:46,589", "levelname": "INFO", "message": "HTTP Request: POST http://localhost:8001/api/v1/users/refresh \"HTTP/1.1 403 Forbidden\"", "url": null, "method": null, "process_time": null, "taskName": "starlette.middleware.base.BaseHTTPMiddleware.__call__.<locals>.call_next.<locals>.coro"}
{"asctime": "2026-03-03 23:24:46,591", "levelname": "INFO", "message": "", "url": "/api/v1/users/refresh", "method": "POST", "process_time": 0.5859289169311523, "taskName": "Task-104"}
{"asctime": "2026-03-03 23:25:04,191", "levelname": "INFO", "message": "HTTP Request: POST http://localhost:8001/api/v1/users/refresh \"HTTP/1.1 403 Forbidden\"", "url": null, "method": null, "process_time": null, "taskName": "starlette.middleware.base.BaseHTTPMiddleware.__call__.<locals>.call_next.<locals>.coro"}
{"asctime": "2026-03-03 23:25:04,193", "levelname": "INFO", "message": "", "url": "/api/v1/users/refresh", "method": "POST", "process_time": 0.6107454299926758, "taskName": "Task-112"}
{"asctime": "2026-03-03 23:25:05,458", "levelname": "INFO", "message": "HTTP Request: POST http://localhost:8001/api/v1/users/refresh \"HTTP/1.1 403 Forbidden\"", "url": null, "method": null, "process_time": null, "taskName": "starlette.middleware.base.BaseHTTPMiddleware.__call__.<locals>.call_next.<locals>.coro"}
{"asctime": "2026-03-03 23:25:05,461", "levelname": "INFO", "message": "", "url": "/api/v1/users/refresh", "method": "POST", "process_time": 0.6167747974395752, "taskName": "Task-120"}
{"asctime": "2026-03-03 23:25:15,294", "levelname": "INFO", "message": "HTTP Request: POST http://localhost:8001/api/v1/users/refresh \"HTTP/1.1 403 Forbidden\"", "url": null, "method": null, "process_time": null, "taskName": "starlette.middleware.base.BaseHTTPMiddleware.__call__.<locals>.call_next.<locals>.coro"}
{"asctime": "2026-03-03 23:25:15,296", "levelname": "INFO", "message": "", "url": "/api/v1/users/refresh", "method": "POST", "process_time": 0.7181856632232666, "taskName": "Task-128"}
{"asctime": "2026-03-03 23:25:16,424", "levelname": "INFO", "message": "HTTP Request: POST http://localhost:8001/api/v1/users/refresh \"HTTP/1.1 403 Forbidden\"", "url": null, "method": null, "process_time": null, "taskName": "starlette.middleware.base.BaseHTTPMiddleware.__call__.<locals>.call_next.<locals>.coro"}
{"asctime": "2026-03-03 23:25:16,425", "levelname": "INFO", "message": "", "url": "/api/v1/users/refresh", "method": "POST", "process_time": 0.5638129711151123, "taskName": "Task-136"}
{"asctime": "2026-03-03 23:26:41,782", "levelname": "INFO", "message": "HTTP Request: POST http://localhost:8001/api/v1/users/refresh \"HTTP/1.1 403 Forbidden\"", "url": null, "method": null, "process_time": null, "taskName": "starlette.middleware.base.BaseHTTPMiddleware.__call__.<locals>.call_next.<locals>.coro"}
{"asctime": "2026-03-03 23:26:41,783", "levelname": "INFO", "message": "", "url": "/api/v1/users/refresh", "method": "POST", "process_time": 0.6892695426940918, "taskName": "Task-145"}
{"asctime": "2026-03-03 23:28:07,228", "levelname": "INFO", "message": "HTTP Request: POST http://localhost:8001/api/v1/users/refresh \"HTTP/1.1 403 Forbidden\"", "url": null, "method": null, "process_time": null, "taskName": "starlette.middleware.base.BaseHTTPMiddleware.__call__.<locals>.call_next.<locals>.coro"}
{"asctime": "2026-03-03 23:28:07,232", "levelname": "INFO", "message": "", "url": "/api/v1/users/refresh", "method": "POST", "process_time": 1.0651240348815918, "taskName": "Task-4"}
{"asctime": "2026-03-03 23:28:18,694", "levelname": "INFO", "message": "HTTP Request: POST http://localhost:8001/api/v1/users/login \"HTTP/1.1 200 OK\"", "url": null, "method": null, "process_time": null, "taskName": "starlette.middleware.base.BaseHTTPMiddleware.__call__.<locals>.call_next.<locals>.coro"}
{"asctime": "2026-03-03 23:28:18,696", "levelname": "INFO", "message": "", "url": "/api/v1/users/login", "method": "POST", "process_time": 1.616910457611084, "taskName": "Task-14"}
{"asctime": "2026-03-03 23:28:23,111", "levelname": "INFO", "message": "HTTP Request: GET http://localhost:8002/api/v1/payment_intake_matching/matching/dashboard/summary \"HTTP/1.1 401 Unauthorized\"", "url": null, "method": null, "process_time": null, "taskName": "starlette.middleware.base.BaseHTTPMiddleware.__call__.<locals>.call_next.<locals>.coro"}
{"asctime": "2026-03-03 23:28:23,115", "levelname": "INFO", "message": "", "url": "/api/v1/payment_intake_matching/matching/dashboard/summary", "method": "GET", "process_time": 3.9500467777252197, "taskName": "Task-24"}
{"asctime": "2026-03-03 23:28:24,105", "levelname": "INFO", "message": "HTTP Request: GET http://localhost:8002/api/v1/payment_intake_matching/matching/dashboard/unmatched-invoices \"HTTP/1.1 401 Unauthorized\"", "url": null, "method": null, "process_time": null, "taskName": "starlette.middleware.base.BaseHTTPMiddleware.__call__.<locals>.call_next.<locals>.coro"}
{"asctime": "2026-03-03 23:28:24,107", "levelname": "INFO", "message": "HTTP Request: GET http://localhost:8002/api/v1/payment_intake_matching/matching/dashboard/recent?limit=10 \"HTTP/1.1 401 Unauthorized\"", "url": null, "method": null, "process_time": null, "taskName": "starlette.middleware.base.BaseHTTPMiddleware.__call__.<locals>.call_next.<locals>.coro"}
{"asctime": "2026-03-03 23:28:24,109", "levelname": "INFO", "message": "HTTP Request: GET http://localhost:8002/api/v1/payment_intake_matching/matching/dashboard/unmatched-payments \"HTTP/1.1 401 Unauthorized\"", "url": null, "method": null, "process_time": null, "taskName": "starlette.middleware.base.BaseHTTPMiddleware.__call__.<locals>.call_next.<locals>.coro"}
{"asctime": "2026-03-03 23:28:24,110", "levelname": "INFO", "message": "", "url": "/api/v1/payment_intake_matching/matching/dashboard/unmatched-invoices", "method": "GET", "process_time": 2.9311728477478027, "taskName": "Task-43"}
{"asctime": "2026-03-03 23:28:24,116", "levelname": "INFO", "message": "", "url": "/api/v1/payment_intake_matching/matching/dashboard/recent", "method": "GET", "process_time": 3.902921676635742, "taskName": "Task-34"}
{"asctime": "2026-03-03 23:28:24,124", "levelname": "INFO", "message": "", "url": "/api/v1/payment_intake_matching/matching/dashboard/unmatched-payments", "method": "GET", "process_time": 2.9455959796905518, "taskName": "Task-42"}
{"asctime": "2026-03-03 23:28:24,369", "levelname": "INFO", "message": "HTTP Request: POST http://localhost:8001/api/v1/users/refresh \"HTTP/1.1 403 Forbidden\"", "url": null, "method": null, "process_time": null, "taskName": "starlette.middleware.base.BaseHTTPMiddleware.__call__.<locals>.call_next.<locals>.coro"}
{"asctime": "2026-03-03 23:28:24,373", "levelname": "INFO", "message": "", "url": "/api/v1/users/refresh", "method": "POST", "process_time": 1.2298362255096436, "taskName": "Task-57"}
{"asctime": "2026-03-03 23:41:24,875", "levelname": "INFO", "message": "HTTP Request: POST http://localhost:8001/api/v1/users/refresh \"HTTP/1.1 403 Forbidden\"", "url": null, "method": null, "process_time": null, "taskName": "starlette.middleware.base.BaseHTTPMiddleware.__call__.<locals>.call_next.<locals>.coro"}
{"asctime": "2026-03-03 23:41:24,878", "levelname": "INFO", "message": "", "url": "/api/v1/users/refresh", "method": "POST", "process_time": 0.8872349262237549, "taskName": "Task-4"}
{"asctime": "2026-03-03 23:41:30,015", "levelname": "INFO", "message": "HTTP Request: POST http://localhost:8001/api/v1/users/refresh \"HTTP/1.1 403 Forbidden\"", "url": null, "method": null, "process_time": null, "taskName": "starlette.middleware.base.BaseHTTPMiddleware.__call__.<locals>.call_next.<locals>.coro"}
{"asctime": "2026-03-03 23:41:30,017", "levelname": "INFO", "message": "", "url": "/api/v1/users/refresh", "method": "POST", "process_time": 0.9194910526275635, "taskName": "Task-12"}
{"asctime": "2026-03-03 23:42:19,445", "levelname": "INFO", "message": "HTTP Request: POST http://localhost:8001/api/v1/users/refresh \"HTTP/1.1 403 Forbidden\"", "url": null, "method": null, "process_time": null, "taskName": "starlette.middleware.base.BaseHTTPMiddleware.__call__.<locals>.call_next.<locals>.coro"}
{"asctime": "2026-03-03 23:42:19,451", "levelname": "INFO", "message": "", "url": "/api/v1/users/refresh", "method": "POST", "process_time": 0.7096054553985596, "taskName": "Task-19"}
